symbol,tf,er,fast,slow,lb,t,ann_ret,n_bars,n_rt
BTC,1h,5,2,20,1,-2.9746700103230532,-6.42294462647186e-05,60270,6180
BTC,1h,5,2,20,3,-1.2724018119240932,-3.345960620237953e-05,60270,3656
BTC,1h,5,2,20,5,0.01756734368785711,-9.604405370455815e-06,60270,2972
BTC,1h,5,2,20,10,1.4600556389391623,1.6550751409827313e-05,60270,1915
BTC,1h,5,2,30,1,-2.7698209679836823,-6.034240162455795e-05,60270,5983
BTC,1h,5,2,30,3,-1.2374429402717297,-3.275850681327963e-05,60270,3583
BTC,1h,5,2,30,5,0.053753292078746975,-8.904062784087508e-06,60270,2927
BTC,1h,5,2,30,10,1.4019615498532383,1.5483076375000238e-05,60270,1890
BTC,1h,5,2,50,1,-2.5991385671933362,-5.704097049619161e-05,60270,5847
BTC,1h,5,2,50,3,-1.2479072791888062,-3.2902792043709717e-05,60270,3528
BTC,1h,5,2,50,5,-0.03834941670553087,-1.0517546931598787e-05,60270,2898
BTC,1h,5,2,50,10,1.3195584378543779,1.4000595589980236e-05,60270,1867
BTC,1h,5,3,20,1,-1.2635580871114631,-3.228533907373432e-05,60270,4342
BTC,1h,5,3,20,3,-0.39300656213311114,-1.6667250414603707e-05,60270,2682
BTC,1h,5,3,20,5,0.24145516762352304,-5.270745772500973e-06,60270,2167
BTC,1h,5,3,20,10,1.7732500247185201,2.214995033256173e-05,60270,1431
BTC,1h,5,3,30,1,-1.1349145264016842,-2.993174514964725e-05,60270,4150
BTC,1h,5,3,30,3,-0.32175377063844157,-1.535076829617399e-05,60270,2609
BTC,1h,5,3,30,5,0.23179168489310642,-5.417806663632341e-06,60270,2133
BTC,1h,5,3,30,10,1.4774005829024186,1.675995684413678e-05,60270,1404
BTC,1h,5,3,50,1,-1.196430139275269,-3.090998044619209e-05,60270,3983
BTC,1h,5,3,50,3,-0.4616205300457288,-1.784127537229896e-05,60270,2546
BTC,1h,5,3,50,5,0.18644853327835914,-6.236457774755344e-06,60270,2100
BTC,1h,5,3,50,10,1.4986015689181167,1.7135369076326512e-05,60270,1383
BTC,1h,10,2,20,1,-2.51165241835646,-5.5278580675222067e-05,60270,4750
BTC,1h,10,2,20,3,-1.5632540612204806,-3.7969805611770546e-05,60270,2783
BTC,1h,10,2,20,5,0.3093274612843524,-4.11747624629033e-06,60270,2123
BTC,1h,10,2,20,10,1.6175775692442966,1.9432123441021076e-05,60270,1528
BTC,1h,10,2,30,1,-2.3978634133239725,-5.295720012044036e-05,60270,4458
BTC,1h,10,2,30,3,-1.5201651675956287,-3.7034405117819524e-05,60270,2653
BTC,1h,10,2,30,5,0.27526670506195616,-4.722952052782503e-06,60270,2022
BTC,1h,10,2,30,10,1.5370630735247102,1.7985237132700505e-05,60270,1496
BTC,1h,10,2,50,1,-2.1994616084129484,-4.933753512159633e-05,60270,4247
BTC,1h,10,2,50,3,-1.3413397173770305,-3.369902643524103e-05,60270,2563
BTC,1h,10,2,50,5,0.2876500818135444,-4.480707680554197e-06,60270,1989
BTC,1h,10,2,50,10,1.299551071536779,1.3681071408200296e-05,60270,1467
BTC,1h,10,3,20,1,-1.299899574258714,-3.252838436706984e-05,60270,3436
BTC,1h,10,3,20,3,0.05955098481632517,-8.428444200014873e-06,60270,2034
BTC,1h,10,3,20,5,1.1339655879791368,1.0655199768505597e-05,60270,1594
BTC,1h,10,3,20,10,1.6024482613020776,1.9038454329489696e-05,60270,1171
BTC,1h,10,3,30,1,-0.9186291521705603,-2.5673449461027786e-05,60270,3167
BTC,1h,10,3,30,3,0.17173194797403915,-6.4146278627719155e-06,60270,1901
BTC,1h,10,3,30,5,1.0275581906679638,8.750709509230958e-06,60270,1489
BTC,1h,10,3,30,10,1.56184119277936,1.8277883651940385e-05,60270,1112
BTC,1h,10,3,50,1,-0.5936146887231248,-1.988324908408501e-05,60270,2930
BTC,1h,10,3,50,3,-0.001242155466770052,-9.499193775019954e-06,60270,1785
BTC,1h,10,3,50,5,1.4027760074027735,1.5433561087796477e-05,60270,1408
BTC,1h,10,3,50,10,1.320486584704017,1.3980459586226957e-05,60270,1071
BTC,1h,15,2,20,1,-1.7474759671174556,-4.114505961150261e-05,60270,4011
BTC,1h,15,2,20,3,-0.2856202951706101,-1.5043290364946671e-05,60270,2339
BTC,1h,15,2,20,5,0.518435823769931,-4.560738016134991e-07,60270,1801
BTC,1h,15,2,20,10,1.899848767411456,2.4586301213158634e-05,60270,1243
BTC,1h,15,2,30,1,-2.1542184248817264,-4.8235401244212106e-05,60270,3792
BTC,1h,15,2,30,3,-0.3223263824669739,-1.5691168429254887e-05,60270,2211
BTC,1h,15,2,30,5,0.37069098698522257,-3.1228168902996956e-06,60270,1725
BTC,1h,15,2,30,10,1.7871597451275192,2.2535836438075663e-05,60270,1211
BTC,1h,15,2,50,1,-2.4275512357683495,-5.320176326484294e-05,60270,3645
BTC,1h,15,2,50,3,-0.4268638335411077,-1.7597701540417177e-05,60270,2121
BTC,1h,15,2,50,5,0.8726959801613986,5.941236658424387e-06,60270,1657
BTC,1h,15,2,50,10,1.9584664104358387,2.561039262438669e-05,60270,1162
BTC,1h,15,3,20,1,-0.9270983786007977,-2.5834125881307735e-05,60270,3071
BTC,1h,15,3,20,3,0.2348775381788666,-5.288071318498844e-06,60270,1785
BTC,1h,15,3,20,5,1.3554740666221972,1.4584507211923281e-05,60270,1379
BTC,1h,15,3,20,10,1.8548713611456265,2.369468300611466e-05,60270,989
BTC,1h,15,3,30,1,-0.4155188278924047,-1.664074052099007e-05,60270,2780
BTC,1h,15,3,30,3,0.3707001482389592,-2.8940802283550227e-06,60270,1645
BTC,1h,15,3,30,5,1.2894943409788155,1.3406982415364865e-05,60270,1282
BTC,1h,15,3,30,10,2.1125246093611127,2.8053619690160403e-05,60270,899
BTC,1h,15,3,50,1,0.008062466846665327,-9.183184953798218e-06,60270,2456
BTC,1h,15,3,50,3,0.562394301623596,5.397542588436721e-07,60270,1510
BTC,1h,15,3,50,5,1.2622559670372446,1.2931106294189476e-05,60270,1199
BTC,1h,15,3,50,10,1.98782616472851,2.575143200767016e-05,60270,868
BTC,1h,20,2,20,1,-1.6545125646249648,-3.934886192913378e-05,60270,3657
BTC,1h,20,2,20,3,-0.031366694626401126,-1.0448420186492946e-05,60270,2139
BTC,1h,20,2,20,5,0.8341155845703453,5.221120688680969e-06,60270,1634
BTC,1h,20,2,20,10,1.5265854591427217,1.7809811354352334e-05,60270,1147
BTC,1h,20,2,30,1,-1.4706269064847872,-3.593089674214234e-05,60270,3380
BTC,1h,20,2,30,3,-0.02413774293536101,-1.0241240004926766e-05,60270,1966
BTC,1h,20,2,30,5,0.8506396880434809,5.541854656287981e-06,60270,1532
BTC,1h,20,2,30,10,1.1322154394213126,1.0646161265892573e-05,60270,1078
BTC,1h,20,2,50,1,-1.3446802431226044,-3.421108447287935e-05,60270,3137
BTC,1h,20,2,50,3,-0.18740711363367146,-1.314838630139814e-05,60270,1856
BTC,1h,20,2,50,5,0.9304141776563352,6.99918539281974e-06,60270,1440
BTC,1h,20,2,50,10,1.0600867089399173,9.343575923859149e-06,60270,1037
BTC,1h,20,3,20,1,-0.6409220649861446,-2.073953508141546e-05,60270,2833
BTC,1h,20,3,20,3,0.23858030389811405,-5.289550997877868e-06,60270,1624
BTC,1h,20,3,20,5,0.9660771183539679,7.664104372251401e-06,60270,1271
BTC,1h,20,3,20,10,1.653540890004051,1.9996610939765347e-05,60270,910
BTC,1h,20,3,30,1,-0.14346202034290034,-1.1945649600164643e-05,60270,2455
BTC,1h,20,3,30,3,0.6058796770992301,1.2691430977262996e-06,60270,1440
BTC,1h,20,3,30,5,1.6169486688906891,1.9225718683957282e-05,60270,1115
BTC,1h,20,3,30,10,1.6152984180065493,1.932686741734635e-05,60270,807
BTC,1h,20,3,50,1,0.22773801360242565,-5.319030863093488e-06,60270,2208
BTC,1h,20,3,50,3,1.07416916282457,9.586999912603034e-06,60270,1327
BTC,1h,20,3,50,5,1.3070955267012088,1.3727802574692305e-05,60270,1049
BTC,1h,20,3,50,10,1.561139034061647,1.838365264505981e-05,60270,776
BTC,4h,5,2,20,1,0.25895555512500945,-1.9268719407383728e-05,15067,1518
BTC,4h,5,2,20,3,1.1674044642218455,4.513532239114326e-05,15067,889
BTC,4h,5,2,20,5,0.9873006410128627,3.22118537463556e-05,15067,733
BTC,4h,5,2,20,10,2.868333825201852,0.00016493698155795045,15067,462
BTC,4h,5,2,30,1,0.11671197754742932,-2.9084337751394962e-05,15067,1479
BTC,4h,5,2,30,3,1.1588813633259163,4.4512945760022404e-05,15067,865
BTC,4h,5,2,30,5,0.9143720657150126,2.7031937200661105e-05,15067,735
BTC,4h,5,2,30,10,2.9478268407245407,0.00017068207260595436,15067,455
BTC,4h,5,2,50,1,0.2852727631959182,-1.7161332036441657e-05,15067,1433
BTC,4h,5,2,50,3,1.1505233259287966,4.3901404896296015e-05,15067,844
BTC,4h,5,2,50,5,0.8537073565648158,2.276429765202259e-05,15067,725
BTC,4h,5,2,50,10,2.8748875340563904,0.00016537681250650138,15067,450
BTC,4h,5,3,20,1,1.4624758390104478,6.562289965361678e-05,15067,976
BTC,4h,5,3,20,3,1.5942263704208661,7.52574377094195e-05,15067,627
BTC,4h,5,3,20,5,1.5504446062856443,7.184533102022606e-05,15067,515
BTC,4h,5,3,20,10,2.1656514936249676,0.00011521211299503342,15067,345
BTC,4h,5,3,30,1,1.6509256967989796,7.866606618400773e-05,15067,935
BTC,4h,5,3,30,3,1.720555053899547,8.43495520346238e-05,15067,609
BTC,4h,5,3,30,5,1.6919061786980574,8.205117720616606e-05,15067,505
BTC,4h,5,3,30,10,2.2427923615301846,0.00012053723388083526,15067,336
BTC,4h,5,3,50,1,1.8340260725121562,9.140523115225285e-05,15067,895
BTC,4h,5,3,50,3,1.86959901774576,9.494513839491958e-05,15067,594
BTC,4h,5,3,50,5,1.6608342345242773,7.977087880917111e-05,15067,500
BTC,4h,5,3,50,10,2.3600689535795687,0.00012831648076150337,15067,328
BTC,4h,10,2,20,1,1.3405880767945788,5.721737074493305e-05,15067,1128
BTC,4h,10,2,20,3,1.8453158480840224,9.255930184282057e-05,15067,662
BTC,4h,10,2,20,5,1.9924005068135782,0.00010261971675418202,15067,512
BTC,4h,10,2,20,10,2.286248740218441,0.0001235446425118525,15067,380
BTC,4h,10,2,30,1,1.1773972212415444,4.5587310544270565e-05,15067,1072
BTC,4h,10,2,30,3,1.8381387148463006,9.177732550225137e-05,15067,645
BTC,4h,10,2,30,5,1.7947431954076216,8.871970380908145e-05,15067,505
BTC,4h,10,2,30,10,2.323448834491717,0.00012593225234902583,15067,381
BTC,4h,10,2,50,1,1.2355986070426899,4.95790095453863e-05,15067,1034
BTC,4h,10,2,50,3,1.797013817815545,8.862939635978506e-05,15067,612
BTC,4h,10,2,50,5,1.6480993200727312,7.837383197051295e-05,15067,494
BTC,4h,10,2,50,10,2.437429213323594,0.000133736118355543,15067,375
BTC,4h,10,3,20,1,1.9871877555260817,0.00010170577419987836,15067,782
BTC,4h,10,3,20,3,1.8441699553208042,9.212670556824065e-05,15067,483
BTC,4h,10,3,20,5,1.9811356282275427,0.00010153470179963264,15067,379
BTC,4h,10,3,20,10,2.6587966815108475,0.00014733890045115494,15067,304
BTC,4h,10,3,30,1,2.0326105876712304,0.00010422138100252276,15067,714
BTC,4h,10,3,30,3,2.0409895821316377,0.00010538250945546501,15067,444
BTC,4h,10,3,30,5,2.249144257872545,0.00011962468737847232,15067,362
BTC,4h,10,3,30,10,2.3386246632801098,0.0001250532238783464,15067,288
BTC,4h,10,3,50,1,1.9960957070344891,0.0001015738213621109,15067,654
BTC,4h,10,3,50,3,2.1787926198100367,0.00011452278137258354,15067,420
BTC,4h,10,3,50,5,2.222424730841278,0.00011755256006940051,15067,344
BTC,4h,10,3,50,10,2.4050680639760222,0.00012952307935365504,15067,276
BTC,4h,15,2,20,1,1.35293971379416,5.8074505479677185e-05,15067,949
BTC,4h,15,2,20,3,2.0613385251299357,0.00010785470969776334,15067,563
BTC,4h,15,2,20,5,1.9498541848178144,9.993864585200463e-05,15067,439
BTC,4h,15,2,20,10,1.9981698270941692,0.00010329765055683282,15067,321
BTC,4h,15,2,30,1,1.2825989051992674,5.2870325387255335e-05,15067,903
BTC,4h,15,2,30,3,1.5731972423743819,7.3504130162938e-05,15067,530
BTC,4h,15,2,30,5,1.841788857895091,9.21439043919392e-05,15067,419
BTC,4h,15,2,30,10,2.1658938879634664,0.00011474200091310394,15067,312
BTC,4h,15,2,50,1,1.5100317971652837,6.842245805072089e-05,15067,880
BTC,4h,15,2,50,3,1.6332880025682446,7.75006333679773e-05,15067,511
BTC,4h,15,2,50,5,1.8820064796849933,9.450223458484786e-05,15067,404
BTC,4h,15,2,50,10,2.0266194864932654,0.00010483590442800228,15067,305
BTC,4h,15,3,20,1,1.735229172678242,8.405829946922516e-05,15067,702
BTC,4h,15,3,20,3,2.0025494191459114,0.00010326617950218164,15067,432
BTC,4h,15,3,20,5,2.157744056616239,0.00011388144584323356,15067,337
BTC,4h,15,3,20,10,2.2984867613437654,0.00012293086280279475,15067,253
BTC,4h,15,3,30,1,1.9266580106910765,9.698860079443428e-05,15067,624
BTC,4h,15,3,30,3,2.1522119606455603,0.00011285897642876463,15067,386
BTC,4h,15,3,30,5,2.3707915409929017,0.00012850063446023796,15067,306
BTC,4h,15,3,30,10,2.236449000367523,0.00011809050328692727,15067,230
BTC,4h,15,3,50,1,1.9582380642452486,9.867066269797498e-05,15067,562
BTC,4h,15,3,50,3,2.2293694743489674,0.0001179828534643157,15067,356
BTC,4h,15,3,50,5,2.447730061755493,0.00013220369393751596,15067,280
BTC,4h,15,3,50,10,2.2905644917357533,0.00012167411793284622,15067,221
BTC,4h,20,2,20,1,1.205795382421691,4.7558818966786376e-05,15067,847
BTC,4h,20,2,20,3,1.709547193376797,8.313889153610532e-05,15067,492
BTC,4h,20,2,20,5,2.1437140510569943,0.00011372461292746827,15067,391
BTC,4h,20,2,20,10,2.0298436397568853,0.00010513580573778825,15067,286
BTC,4h,20,2,30,1,1.1388519306309792,4.286366385275464e-05,15067,799
BTC,4h,20,2,30,3,1.3666109988476551,5.879691002541598e-05,15067,482
BTC,4h,20,2,30,5,1.821200287156035,9.009322653819041e-05,15067,381
BTC,4h,20,2,30,10,2.0678711680022266,0.00010715315209819387,15067,278
BTC,4h,20,2,50,1,1.2229966056334722,4.860938093464995e-05,15067,733
BTC,4h,20,2,50,3,1.7007508004435214,8.187590706998371e-05,15067,448
BTC,4h,20,2,50,5,2.2095352279406315,0.00011655801514121045,15067,362
BTC,4h,20,2,50,10,2.203035595200347,0.00011596789501577831,15067,259
BTC,4h,20,3,20,1,1.4888737095035791,6.682639215815911e-05,15067,641
BTC,4h,20,3,20,3,2.0518019872006885,0.00010617808632407133,15067,396
BTC,4h,20,3,20,5,2.2953567430320176,0.00012217862946561908,15067,314
BTC,4h,20,3,20,10,2.038606257134865,0.00010435837768363321,15067,234
BTC,4h,20,3,30,1,1.6810770156501953,7.96161341296564e-05,15067,573
BTC,4h,20,3,30,3,2.33072043105334,0.00012372372910762763,15067,349
BTC,4h,20,3,30,5,2.208466153340228,0.00011574124221658266,15067,295
BTC,4h,20,3,30,10,2.092793435091725,0.00010807119322908676,15067,209
BTC,4h,20,3,50,1,1.7947631562337067,8.691944861505263e-05,15067,532
BTC,4h,20,3,50,3,2.2353891243736945,0.00011676733839349751,15067,333
BTC,4h,20,3,50,5,2.3070421298797923,0.00012149551583795493,15067,269
BTC,4h,20,3,50,10,2.1795777998983334,0.0001133284506946719,15067,192
BTC,1d,5,2,20,1,1.88954249964712,0.0005706381744114974,2511,239
BTC,1d,5,2,20,3,1.8245264687280245,0.0005462708055239407,2511,143
BTC,1d,5,2,20,5,1.8020256723589985,0.0005384511945774051,2511,113
BTC,1d,5,2,20,10,2.468715170573929,0.0008337964914595375,2511,77
BTC,1d,5,2,30,1,1.8630990687247257,0.0005618045819710815,2511,232
BTC,1d,5,2,30,3,1.8439670877961662,0.0005544360743447996,2511,142
BTC,1d,5,2,30,5,1.9013726945564022,0.0005806820384151035,2511,112
BTC,1d,5,2,30,10,2.6220825982695475,0.0008990176099470393,2511,75
BTC,1d,5,2,50,1,2.0328382502520106,0.0006328681042901962,2511,223
BTC,1d,5,2,50,3,1.8798236062305915,0.0005712976211158516,2511,140
BTC,1d,5,2,50,5,1.9799410687092673,0.0006133494877242907,2511,113
BTC,1d,5,2,50,10,2.785937825614359,0.0009657100061608581,2511,76
BTC,1d,5,3,20,1,2.284331520525874,0.0007351370110424416,2511,167
BTC,1d,5,3,20,3,1.9408405694373143,0.0005911824447213387,2511,103
BTC,1d,5,3,20,5,1.4341800290484985,0.00038343470951973657,2511,92
BTC,1d,5,3,20,10,2.649619459725277,0.0009043738587102279,2511,55
BTC,1d,5,3,30,1,2.3399321049826085,0.0007564096398031683,2511,160
BTC,1d,5,3,30,3,1.9320815831066953,0.0005904500102111854,2511,101
BTC,1d,5,3,30,5,1.5927913643747795,0.0004514950311478305,2511,86
BTC,1d,5,3,30,10,2.49937658741389,0.0008374938784116992,2511,56
BTC,1d,5,3,50,1,2.397103686612131,0.0007853497900203177,2511,152
BTC,1d,5,3,50,3,1.935309103748276,0.0005914998381428838,2511,97
BTC,1d,5,3,50,5,1.6277727805591269,0.00046583875444783374,2511,85
BTC,1d,5,3,50,10,2.346471871336467,0.0007720116460612214,2511,55
BTC,1d,10,2,20,1,1.7428726470602538,0.0005053191194408502,2511,186
BTC,1d,10,2,20,3,1.7094806008086576,0.0004986346616884241,2511,106
BTC,1d,10,2,20,5,2.3263356164251823,0.0007549782229732127,2511,84
BTC,1d,10,2,20,10,2.1346575850649656,0.0006833934565408928,2511,63
BTC,1d,10,2,30,1,1.997629158202319,0.0006100473090360214,2511,174
BTC,1d,10,2,30,3,1.7252987050882054,0.0005057565045030188,2511,105
BTC,1d,10,2,30,5,2.1665721491477505,0.0006894405658348646,2511,82
BTC,1d,10,2,30,10,2.3452497537059522,0.0007686272377924741,2511,62
BTC,1d,10,2,50,1,1.977513341257619,0.000604279431102972,2511,165
BTC,1d,10,2,50,3,1.8388063454998729,0.0005493197307602227,2511,101
BTC,1d,10,2,50,5,1.9349433740529816,0.000596665287823539,2511,79
BTC,1d,10,2,50,10,2.317107475146733,0.0007556391093352932,2511,61
BTC,1d,10,3,20,1,2.411334868733175,0.0007865956189259116,2511,119
BTC,1d,10,3,20,3,2.0044273412543894,0.0006215853899151913,2511,75
BTC,1d,10,3,20,5,2.1439445821734124,0.0006803030035567037,2511,61
BTC,1d,10,3,20,10,2.1268679827316146,0.0006769243701760796,2511,48
BTC,1d,10,3,30,1,2.387702484491373,0.0007787930408325039,2511,112
BTC,1d,10,3,30,3,2.091444909065795,0.0006583603265115645,2511,70
BTC,1d,10,3,30,5,2.2041603353031984,0.0007047613468316172,2511,56
BTC,1d,10,3,30,10,2.0296621830061174,0.0006350856553336559,2511,44
BTC,1d,10,3,50,1,2.3082824648311,0.0007453306993796538,2511,108
BTC,1d,10,3,50,3,2.2186274427017687,0.0007130498406555663,2511,67
BTC,1d,10,3,50,5,2.197217208856419,0.0007011965700876033,2511,55
BTC,1d,10,3,50,10,2.1090948749083003,0.0006719869413527313,2511,41
BTC,1d,15,2,20,1,1.8820081297710616,0.0005590970166302611,2511,159
BTC,1d,15,2,20,3,1.885834828196028,0.0005634552167386175,2511,97
BTC,1d,15,2,20,5,2.022572137182807,0.0006265910308258515,2511,79
BTC,1d,15,2,20,10,2.44694038024826,0.0008036490481813097,2511,55
BTC,1d,15,2,30,1,1.8557652480318452,0.0005472520191294183,2511,145
BTC,1d,15,2,30,3,1.7687337621599926,0.0005164486557025505,2511,94
BTC,1d,15,2,30,5,2.1961922171916135,0.0006937646196725211,2511,71
BTC,1d,15,2,30,10,2.2737401513085738,0.0007235787245076786,2511,52
BTC,1d,15,2,50,1,2.1914121752344786,0.0006809911379164202,2511,132
BTC,1d,15,2,50,3,1.611191532794105,0.00045017866143748364,2511,86
BTC,1d,15,2,50,5,2.1299624435063302,0.000667111990734659,2511,71
BTC,1d,15,2,50,10,2.1658688494419107,0.0006809617209875274,2511,48
BTC,1d,15,3,20,1,2.542639985901112,0.0008358316723051651,2511,102
BTC,1d,15,3,20,3,2.102687096451694,0.0006613691477623806,2511,64
BTC,1d,15,3,20,5,2.0936180436079748,0.0006607845381514377,2511,55
BTC,1d,15,3,20,10,1.8353515592638372,0.000551866440207105,2511,39
BTC,1d,15,3,30,1,1.9445570648448451,0.000591906298035294,2511,108
BTC,1d,15,3,30,3,2.118897930272634,0.0006706465149086682,2511,64
BTC,1d,15,3,30,5,2.0555718997266688,0.0006413168027472604,2511,51
BTC,1d,15,3,30,10,1.630140664121127,0.00046696406887147823,2511,38
BTC,1d,15,3,50,1,1.7631947967398514,0.0005179590550961066,2511,97
BTC,1d,15,3,50,3,1.8444616615046414,0.0005526247761291625,2511,66
BTC,1d,15,3,50,5,1.9831140379287133,0.0006117238971126149,2511,50
BTC,1d,15,3,50,10,1.5917957323582697,0.0004489212973322054,2511,35
BTC,1d,20,2,20,1,2.0917162535720086,0.0006420872306669434,2511,145
BTC,1d,20,2,20,3,1.301477776315272,0.0003239806425889835,2511,90
BTC,1d,20,2,20,5,1.7670553830243236,0.0005195398571755661,2511,72
BTC,1d,20,2,20,10,2.260417551543054,0.0007255639682335335,2511,47
BTC,1d,20,2,30,1,2.3306549887717622,0.0007380148180278212,2511,127
BTC,1d,20,2,30,3,1.4512875625710986,0.0003845694202537775,2511,83
BTC,1d,20,2,30,5,1.913818414882195,0.0005806739464058186,2511,64
BTC,1d,20,2,30,10,2.264108382324825,0.0007261421787099209,2511,44
BTC,1d,20,2,50,1,2.069828895567764,0.0006320116074136628,2511,121
BTC,1d,20,2,50,3,1.4114941051204992,0.0003682112613838662,2511,78
BTC,1d,20,2,50,5,1.8217704384437998,0.0005407815955478235,2511,56
BTC,1d,20,2,50,10,1.8884268830146806,0.0005602034897629338,2511,46
BTC,1d,20,3,20,1,2.1833192846356186,0.0006884365886385968,2511,106
BTC,1d,20,3,20,3,1.8261829337005597,0.0005460519970836852,2511,65
BTC,1d,20,3,20,5,1.9772472623122683,0.0006118854461769629,2511,51
BTC,1d,20,3,20,10,1.7531204938972331,0.0005137548961324789,2511,39
BTC,1d,20,3,30,1,1.665094767829914,0.00047438178403491627,2511,96
BTC,1d,20,3,30,3,2.106886478344929,0.0006612662558709292,2511,53
BTC,1d,20,3,30,5,1.8698661357111106,0.0005630189483751824,2511,49
BTC,1d,20,3,30,10,1.648918941198224,0.0004726242214272425,2511,37
BTC,1d,20,3,50,1,1.7686527450438194,0.0005205550517108914,2511,92
BTC,1d,20,3,50,3,1.8640097506032742,0.000561086135163702,2511,58
BTC,1d,20,3,50,5,1.7944770340779108,0.000532566532282841,2511,49
BTC,1d,20,3,50,10,1.5366270567183296,0.00042405384126320556,2511,32
ETH,1h,5,2,20,1,-0.9484118651297634,-3.8773767910837975e-05,58360,5924
ETH,1h,5,2,20,3,0.551863899471405,-3.1109378445526303e-06,58360,3492
ETH,1h,5,2,20,5,1.4244561938168632,1.7369062953465075e-05,58360,2828
ETH,1h,5,2,20,10,3.198749014263773,5.873102238695971e-05,58360,1821
ETH,1h,5,2,30,1,-0.7374257979051096,-3.385163171365502e-05,58360,5725
ETH,1h,5,2,30,3,0.5265962683879625,-3.713143099437488e-06,58360,3442
ETH,1h,5,2,30,5,1.1740684803433052,1.1529656526176879e-05,58360,2808
ETH,1h,5,2,30,10,2.990723796841531,5.399047210508101e-05,58360,1812
ETH,1h,5,2,50,1,-0.6845928335143804,-3.260963434559283e-05,58360,5592
ETH,1h,5,2,50,3,0.6215859014303375,-1.478069587390607e-06,58360,3383
ETH,1h,5,2,50,5,1.1334619272674227,1.058077313520478e-05,58360,2790
ETH,1h,5,2,50,10,3.207504280106595,5.908422098377386e-05,58360,1787
ETH,1h,5,3,20,1,-0.08616765204646971,-1.8098725337867272e-05,58360,4178
ETH,1h,5,3,20,3,1.0990887893083208,9.797384201037929e-06,58360,2546
ETH,1h,5,3,20,5,2.252825955578298,3.6602276517916366e-05,58360,2087
ETH,1h,5,3,20,10,2.816135495615276,5.0040721961241985e-05,58360,1392
ETH,1h,5,3,30,1,0.173468364657886,-1.1980993613880386e-05,58360,3975
ETH,1h,5,3,30,3,1.3991632573315298,1.6768949921974752e-05,58360,2483
ETH,1h,5,3,30,5,2.1170817858086144,3.3443814086764334e-05,58360,2056
ETH,1h,5,3,30,10,2.916545930650755,5.2303803718567465e-05,58360,1366
ETH,1h,5,3,50,1,0.3536049600357911,-7.71188187820293e-06,58360,3846
ETH,1h,5,3,50,3,1.3494944042222885,1.5614842363342873e-05,58360,2444
ETH,1h,5,3,50,5,2.318146959891945,3.807617281048614e-05,58360,2015
ETH,1h,5,3,50,10,2.893603233134065,5.1757435099997195e-05,58360,1358
ETH,1h,10,2,20,1,-0.31863214846408255,-2.3716117368732803e-05,58360,4483
ETH,1h,10,2,20,3,0.6335949570242085,-8.664246740064385e-07,58360,2626
ETH,1h,10,2,20,5,2.0765616517958847,3.246628642372684e-05,58360,2031
ETH,1h,10,2,20,10,3.2738194576880257,6.052352872898403e-05,58360,1455
ETH,1h,10,2,30,1,-0.5500301522832178,-2.9020936601953373e-05,58360,4286
ETH,1h,10,2,30,3,0.9058135270670119,5.4149885191367986e-06,58360,2518
ETH,1h,10,2,30,5,2.08607740089712,3.2708488224786336e-05,58360,1951
ETH,1h,10,2,30,10,2.9323509056511607,5.2677196373140944e-05,58360,1439
ETH,1h,10,2,50,1,-0.35352009952110597,-2.4343037854923644e-05,58360,4103
ETH,1h,10,2,50,3,0.7406813591533937,1.6324397194011908e-06,58360,2447
ETH,1h,10,2,50,5,1.929063478393106,2.9063325799549844e-05,58360,1902
ETH,1h,10,2,50,10,2.8467892807693502,5.066814614940185e-05,58360,1400
ETH,1h,10,3,20,1,0.8017267123577205,2.9123735867386813e-06,58360,3381
ETH,1h,10,3,20,3,1.5146412953150723,1.940853857096414e-05,58360,1987
ETH,1h,10,3,20,5,2.387174041854736,3.955963488255776e-05,58360,1561
ETH,1h,10,3,20,10,2.4740399252283365,4.19157697069128e-05,58360,1165
ETH,1h,10,3,30,1,0.5541033934456806,-2.7633641851432245e-06,58360,3145
ETH,1h,10,3,30,3,1.4648936252827802,1.825536240396275e-05,58360,1866
ETH,1h,10,3,30,5,2.296076205017985,3.742418993457619e-05,58360,1472
ETH,1h,10,3,30,10,2.3042074457914707,3.787532217858214e-05,58360,1122
ETH,1h,10,3,50,1,0.5161094802724872,-3.584655744126586e-06,58360,2916
ETH,1h,10,3,50,3,1.3354766281638928,1.528857878363432e-05,58360,1791
ETH,1h,10,3,50,5,2.1296816028140992,3.353973208053418e-05,58360,1426
ETH,1h,10,3,50,10,2.4112471566172293,4.03290776671561e-05,58360,1076
ETH,1h,15,2,20,1,0.12286105251432294,-1.3133994024250306e-05,58360,3900
ETH,1h,15,2,20,3,1.6752785114009474,2.3149934576638387e-05,58360,2242
ETH,1h,15,2,20,5,2.6789711560859497,4.655531867880924e-05,58360,1695
ETH,1h,15,2,20,10,2.992459179646818,5.424550546018203e-05,58360,1199
ETH,1h,15,2,30,1,0.08877509180594997,-1.3887508375942659e-05,58360,3676
ETH,1h,15,2,30,3,1.7731396310372343,2.5449974793145813e-05,58360,2125
ETH,1h,15,2,30,5,2.663256995443364,4.616097224596771e-05,58360,1616
ETH,1h,15,2,30,10,3.123518749447326,5.7305199119950245e-05,58360,1153
ETH,1h,15,2,50,1,0.359561289641383,-7.522259547587673e-06,58360,3457
ETH,1h,15,2,50,3,1.5608355255495843,2.052335819979767e-05,58360,2034
ETH,1h,15,2,50,5,2.67037044601186,4.632439406715427e-05,58360,1550
ETH,1h,15,2,50,10,2.703813040298064,4.743015971886422e-05,58360,1129
ETH,1h,15,3,20,1,0.7727374212901575,2.2894529592143442e-06,58360,3017
ETH,1h,15,3,20,3,1.8665066157813897,2.7507392646342055e-05,58360,1751
ETH,1h,15,3,20,5,2.0537848495875686,3.197066021254358e-05,58360,1368
ETH,1h,15,3,20,10,2.5409359098675877,4.3447016731867905e-05,58360,980
ETH,1h,15,3,30,1,0.9176353015748919,5.666194689668558e-06,58360,2722
ETH,1h,15,3,30,3,1.74701135776442,2.4727618016084918e-05,58360,1598
ETH,1h,15,3,30,5,1.8945867219760828,2.820554126303776e-05,58360,1257
ETH,1h,15,3,30,10,2.4380243398174724,4.105780045282614e-05,58360,917
ETH,1h,15,3,50,1,1.3318588233793947,1.5211521923852445e-05,58360,2474
ETH,1h,15,3,50,3,1.765154419303043,2.514704483935759e-05,58360,1507
ETH,1h,15,3,50,5,1.868650256327787,2.7572525379104817e-05,58360,1194
ETH,1h,15,3,50,10,2.539541920360574,4.326185286429585e-05,58360,867
ETH,1h,20,2,20,1,0.5253255292288314,-3.6730698304010545e-06,58360,3545
ETH,1h,20,2,20,3,1.612343102519871,2.1729361239009037e-05,58360,2032
ETH,1h,20,2,20,5,1.6581245676419392,2.2810571586928674e-05,58360,1576
ETH,1h,20,2,20,10,1.8257424305471186,2.6809664564142466e-05,58360,1105
ETH,1h,20,2,30,1,0.3286274164139702,-8.241190999846992e-06,58360,3303
ETH,1h,20,2,30,3,1.3228927975141769,1.5004149021891067e-05,58360,1891
ETH,1h,20,2,30,5,1.5051405234696293,1.924777008710521e-05,58360,1500
ETH,1h,20,2,30,10,1.8640165561104882,2.770959013598251e-05,58360,1051
ETH,1h,20,2,50,1,0.5691471836603312,-2.582190716249322e-06,58360,3071
ETH,1h,20,2,50,3,1.256215678504861,1.34586631599376e-05,58360,1804
ETH,1h,20,2,50,5,1.465213067249578,1.8315539220825627e-05,58360,1401
ETH,1h,20,2,50,10,1.6217693368417887,2.200094935855823e-05,58360,1002
ETH,1h,20,3,20,1,1.1451858994599287,1.0885902165913564e-05,58360,2749
ETH,1h,20,3,20,3,1.4590676251551693,1.81411853785729e-05,58360,1611
ETH,1h,20,3,20,5,1.8337816096256578,2.6874100047979965e-05,58360,1251
ETH,1h,20,3,20,10,1.8810751946085655,2.808378100316311e-05,58360,907
ETH,1h,20,3,30,1,0.9163697699254725,5.610456897953142e-06,58360,2484
ETH,1h,20,3,30,3,1.5380263129127298,1.9944720643927383e-05,58360,1459
ETH,1h,20,3,30,5,1.902321186442208,2.8400058082578283e-05,58360,1146
ETH,1h,20,3,30,10,2.0798990126391756,3.264053884022289e-05,58360,819
ETH,1h,20,3,50,1,1.1893687772431836,1.1924573019905793e-05,58360,2202
ETH,1h,20,3,50,3,1.8851767974581932,2.794746653744795e-05,58360,1337
ETH,1h,20,3,50,5,1.9444454892004117,2.928216149022944e-05,58360,1064
ETH,1h,20,3,50,10,2.1431118373803915,3.398092484308002e-05,58360,774
ETH,4h,5,2,20,1,1.5870730141835356,8.442269351904841e-05,14590,1445
ETH,4h,5,2,20,3,2.0365911809360226,0.00012618928040231125,14590,869
ETH,4h,5,2,20,5,1.691906301202349,9.431814540339367e-05,14590,720
ETH,4h,5,2,20,10,2.8664204744304786,0.00020377879245958574,14590,460
ETH,4h,5,2,30,1,1.3178283257858088,5.96524799321152e-05,14590,1417
ETH,4h,5,2,30,3,1.8225059715306142,0.0001063814783819339,14590,861
ETH,4h,5,2,30,5,1.708091479241586,9.576824431190012e-05,14590,716
ETH,4h,5,2,30,10,2.902917766420698,0.0002073315892010541,14590,448
ETH,4h,5,2,50,1,1.2809910056617686,5.6278780830698594e-05,14590,1389
ETH,4h,5,2,50,3,1.790798335988505,0.0001034404659221444,14590,851
ETH,4h,5,2,50,5,1.8977418588931059,0.00011329967443995947,14590,710
ETH,4h,5,2,50,10,3.056175480578557,0.0002218668790512357,14590,442
ETH,4h,5,3,20,1,1.8222726078236153,0.00010568844432867763,14590,1007
ETH,4h,5,3,20,3,2.4109465109956467,0.00016042345301059413,14590,632
ETH,4h,5,3,20,5,2.531029459158536,0.00017191928444693083,14590,520
ETH,4h,5,3,20,10,2.624196029714134,0.00018044764238855926,14590,343
ETH,4h,5,3,30,1,1.6964831198522312,9.417764603636414e-05,14590,977
ETH,4h,5,3,30,3,2.5626669594312887,0.00017456063819865086,14590,612
ETH,4h,5,3,30,5,2.2997291363602486,0.00015049386041532387,14590,507
ETH,4h,5,3,30,10,2.5676956404033233,0.00017506531729449826,14590,344
ETH,4h,5,3,50,1,1.8532507471802766,0.00010847346467790508,14590,949
ETH,4h,5,3,50,3,2.639950247725499,0.00018137120327321732,14590,598
ETH,4h,5,3,50,5,2.318579797962464,0.00015203987344158953,14590,498
ETH,4h,5,3,50,10,2.5752500658364936,0.00017588400608969934,14590,338
ETH,4h,10,2,20,1,1.00124251479842,3.084675342979182e-05,14590,1098
ETH,4h,10,2,20,3,1.969064448882087,0.00011947282845103935,14590,648
ETH,4h,10,2,20,5,2.0264335355288687,0.00012441558416309562,14590,513
ETH,4h,10,2,20,10,2.5261780557526543,0.00017164525671242714,14590,375
ETH,4h,10,2,30,1,0.8196627230301412,1.4428723856818593e-05,14590,1050
ETH,4h,10,2,30,3,1.9850234346037996,0.00012063654031391202,14590,629
ETH,4h,10,2,30,5,2.139320197453754,0.0001344434461374444,14590,498
ETH,4h,10,2,30,10,2.277394067494003,0.00014841660520437117,14590,371
ETH,4h,10,2,50,1,1.0231267684131231,3.2850573063125665e-05,14590,993
ETH,4h,10,2,50,3,2.029925057254581,0.00012471341051845108,14590,614
ETH,4h,10,2,50,5,2.4529529154281353,0.00016291293154946374,14590,490
ETH,4h,10,2,50,10,2.1408327078629252,0.0001358151061121582,14590,367
ETH,4h,10,3,20,1,1.4564349953473215,7.220492563719816e-05,14590,809
ETH,4h,10,3,20,3,2.124174059632981,0.0001336030631908791,14590,477
ETH,4h,10,3,20,5,2.33703757641849,0.00015299765023590872,14590,399
ETH,4h,10,3,20,10,2.269665212425822,0.00014728742721681343,14590,302
ETH,4h,10,3,30,1,1.5845563821299897,8.37626664205171e-05,14590,766
ETH,4h,10,3,30,3,1.977549207325637,0.00012019693842058032,14590,459
ETH,4h,10,3,30,5,2.37741958283492,0.0001568898652017925,14590,377
ETH,4h,10,3,30,10,2.0882753079883702,0.0001306841095771727,14590,287
ETH,4h,10,3,50,1,1.8033190024511874,0.000103566900884422,14590,722
ETH,4h,10,3,50,3,2.120549817317279,0.00013333446247720815,14590,446
ETH,4h,10,3,50,5,2.2341821980792567,0.00014371238410282317,14590,368
ETH,4h,10,3,50,10,2.3513304945479687,0.0001548287136783344,14590,275
ETH,4h,15,2,20,1,1.934574901486384,0.00011569216713902541,14590,930
ETH,4h,15,2,20,3,2.4218317246543517,0.00016096662276132712,14590,543
ETH,4h,15,2,20,5,3.0522112402851174,0.00021837787680523135,14590,426
ETH,4h,15,2,20,10,2.1968184685489893,0.00014084862075636195,14590,312
ETH,4h,15,2,30,1,1.8505397216161081,0.0001078748503324789,14590,882
ETH,4h,15,2,30,3,2.506150267947912,0.00016853886145140606,14590,509
ETH,4h,15,2,30,5,2.7429502461682964,0.00018994806216920956,14590,411
ETH,4h,15,2,30,10,1.9444327961884469,0.0001175429498680991,14590,304
ETH,4h,15,2,50,1,1.5311363459601133,7.888849305781598e-05,14590,849
ETH,4h,15,2,50,3,2.5409086090440582,0.00017157291440050848,14590,494
ETH,4h,15,2,50,5,2.9750053474694087,0.0002108720621218918,14590,399
ETH,4h,15,2,50,10,1.7437313862836412,9.876468980518638e-05,14590,292
ETH,4h,15,3,20,1,1.8616250985603042,0.00010921383935325046,14590,704
ETH,4h,15,3,20,3,2.681333586817564,0.00018530176664599551,14590,416
ETH,4h,15,3,20,5,2.5000264700087174,0.00016826677790637845,14590,336
ETH,4h,15,3,20,10,2.0432024754346543,0.00012712634853961902,14590,249
ETH,4h,15,3,30,1,2.08243752005978,0.0001292178455825077,14590,630
ETH,4h,15,3,30,3,2.6392389052526455,0.00018166950347553446,14590,389
ETH,4h,15,3,30,5,2.5535702817534784,0.00017371880858063626,14590,310
ETH,4h,15,3,30,10,2.2736709517694313,0.00014837036648129853,14590,229
ETH,4h,15,3,50,1,1.913636692859215,0.00011380545210948334,14590,604
ETH,4h,15,3,50,3,2.6775312900198966,0.0001835665035849754,14590,359
ETH,4h,15,3,50,5,2.630020320074652,0.0001804246645347174,14590,294
ETH,4h,15,3,50,10,2.4304055145257926,0.00016298217160470863,14590,220
ETH,4h,20,2,20,1,1.843266578550341,0.0001076007882176988,14590,823
ETH,4h,20,2,20,3,2.158704668091137,0.00013687031585485343,14590,484
ETH,4h,20,2,20,5,2.552866829278463,0.0001731530972808315,14590,387
ETH,4h,20,2,20,10,1.745556701810101,9.931524761075394e-05,14590,283
ETH,4h,20,2,30,1,1.5340845890736885,7.928533885559474e-05,14590,778
ETH,4h,20,2,30,3,2.1343251785435475,0.00013447336237271124,14590,459
ETH,4h,20,2,30,5,2.492950616658348,0.00016827096264071528,14590,369
ETH,4h,20,2,30,10,1.6025715467392323,8.600100865341354e-05,14590,268
ETH,4h,20,2,50,1,1.3308252144198889,6.0665329267184376e-05,14590,753
ETH,4h,20,2,50,3,2.344305749469949,0.00015421337886478703,14590,454
ETH,4h,20,2,50,5,2.353966523866079,0.000155456454164149,14590,360
ETH,4h,20,2,50,10,1.8904371391010428,0.00011294469205136437,14590,244
ETH,4h,20,3,20,1,2.05214140368874,0.00012660300313283024,14590,623
ETH,4h,20,3,20,3,2.3859521577207077,0.0001580783413064335,14590,386
ETH,4h,20,3,20,5,2.724919472475043,0.0001904026320118657,14590,301
ETH,4h,20,3,20,10,2.3019174616863376,0.00015130680942343488,14590,223
ETH,4h,20,3,30,1,2.39435010080612,0.0001576002288963263,14590,566
ETH,4h,20,3,30,3,2.7117518891445713,0.00018684523488587956,14590,358
ETH,4h,20,3,30,5,2.241415654943173,0.0001448598298723347,14590,290
ETH,4h,20,3,30,10,2.623116278059721,0.0001813166607465,14590,197
ETH,4h,20,3,50,1,2.2893085514642,0.0001475741489771476,14590,533
ETH,4h,20,3,50,3,3.04165456995393,0.00021694573495145697,14590,323
ETH,4h,20,3,50,5,2.094516328928831,0.00013099080162226606,14590,271
ETH,4h,20,3,50,10,2.3584493275326155,0.0001560268870448578,14590,190
ETH,1d,5,2,20,1,1.5402024192315062,0.0004904964235812326,2431,250
ETH,1d,5,2,20,3,2.7883735956659135,0.0012376414050820905,2431,141
ETH,1d,5,2,20,5,2.7457200976512173,0.0012129007651136003,2431,110
ETH,1d,5,2,20,10,2.487457146770411,0.0010781001353858954,2431,68
ETH,1d,5,2,30,1,1.624770960895977,0.0005400069335712576,2431,242
ETH,1d,5,2,30,3,2.8595295451436886,0.0012791665686258114,2431,138
ETH,1d,5,2,30,5,2.828327909093994,0.0012602712750138245,2431,108
ETH,1d,5,2,30,10,2.6198377871878997,0.0011576207377783643,2431,66
ETH,1d,5,2,50,1,1.6728385188926609,0.0005678412635956587,2431,227
ETH,1d,5,2,50,3,2.8238724028413107,0.0012553913918287307,2431,137
ETH,1d,5,2,50,5,2.7903264549152595,0.0012364582308515004,2431,109
ETH,1d,5,2,50,10,2.55825710564627,0.0011210525741460753,2431,66
ETH,1d,5,3,20,1,2.4913805815727086,0.0010466102825070767,2431,145
ETH,1d,5,3,20,3,3.1207447632478997,0.0014249411731639405,2431,90
ETH,1d,5,3,20,5,2.301947486078697,0.000946658899970032,2431,76
ETH,1d,5,3,20,10,3.054245568255105,0.0014172002482943924,2431,45
ETH,1d,5,3,30,1,2.6792735427428322,0.0011594161139765191,2431,136
ETH,1d,5,3,30,3,3.085091702304777,0.0014069512448831034,2431,87
ETH,1d,5,3,30,5,2.444142951962252,0.001031113726956745,2431,73
ETH,1d,5,3,30,10,2.9819862999990354,0.0013712635788554195,2431,46
ETH,1d,5,3,50,1,2.71968448154824,0.0011870329624485976,2431,138
ETH,1d,5,3,50,3,3.215903240897386,0.0014793025795900583,2431,87
ETH,1d,5,3,50,5,2.2330284822058015,0.0008991584497930472,2431,74
ETH,1d,5,3,50,10,3.06472072544333,0.0014251212701696936,2431,47
ETH,1d,10,2,20,1,2.2345370798354756,0.0008845693910737307,2431,168
ETH,1d,10,2,20,3,3.052281653739363,0.0013862929922996425,2431,94
ETH,1d,10,2,20,5,2.9776342893333827,0.0013320408527230931,2431,70
ETH,1d,10,2,20,10,2.54726758149898,0.0010955917571955354,2431,48
ETH,1d,10,2,30,1,2.50517945697751,0.0010379213727471637,2431,158
ETH,1d,10,2,30,3,3.1744247231798486,0.0014557657077312047,2431,88
ETH,1d,10,2,30,5,2.849813895035153,0.0012603092414187334,2431,64
ETH,1d,10,2,30,10,2.5483657601508205,0.001096674109478224,2431,49
ETH,1d,10,2,50,1,2.5123921874424475,0.0010396687538907212,2431,154
ETH,1d,10,2,50,3,3.051673829317333,0.001375107177473911,2431,88
ETH,1d,10,2,50,5,2.631962321672277,0.0011327981566731093,2431,66
ETH,1d,10,2,50,10,2.611147499692515,0.0011384066460164988,2431,48
ETH,1d,10,3,20,1,3.0997290056283773,0.001387767266995077,2431,107
ETH,1d,10,3,20,3,3.1989815315767056,0.001446151266396578,2431,64
ETH,1d,10,3,20,5,2.696795550065983,0.0011696425462512927,2431,55
ETH,1d,10,3,20,10,2.72229351081863,0.001210193054922204,2431,38
ETH,1d,10,3,30,1,3.288677717403135,0.0014781719301375507,2431,98
ETH,1d,10,3,30,3,3.2710418779991057,0.0014963486746020216,2431,54
ETH,1d,10,3,30,5,2.7997113915510523,0.0012322879105561846,2431,49
ETH,1d,10,3,30,10,2.680120046266677,0.0011805855431441525,2431,37
ETH,1d,10,3,50,1,3.2625726848490384,0.0014647723393532708,2431,90
ETH,1d,10,3,50,3,3.089924025189851,0.001381720485344351,2431,57
ETH,1d,10,3,50,5,2.4863988153234255,0.0010402754190625974,2431,52
ETH,1d,10,3,50,10,2.656281748207047,0.0011594835288197824,2431,36
ETH,1d,15,2,20,1,2.323982855350353,0.0009341881860498447,2431,138
ETH,1d,15,2,20,3,2.4126440344673408,0.000999430830114445,2431,83
ETH,1d,15,2,20,5,2.201719414186857,0.0008769892819433522,2431,61
ETH,1d,15,2,20,10,2.3766824565001547,0.0010023521655704304,2431,45
ETH,1d,15,2,30,1,2.511193381588481,0.0010362401910208874,2431,127
ETH,1d,15,2,30,3,2.1805858184347082,0.0008574055265737623,2431,75
ETH,1d,15,2,30,5,2.3467107307989474,0.0009651773257512986,2431,56
ETH,1d,15,2,30,10,2.3857249030395025,0.0010085743127852265,2431,42
ETH,1d,15,2,50,1,2.7608010610481277,0.0011699444544119864,2431,115
ETH,1d,15,2,50,3,2.2997285354828274,0.0009231639543336723,2431,70
ETH,1d,15,2,50,5,2.499375963786979,0.0010549047705050718,2431,52
ETH,1d,15,2,50,10,2.4325284779752656,0.0010344768101913093,2431,40
ETH,1d,15,3,20,1,3.1016455200078514,0.0013710541278140198,2431,94
ETH,1d,15,3,20,3,2.772459432006038,0.0012129973615648826,2431,60
ETH,1d,15,3,20,5,2.615101682277069,0.0011266350285530358,2431,47
ETH,1d,15,3,20,10,2.6544286840610516,0.0011743069267773354,2431,33
ETH,1d,15,3,30,1,3.0419053610946065,0.0013417750387543226,2431,87
ETH,1d,15,3,30,3,2.835430660991835,0.0012393263344276928,2431,53
ETH,1d,15,3,30,5,2.6164016261310232,0.0011235066326842347,2431,42
ETH,1d,15,3,30,10,2.5829570937913737,0.0011257959574006993,2431,36
ETH,1d,15,3,50,1,2.7335022252667653,0.0011696113424528587,2431,91
ETH,1d,15,3,50,3,2.7876426050919196,0.001225261010740164,2431,50
ETH,1d,15,3,50,5,2.492588754239903,0.001046698031389015,2431,40
ETH,1d,15,3,50,10,2.5842285951096344,0.0011207912230157824,2431,32
ETH,1d,20,2,20,1,2.7990300002529236,0.0012097311967400604,2431,126
ETH,1d,20,2,20,3,2.6763995549899198,0.0011514767325555564,2431,71
ETH,1d,20,2,20,5,2.425674651206354,0.0010195493283409185,2431,60
ETH,1d,20,2,20,10,2.7561592249411913,0.001235281542856237,2431,40
ETH,1d,20,2,30,1,3.2832677573137166,0.001464396153804337,2431,101
ETH,1d,20,2,30,3,2.4327543229669453,0.0010047627990279473,2431,67
ETH,1d,20,2,30,5,2.539495891640952,0.0010853942656121607,2431,54
ETH,1d,20,2,30,10,2.6947173637586537,0.0012028054799539944,2431,38
ETH,1d,20,2,50,1,3.028103085888741,0.001316898538414213,2431,99
ETH,1d,20,2,50,3,2.4922672636057572,0.0010304137694709947,2431,61
ETH,1d,20,2,50,5,2.5000024692401124,0.0010643679783417515,2431,47
ETH,1d,20,2,50,10,2.555374770418432,0.001116161132010296,2431,36
ETH,1d,20,3,20,1,3.2248324655002634,0.0014445902731581306,2431,88
ETH,1d,20,3,20,3,2.4625581544817026,0.0010287899942762468,2431,56
ETH,1d,20,3,20,5,2.4323723233087446,0.001015026279954201,2431,49
ETH,1d,20,3,20,10,2.698105345688335,0.0011965965565341463,2431,34
ETH,1d,20,3,30,1,2.8300183147645455,0.001236828528884626,2431,85
ETH,1d,20,3,30,3,2.6814206156467297,0.0011563624332402433,2431,54
ETH,1d,20,3,30,5,2.461494891289502,0.001038378073236812,2431,41
ETH,1d,20,3,30,10,2.55447311122738,0.0011202318744718553,2431,30
ETH,1d,20,3,50,1,2.3420626544934016,0.0009499513967061723,2431,81
ETH,1d,20,3,50,3,2.6728360205926953,0.001151580536955077,2431,47
ETH,1d,20,3,50,5,2.473959361332152,0.001044908709249004,2431,39
ETH,1d,20,3,50,10,2.7282440671746016,0.001218743247248577,2431,27
SOL,1h,5,2,20,1,0.18009567780924757,-3.1550601969909664e-05,51352,5079
SOL,1h,5,2,20,3,0.8655916771696385,-4.389803444082574e-06,51352,2977
SOL,1h,5,2,20,5,1.0122099580234198,1.4935259873283258e-06,51352,2470
SOL,1h,5,2,20,10,1.5821214709161624,2.2904760900166465e-05,51352,1589
SOL,1h,5,2,30,1,0.11252468469956313,-3.421293706817874e-05,51352,4926
SOL,1h,5,2,30,3,0.9525370163163398,-1.0966549252033886e-06,51352,2914
SOL,1h,5,2,30,5,1.1005327249073833,4.830546811884773e-06,51352,2442
SOL,1h,5,2,30,10,1.506888196187454,1.9994557553415504e-05,51352,1581
SOL,1h,5,2,50,1,0.06800694006579057,-3.603963483067574e-05,51352,4826
SOL,1h,5,2,50,3,0.7248217214972423,-9.765899826597035e-06,51352,2889
SOL,1h,5,2,50,5,1.1339343842921286,6.041002358569969e-06,51352,2426
SOL,1h,5,2,50,10,1.6795430632620783,2.66637685915061e-05,51352,1557
SOL,1h,5,3,20,1,1.3065780061639025,1.2333966358690773e-05,51352,3614
SOL,1h,5,3,20,3,1.4174389886847396,1.686419669000294e-05,51352,2204
SOL,1h,5,3,20,5,1.65415330549935,2.58276744005137e-05,51352,1827
SOL,1h,5,3,20,10,2.205586661305505,4.715187407833277e-05,51352,1230
SOL,1h,5,3,30,1,1.3014497613719815,1.2061351489567329e-05,51352,3495
SOL,1h,5,3,30,3,1.4017020473934534,1.619660395735245e-05,51352,2170
SOL,1h,5,3,30,5,1.528678492533845,2.099966299939915e-05,51352,1789
SOL,1h,5,3,30,10,2.2732867708185074,4.980370897911257e-05,51352,1200
SOL,1h,5,3,50,1,1.3082796643411998,1.223911978454062e-05,51352,3347
SOL,1h,5,3,50,3,1.5234409342403574,2.0826265332507532e-05,51352,2123
SOL,1h,5,3,50,5,1.5577301297069146,2.2101683287090168e-05,51352,1770
SOL,1h,5,3,50,10,2.2716130580223752,4.974647385402875e-05,51352,1186
SOL,1h,10,2,20,1,0.758680240677619,-8.256560007469105e-06,51352,3899
SOL,1h,10,2,20,3,1.811521231517538,3.1885877856074885e-05,51352,2188
SOL,1h,10,2,20,5,1.259146619418139,1.0669749930469763e-05,51352,1716
SOL,1h,10,2,20,10,1.7901005799905862,3.098113538380076e-05,51352,1281
SOL,1h,10,2,30,1,0.5964368297961277,-1.446304817276367e-05,51352,3705
SOL,1h,10,2,30,3,1.456851977417496,1.827108737195715e-05,51352,2106
SOL,1h,10,2,30,5,1.0906693396176292,4.157808048743661e-06,51352,1663
SOL,1h,10,2,30,10,1.7671127305909082,3.0073031320076993e-05,51352,1238
SOL,1h,10,2,50,1,0.6031042458915441,-1.4429683976691088e-05,51352,3530
SOL,1h,10,2,50,3,1.4241116451079725,1.6991320002546217e-05,51352,2048
SOL,1h,10,2,50,5,1.2431838496993326,1.0003310457751269e-05,51352,1628
SOL,1h,10,2,50,10,1.9499274934277853,3.7155560317359004e-05,51352,1214
SOL,1h,10,3,20,1,1.2644565791068012,1.0651031366437635e-05,51352,2864
SOL,1h,10,3,20,3,1.9175819116453898,3.595504446818332e-05,51352,1675
SOL,1h,10,3,20,5,1.6842053313404965,2.690295313234614e-05,51352,1361
SOL,1h,10,3,20,10,2.405006479892192,5.4919207715053986e-05,51352,987
SOL,1h,10,3,30,1,1.2979996286170254,1.1903120380241106e-05,51352,2656
SOL,1h,10,3,30,3,1.7254938014434154,2.8516110714971177e-05,51352,1599
SOL,1h,10,3,30,5,1.481087456539071,1.904553242604301e-05,51352,1275
SOL,1h,10,3,30,10,2.4903129856685373,5.823120158354733e-05,51352,968
SOL,1h,10,3,50,1,1.191957821418636,7.67851824834409e-06,51352,2482
SOL,1h,10,3,50,3,1.603767124848305,2.3757359994380778e-05,51352,1533
SOL,1h,10,3,50,5,1.5329654959898074,2.1055337510622607e-05,51352,1231
SOL,1h,10,3,50,10,2.5779563494965667,6.162559069111673e-05,51352,942
SOL,1h,15,2,20,1,0.9657859757335812,-3.6085415755504613e-07,51352,3336
SOL,1h,15,2,20,3,1.9213540252041506,3.611602146547099e-05,51352,1891
SOL,1h,15,2,20,5,1.47799866392527,1.905049096095901e-05,51352,1483
SOL,1h,15,2,20,10,2.5731390217495664,6.157495403225077e-05,51352,1048
SOL,1h,15,2,30,1,0.9659512774144975,-3.7545444198094913e-07,51352,3106
SOL,1h,15,2,30,3,1.9190452363632524,3.602644791023124e-05,51352,1780
SOL,1h,15,2,30,5,1.5526030766771084,2.187507778916853e-05,51352,1411
SOL,1h,15,2,30,10,2.276899905002833,4.998375547038414e-05,51352,1012
SOL,1h,15,2,50,1,0.9563101392035516,-8.71289518977747e-07,51352,2924
SOL,1h,15,2,50,3,1.729367754496501,2.873060578179043e-05,51352,1692
SOL,1h,15,2,50,5,1.737221311384033,2.899860490801487e-05,51352,1352
SOL,1h,15,2,50,10,2.381506519804393,5.404941904019189e-05,51352,980
SOL,1h,15,3,20,1,1.1675013998924268,6.811961978714365e-06,51352,2550
SOL,1h,15,3,20,3,1.8321878535445444,3.262381772217715e-05,51352,1507
SOL,1h,15,3,20,5,1.868605384444171,3.401820979620496e-05,51352,1185
SOL,1h,15,3,20,10,2.2572216915465737,4.916112944663986e-05,51352,852
SOL,1h,15,3,30,1,1.2298261762046891,9.271440964297994e-06,51352,2314
SOL,1h,15,3,30,3,1.6857388338333426,2.690049945996975e-05,51352,1398
SOL,1h,15,3,30,5,1.7813592073321705,3.059454002007911e-05,51352,1084
SOL,1h,15,3,30,10,2.344307222871016,5.259540256874473e-05,51352,804
SOL,1h,15,3,50,1,1.2016107737185289,8.122328774451404e-06,51352,2147
SOL,1h,15,3,50,3,1.6967137739176106,2.729858947669861e-05,51352,1288
SOL,1h,15,3,50,5,1.891592793382933,3.490839255815281e-05,51352,1013
SOL,1h,15,3,50,10,2.36511334844459,5.338793376807871e-05,51352,753
SOL,1h,20,2,20,1,1.4773116295787547,1.9073795440860408e-05,51352,3025
SOL,1h,20,2,20,3,1.6137441551267582,2.4291876728144146e-05,51352,1738
SOL,1h,20,2,20,5,1.8424736332661202,3.3046176497686375e-05,51352,1343
SOL,1h,20,2,20,10,2.3860740688738264,5.4258447563348966e-05,51352,943
SOL,1h,20,2,30,1,1.5305554643284067,2.1088165308214002e-05,51352,2765
SOL,1h,20,2,30,3,1.6164405760303344,2.435126934674514e-05,51352,1599
SOL,1h,20,2,30,5,1.601842557085865,2.372513604487203e-05,51352,1258
SOL,1h,20,2,30,10,2.3036967082876583,5.1061153760967315e-05,51352,881
SOL,1h,20,2,50,1,1.3097062096167755,1.243373303982942e-05,51352,2588
SOL,1h,20,2,50,3,1.5230119581931,2.068595206417001e-05,51352,1539
SOL,1h,20,2,50,5,1.7835003744308628,3.072189128516811e-05,51352,1208
SOL,1h,20,2,50,10,2.1228929888235393,4.395260020051417e-05,51352,838
SOL,1h,20,3,20,1,1.5047936039880676,1.9849608819955122e-05,51352,2369
SOL,1h,20,3,20,3,2.092923677771773,4.2767291370315874e-05,51352,1411
SOL,1h,20,3,20,5,2.0803388393213975,4.228841679831952e-05,51352,1105
SOL,1h,20,3,20,10,2.4178756047981658,5.545060099843013e-05,51352,785
SOL,1h,20,3,30,1,1.2300188075974638,9.193967395848546e-06,51352,2123
SOL,1h,20,3,30,3,1.5078673683775812,1.9936024708178124e-05,51352,1263
SOL,1h,20,3,30,5,1.9178419340040582,3.591745074116304e-05,51352,1000
SOL,1h,20,3,30,10,2.0456424945944223,4.090976115866951e-05,51352,715
SOL,1h,20,3,50,1,1.2145819463146486,8.511827956025897e-06,51352,1979
SOL,1h,20,3,50,3,1.5654696448322858,2.2147381079085093e-05,51352,1187
SOL,1h,20,3,50,5,1.7103010299897412,2.779193053048523e-05,51352,943
SOL,1h,20,3,50,10,2.612488730691994,6.305230359493486e-05,51352,664
SOL,4h,5,2,20,1,1.3365118120153407,5.5616568487959483e-05,12838,1254
SOL,4h,5,2,20,3,1.848400901682932,0.00013434719889438007,12838,757
SOL,4h,5,2,20,5,1.5983586620486836,9.521816798629956e-05,12838,618
SOL,4h,5,2,20,10,2.4417888030320016,0.00022756247215904857,12838,389
SOL,4h,5,2,30,1,1.192160522466954,3.3731261386726885e-05,12838,1228
SOL,4h,5,2,30,3,1.7774817597554478,0.00012331660369491182,12838,751
SOL,4h,5,2,30,5,1.4498152858204667,7.22235459404974e-05,12838,619
SOL,4h,5,2,30,10,2.1783452390215934,0.00018598861943486256,12838,386
SOL,4h,5,2,50,1,1.0674723814592963,1.4112280307232439e-05,12838,1194
SOL,4h,5,2,50,3,1.7153446471168912,0.00011375198312246759,12838,745
SOL,4h,5,2,50,5,1.4655704412945394,7.455755913632345e-05,12838,615
SOL,4h,5,2,50,10,2.2773157017000325,0.00020179593621016956,12838,388
SOL,4h,5,3,20,1,1.6319699210033165,0.00010000587366820746,12838,879
SOL,4h,5,3,20,3,2.41667033451458,0.0002218175571244707,12838,548
SOL,4h,5,3,20,5,2.387992667584937,0.00021886642611734786,12838,451
SOL,4h,5,3,20,10,2.769024644365684,0.00028006415339532076,12838,300
SOL,4h,5,3,30,1,1.7737864193411337,0.00012206253924973431,12838,839
SOL,4h,5,3,30,3,2.397787007853265,0.00021894765312535647,12838,527
SOL,4h,5,3,30,5,2.5296824510379508,0.0002411229021850314,12838,441
SOL,4h,5,3,30,10,2.8107079419474372,0.0002871435142048906,12838,296
SOL,4h,5,3,50,1,1.7281755462448722,0.00011498238593765642,12838,818
SOL,4h,5,3,50,3,2.3839171933673486,0.00021654725189113044,12838,512
SOL,4h,5,3,50,5,2.383692034220925,0.00021802544062965445,12838,439
SOL,4h,5,3,50,10,3.0470403482002224,0.0003250404420127584,12838,290
SOL,4h,10,2,20,1,1.5457827690727346,8.666934176937424e-05,12838,945
SOL,4h,10,2,20,3,2.115174083686664,0.00017547828540420696,12838,566
SOL,4h,10,2,20,5,2.2762318799438006,0.00020075231701621732,12838,441
SOL,4h,10,2,20,10,2.5943727608613996,0.0002498520507039359,12838,329
SOL,4h,10,2,30,1,1.5165368337260647,8.148090891957338e-05,12838,911
SOL,4h,10,2,30,3,2.320212736573934,0.0002073796011068385,12838,541
SOL,4h,10,2,30,5,2.1803411162818995,0.00018575361144956837,12838,433
SOL,4h,10,2,30,10,2.6614746790206945,0.00026040663958282195,12838,311
SOL,4h,10,2,50,1,1.5446166307451612,8.594506406800484e-05,12838,875
SOL,4h,10,2,50,3,2.1765731338250616,0.0001851329473310237,12838,529
SOL,4h,10,2,50,5,2.148924566477692,0.0001808552444935163,12838,417
SOL,4h,10,2,50,10,2.61309600402418,0.00025327525480478563,12838,310
SOL,4h,10,3,20,1,2.2043720759765217,0.00019036895821389344,12838,705
SOL,4h,10,3,20,3,2.6211585126140218,0.00025625878335722163,12838,411
SOL,4h,10,3,20,5,2.5800832132941562,0.00024953868461308204,12838,333
SOL,4h,10,3,20,10,2.5763989699398246,0.0002498255059393273,12838,248
SOL,4h,10,3,30,1,2.0937879807711424,0.00017279618312415757,12838,665
SOL,4h,10,3,30,3,2.8462846555932053,0.00029185770300155234,12838,396
SOL,4h,10,3,30,5,2.4206721238113573,0.00022434973134921599,12838,319
SOL,4h,10,3,30,10,2.2931278403630455,0.00020467760212805608,12838,236
SOL,4h,10,3,50,1,2.1040686922807055,0.00017437108613060914,12838,634
SOL,4h,10,3,50,3,2.8209360476436554,0.00028881036200356647,12838,379
SOL,4h,10,3,50,5,2.418425943196764,0.0002245133350837758,12838,300
SOL,4h,10,3,50,10,2.4667567465421647,0.00023255483221884532,12838,229
SOL,4h,15,2,20,1,2.037778908823371,0.0001634008877062776,12838,794
SOL,4h,15,2,20,3,2.673499239077135,0.0002625605281536547,12838,463
SOL,4h,15,2,20,5,2.7773660831506657,0.0002791937957942192,12838,373
SOL,4h,15,2,20,10,3.26158889136935,0.00035847544152134425,12838,264
SOL,4h,15,2,30,1,2.001037458849409,0.00015761096049793366,12838,753
SOL,4h,15,2,30,3,2.5233944765515997,0.00023939303946574064,12838,450
SOL,4h,15,2,30,5,2.631917165100572,0.00025640627292666807,12838,356
SOL,4h,15,2,30,10,3.1116900410554074,0.0003349649154278378,12838,253
SOL,4h,15,2,50,1,2.1836412011165476,0.00018613702159231416,12838,711
SOL,4h,15,2,50,3,2.4054787066634353,0.0002213156342312228,12838,439
SOL,4h,15,2,50,5,2.272117360944977,0.00020018211355066207,12838,352
SOL,4h,15,2,50,10,2.8818344396813758,0.000298346557300988,12838,251
SOL,4h,15,3,20,1,2.176293927574084,0.00018589252178236038,12838,656
SOL,4h,15,3,20,3,2.791089359443146,0.000284120205205296,12838,374
SOL,4h,15,3,20,5,2.3861442584338888,0.00021891494321568672,12838,303
SOL,4h,15,3,20,10,2.883057557470824,0.0002992397309937722,12838,217
SOL,4h,15,3,30,1,2.3195270108546198,0.00020875071145209922,12838,602
SOL,4h,15,3,30,3,2.639748113009919,0.0002598479539996923,12838,352
SOL,4h,15,3,30,5,2.5511593324749486,0.00024601383462963256,12838,278
SOL,4h,15,3,30,10,2.5534702708237753,0.0002464584802923664,12838,212
SOL,4h,15,3,50,1,2.2975135222461813,0.0002053944726578827,12838,532
SOL,4h,15,3,50,3,2.4169385923428193,0.00022443818466388876,12838,322
SOL,4h,15,3,50,5,2.465084118820784,0.0002324346761219953,12838,266
SOL,4h,15,3,50,10,2.5598255850993286,0.0002474520195903107,12838,192
SOL,4h,20,2,20,1,1.9756705728716093,0.0001537739080890166,12838,726
SOL,4h,20,2,20,3,2.5418969373017117,0.00024386408200127718,12838,433
SOL,4h,20,2,20,5,2.56047118150095,0.00024645357585306726,12838,344
SOL,4h,20,2,20,10,3.233852061402549,0.00035502505709916754,12838,238
SOL,4h,20,2,30,1,2.3622271982284055,0.00021554666086887053,12838,695
SOL,4h,20,2,30,3,2.45008611299945,0.0002295437284338675,12838,405
SOL,4h,20,2,30,5,2.5335803836001514,0.00024260641217765944,12838,330
SOL,4h,20,2,30,10,2.781838287641876,0.00028302004432601,12838,228
SOL,4h,20,2,50,1,2.47886703134542,0.0002343022838215969,12838,647
SOL,4h,20,2,50,3,2.225985069038869,0.00019395760761176106,12838,399
SOL,4h,20,2,50,5,2.1629210247341684,0.00018369368881265835,12838,323
SOL,4h,20,2,50,10,2.813615088110142,0.0002893093469882313,12838,220
SOL,4h,20,3,20,1,2.0536177371565354,0.00016648224475668272,12838,622
SOL,4h,20,3,20,3,2.2164162658524402,0.00019227317558057067,12838,361
SOL,4h,20,3,20,5,2.3275931012620945,0.00020978552596195854,12838,296
SOL,4h,20,3,20,10,3.1000655513290494,0.0003345831214713879,12838,193
SOL,4h,20,3,30,1,2.4632001909776227,0.00023180781489284819,12838,528
SOL,4h,20,3,30,3,2.4999434314583584,0.00023739986187676365,12838,316
SOL,4h,20,3,30,5,2.1605920375477394,0.00018340444032372005,12838,251
SOL,4h,20,3,30,10,2.7802999986516856,0.00028315738880402286,12838,186
SOL,4h,20,3,50,1,2.602364097675196,0.0002537633754025048,12838,470
SOL,4h,20,3,50,3,2.5524259797178197,0.00024596684547928405,12838,283
SOL,4h,20,3,50,5,2.2028240993460724,0.0001902368993567105,12838,236
SOL,4h,20,3,50,10,2.967188529926781,0.00031378478234267426,12838,166
SOL,1d,5,2,20,1,2.727705103201455,0.0016131487864212701,2139,207
SOL,1d,5,2,20,3,3.262029206376855,0.002108071682132673,2139,115
SOL,1d,5,2,20,5,2.2997233860292834,0.0012040576480027987,2139,99
SOL,1d,5,2,20,10,2.841217260288064,0.0017318289564149936,2139,64
SOL,1d,5,2,30,1,2.8584695550101227,0.0017308467908305758,2139,203
SOL,1d,5,2,30,3,3.2110820201884698,0.002060875934704054,2139,113
SOL,1d,5,2,30,5,2.483241408613401,0.0013803265550376143,2139,97
SOL,1d,5,2,30,10,2.957166852605544,0.0018448601615899118,2139,61
SOL,1d,5,2,50,1,2.7244067486816146,0.0016085093002968787,2139,201
SOL,1d,5,2,50,3,3.1918750239763973,0.0020383921874067568,2139,112
SOL,1d,5,2,50,5,2.5213613390168224,0.0014169882913153131,2139,97
SOL,1d,5,2,50,10,3.0589213422424493,0.00195353137282428,2139,61
SOL,1d,5,3,20,1,3.1197339751071116,0.0019571103169477855,2139,137
SOL,1d,5,3,20,3,3.2365964984266733,0.0021051514056578124,2139,87
SOL,1d,5,3,20,5,2.4514025883635635,0.0013619595053646627,2139,72
SOL,1d,5,3,20,10,2.5485806617348152,0.0014592152265824332,2139,54
SOL,1d,5,3,30,1,3.1532094064078353,0.001991042865737924,2139,133
SOL,1d,5,3,30,3,3.08842930550851,0.00196931486283769,2139,86
SOL,1d,5,3,30,5,2.5364929170211274,0.0014450445603759743,2139,70
SOL,1d,5,3,30,10,2.6262788786834084,0.0015371581541490098,2139,54
SOL,1d,5,3,50,1,3.2760344817799463,0.0021193408933479763,2139,126
SOL,1d,5,3,50,3,2.9493458730653903,0.0018413632583291761,2139,88
SOL,1d,5,3,50,5,2.4007867927514073,0.001315446437414547,2139,71
SOL,1d,5,3,50,10,2.501133383912522,0.001415631806905182,2139,53
SOL,1d,10,2,20,1,3.081685729620253,0.0018955709138421817,2139,150
SOL,1d,10,2,20,3,3.2252366724014823,0.0020566236830941165,2139,89
SOL,1d,10,2,20,5,2.835039056269244,0.0017252274980503746,2139,71
SOL,1d,10,2,20,10,2.5885972845107745,0.0014868173182465139,2139,50
SOL,1d,10,2,30,1,3.1552239065864716,0.001971128704403746,2139,144
SOL,1d,10,2,30,3,3.322269610986631,0.002151030767728823,2139,85
SOL,1d,10,2,30,5,2.870589406341572,0.001754526889110819,2139,66
SOL,1d,10,2,30,10,2.6868604040599045,0.0015878197083378787,2139,47
SOL,1d,10,2,50,1,3.115211150571415,0.001933718870357648,2139,140
SOL,1d,10,2,50,3,3.4037969319212564,0.0022248646976341657,2139,78
SOL,1d,10,2,50,5,2.7045956109461047,0.0015940148284476763,2139,66
SOL,1d,10,2,50,10,2.6624089378462976,0.0015624694577640597,2139,47
SOL,1d,10,3,20,1,3.1618799158214754,0.001997041151241996,2139,120
SOL,1d,10,3,20,3,2.9545001841233858,0.0018320060435592644,2139,70
SOL,1d,10,3,20,5,2.397777309158662,0.0013005065240756508,2139,57
SOL,1d,10,3,20,10,2.3428636367388083,0.001254752759927591,2139,42
SOL,1d,10,3,30,1,3.22619725345142,0.002046984411924191,2139,109
SOL,1d,10,3,30,3,2.945081250687809,0.001819994121326829,2139,68
SOL,1d,10,3,30,5,2.560844415554057,0.0014709149133489419,2139,59
SOL,1d,10,3,30,10,2.5307304923746394,0.0014327089941388316,2139,44
SOL,1d,10,3,50,1,3.0156227119491357,0.0018631839233096414,2139,100
SOL,1d,10,3,50,3,2.9512161642423473,0.0018271315909539343,2139,65
SOL,1d,10,3,50,5,2.5760889935017275,0.0014837170235035835,2139,59
SOL,1d,10,3,50,10,2.431666937706076,0.0013365467160944,2139,44
SOL,1d,15,2,20,1,2.912398938724231,0.001754743188229213,2139,137
SOL,1d,15,2,20,3,2.891949810429425,0.001749088690680356,2139,77
SOL,1d,15,2,20,5,2.950376600454056,0.0018223283302376547,2139,56
SOL,1d,15,2,20,10,3.1642462910901568,0.002022228990552044,2139,36
SOL,1d,15,2,30,1,2.7798079303524683,0.00163194891831564,2139,133
SOL,1d,15,2,30,3,3.1027052067479066,0.0019518703955316852,2139,69
SOL,1d,15,2,30,5,2.752312081004609,0.0016212713387933064,2139,52
SOL,1d,15,2,30,10,2.8176208863592302,0.0016956653745427985,2139,38
SOL,1d,15,2,50,1,2.4694241767055947,0.001361119133358013,2139,129
SOL,1d,15,2,50,3,2.726872305754242,0.0016035034291788097,2139,66
SOL,1d,15,2,50,5,2.4977985846515556,0.0013875981746374055,2139,49
SOL,1d,15,2,50,10,2.7771384103077352,0.0016528392102013179,2139,35
SOL,1d,15,3,20,1,3.2273633328012488,0.0020426733285496823,2139,92
SOL,1d,15,3,20,3,2.994955929524969,0.0018578544392009455,2139,58
SOL,1d,15,3,20,5,2.286780256081759,0.001193674748833029,2139,48
SOL,1d,15,3,20,10,2.943480168056677,0.0018241172111823634,2139,32
SOL,1d,15,3,30,1,3.2311061256159617,0.00204412695422751,2139,84
SOL,1d,15,3,30,3,2.76482713125872,0.0016460113451193248,2139,55
SOL,1d,15,3,30,5,2.3961356444342177,0.0012944085230395252,2139,40
SOL,1d,15,3,30,10,2.9254597169231906,0.0018031553275836831,2139,29
SOL,1d,15,3,50,1,3.2020200758494695,0.0020396947000174137,2139,75
SOL,1d,15,3,50,3,2.706189913582903,0.0015930067908356271,2139,50
SOL,1d,15,3,50,5,2.148582745599526,0.001060512387632162,2139,40
SOL,1d,15,3,50,10,3.013894408356284,0.00189003074696803,2139,31
SOL,1d,20,2,20,1,3.0899347967018693,0.001917535482914401,2139,126
SOL,1d,20,2,20,3,2.898028301612216,0.0017565308195972573,2139,70
SOL,1d,20,2,20,5,2.7439575254724384,0.001623322979855013,2139,54
SOL,1d,20,2,20,10,3.347530419866639,0.0021778485187908814,2139,35
SOL,1d,20,2,30,1,2.556927253995523,0.0014384022530957719,2139,117
SOL,1d,20,2,30,3,2.9206980752340024,0.0017879345111913025,2139,64
SOL,1d,20,2,30,5,2.6383213726072894,0.0015248857942293803,2139,48
SOL,1d,20,2,30,10,3.0727761266104157,0.0019172328823591211,2139,32
SOL,1d,20,2,50,1,2.5251362203074694,0.00140535830541344,2139,113
SOL,1d,20,2,50,3,3.129119704914556,0.0019660518539015293,2139,56
SOL,1d,20,2,50,5,2.7025466565130336,0.0015801889760911347,2139,47
SOL,1d,20,2,50,10,3.003327584562882,0.0018504202318392338,2139,34
SOL,1d,20,3,20,1,3.0617099576955873,0.0019112937462733015,2139,87
SOL,1d,20,3,20,3,3.144181343243018,0.0019981292753887825,2139,53
SOL,1d,20,3,20,5,2.5085375096560876,0.001403430541608186,2139,42
SOL,1d,20,3,20,10,2.641404471344784,0.0015234829324675125,2139,33
SOL,1d,20,3,30,1,2.990827234419409,0.001841830812049139,2139,80
SOL,1d,20,3,30,3,3.065019755560925,0.001918169760923849,2139,48
SOL,1d,20,3,30,5,2.3987828069236605,0.001296166399591181,2139,37
SOL,1d,20,3,30,10,2.9995374830496897,0.0018691009729372432,2139,27
SOL,1d,20,3,50,1,2.745751171207992,0.0016204167652542623,2139,71
SOL,1d,20,3,50,3,3.041585474226261,0.0018978368273314672,2139,38
SOL,1d,20,3,50,5,2.6494269247008417,0.0015474909235930756,2139,33
SOL,1d,20,3,50,10,2.935605962470342,0.0018065711321557654,2139,25
