symbol,tf,er,fast,slow,lb,year,t,mean
BTC,1h,15,3,30,10,2019,-0.271908396051876,-2.1394327280234078e-05
BTC,1h,15,3,30,10,2020,2.4079361554666026,0.00013173766309750325
BTC,1h,15,3,30,10,2021,1.2119950577807448,7.855442617276328e-05
BTC,1h,15,3,30,10,2022,-0.7605141665264769,-3.491669186262354e-05
BTC,1h,15,3,30,10,2023,1.7089603407415983,6.626585647097471e-05
BTC,1h,15,3,30,10,2024,1.6686126011369087,6.931511361820177e-05
BTC,1h,15,3,30,10,2025,-1.019620963854015,-3.5563630357292424e-05
BTC,1h,15,3,30,10,2026,-0.444586616399785,-1.9194552375510488e-05
BTC,1h,15,3,30,10,20242026,0.38927069859810887,9.031755626998362e-06
BTC,1h,15,3,50,10,2019,-0.26068574928449656,-2.0633034645173263e-05
BTC,1h,15,3,50,10,2020,2.5531440373614815,0.000139971851260102
BTC,1h,15,3,50,10,2021,1.015732282876952,6.481839395656831e-05
BTC,1h,15,3,50,10,2022,-0.7060829226375335,-3.225615946080178e-05
BTC,1h,15,3,50,10,2023,1.6106571032033055,6.250222428264701e-05
BTC,1h,15,3,50,10,2024,1.6958909436115437,7.034984728388295e-05
BTC,1h,15,3,50,10,2025,-1.4692588556199924,-5.0893011025111165e-05
BTC,1h,15,3,50,10,2026,-0.2705824285120624,-1.1719766713126186e-05
BTC,1h,15,3,50,10,20242026,0.22017266830312213,5.095665497376832e-06
BTC,1h,15,2,50,10,2019,-0.31521082027078967,-2.473041333457866e-05
BTC,1h,15,2,50,10,2020,2.299802805064592,0.00013344542574448637
BTC,1h,15,2,50,10,2021,0.6693450650153097,4.3462202024108154e-05
BTC,1h,15,2,50,10,2022,-0.0992672938090856,-4.7313112879007e-06
BTC,1h,15,2,50,10,2023,1.8196801664727538,6.974866943975286e-05
BTC,1h,15,2,50,10,2024,1.8396669084059791,7.594771773742795e-05
BTC,1h,15,2,50,10,2025,-1.5894826198075511,-5.595805887632243e-05
BTC,1h,15,2,50,10,2026,-0.44004801276135397,-1.9327116648556608e-05
BTC,1h,15,2,50,10,20242026,0.1565346125255783,3.643284496887636e-06
BTC,1h,15,2,20,10,2019,-0.3355948133010504,-2.6349401018832332e-05
BTC,1h,15,2,20,10,2020,2.1100783350880876,0.00012189311122331769
BTC,1h,15,2,20,10,2021,0.6156007569255433,4.019232752080618e-05
BTC,1h,15,2,20,10,2022,-0.2458527821799147,-1.1940099595523544e-05
BTC,1h,15,2,20,10,2023,2.092898947030385,8.04093409175453e-05
BTC,1h,15,2,20,10,2024,1.784686611665861,7.347042399965356e-05
BTC,1h,15,2,20,10,2025,-1.5938587116087894,-5.5711708275449286e-05
BTC,1h,15,2,20,10,2026,-0.1374307222842625,-6.026298029872705e-06
BTC,1h,15,2,20,10,20242026,0.24521500838091212,5.6837719735152844e-06
BTC,1h,15,3,20,10,2019,-0.3368187151150821,-2.657932039865973e-05
BTC,1h,15,3,20,10,2020,2.50222482341804,0.00014490492469404622
BTC,1h,15,3,20,10,2021,0.6335855122423649,4.129808193439155e-05
BTC,1h,15,3,20,10,2022,-0.9206661808611553,-4.264366314995564e-05
BTC,1h,15,3,20,10,2023,1.8076603905516802,6.996933592941863e-05
BTC,1h,15,3,20,10,2024,1.6494884729494719,6.837978129693614e-05
BTC,1h,15,3,20,10,2025,-0.9616579945041597,-3.3504942408101355e-05
BTC,1h,15,3,20,10,2026,-0.41991244148308127,-1.8376801265589538e-05
BTC,1h,15,3,20,10,20242026,0.4154568993081119,9.647918500294624e-06
BTC,4h,5,2,30,10,2019,0.19226002238184445,5.374802763942736e-05
BTC,4h,5,2,30,10,2020,2.5432468143119835,0.0005176600160256695
BTC,4h,5,2,30,10,2021,0.6120258754521511,0.00016458804361276234
BTC,4h,5,2,30,10,2022,-0.07653238555299338,-1.3469071127517939e-05
BTC,4h,5,2,30,10,2023,1.7387228863964124,0.0002803490829546969
BTC,4h,5,2,30,10,2024,2.7207776152542,0.00046361353281931925
BTC,4h,5,2,30,10,2025,-0.14686701522793774,-2.0081547157213377e-05
BTC,4h,5,2,30,10,2026,0.20338569365826759,3.518989356653433e-05
BTC,4h,5,2,30,10,20242026,1.9394878287862602,0.00018116102188101232
BTC,4h,5,2,50,10,2019,0.17288844660631097,4.830452465977566e-05
BTC,4h,5,2,50,10,2020,2.5012131572535687,0.000509095019749492
BTC,4h,5,2,50,10,2021,0.5135560371098193,0.00013773042810523203
BTC,4h,5,2,50,10,2022,-0.034159032161590316,-6.009738799429367e-06
BTC,4h,5,2,50,10,2023,1.7831535506077736,0.00028708373769117766
BTC,4h,5,2,50,10,2024,2.7808116083653123,0.0004737245503791312
BTC,4h,5,2,50,10,2025,-0.24039844076309558,-3.281344531434839e-05
BTC,4h,5,2,50,10,2026,0.08435895178925984,1.4602655468138281e-05
BTC,4h,5,2,50,10,20242026,1.881435170977027,0.0001756408357585397
BTC,4h,5,2,20,10,2019,0.17141366465339045,4.7932686278684835e-05
BTC,4h,5,2,20,10,2020,2.5526027447275133,0.0005185075886436695
BTC,4h,5,2,20,10,2021,0.6017484398324461,0.00016144797467904508
BTC,4h,5,2,20,10,2022,-0.10142082200832617,-1.7855904951918456e-05
BTC,4h,5,2,20,10,2023,1.627316226144292,0.0002630673834517696
BTC,4h,5,2,20,10,2024,2.635909569024734,0.00044761246520134577
BTC,4h,5,2,20,10,2025,-0.16459123083510224,-2.251886168831266e-05
BTC,4h,5,2,20,10,2026,0.24616247002868,4.266542961944529e-05
BTC,4h,5,2,20,10,20242026,1.8822852324048156,0.0001755910158327401
BTC,4h,10,3,20,10,2019,-0.0005606481314038138,-1.510367290238759e-07
BTC,4h,10,3,20,10,2020,2.5922401806431097,0.0005598525636553227
BTC,4h,10,3,20,10,2021,0.926108165085847,0.00023307890563104702
BTC,4h,10,3,20,10,2022,-1.2756875096399978,-0.00020087954796023025
BTC,4h,10,3,20,10,2023,2.4642299988087935,0.00039344035781673723
BTC,4h,10,3,20,10,2024,2.1839130581577586,0.00036915835778553847
BTC,4h,10,3,20,10,2025,-0.10909522624142266,-1.48456975455653e-05
BTC,4h,10,3,20,10,2026,-0.8718908800960341,-0.0001486178036352
BTC,4h,10,3,20,10,20242026,1.1442167132121976,0.00010601135641042706
BTC,4h,15,3,50,5,2019,-0.2478709263639836,-6.863666221760776e-05
BTC,4h,15,3,50,5,2020,2.3545912234585407,0.0005103736064834832
BTC,4h,15,3,50,5,2021,0.8411849749908256,0.00020817865547989895
BTC,4h,15,3,50,5,2022,-1.2953398399938785,-0.00020292812565562578
BTC,4h,15,3,50,5,2023,2.342737208860024,0.0003832114300507626
BTC,4h,15,3,50,5,2024,2.1207681383019796,0.00035062955394218334
BTC,4h,15,3,50,5,2025,-0.3905442875526659,-5.205547958619283e-05
BTC,4h,15,3,50,5,2026,-0.28814057120387004,-4.775184126806517e-05
BTC,4h,15,3,50,5,20242026,1.1742223628373694,0.00010634726413880915
BTC,1d,5,2,50,10,2019,-0.8801228481816081,-0.0007849013646589563
BTC,1d,5,2,50,10,2020,3.2971039351183538,0.004656557618233183
BTC,1d,5,2,50,10,2021,1.2341825727384974,0.0018816117320145417
BTC,1d,5,2,50,10,2022,-1.3870421108888817,-0.0015037607334867776
BTC,1d,5,2,50,10,2023,1.4475733607097345,0.0013854595330538766
BTC,1d,5,2,50,10,2024,1.939349422239605,0.002287911640176039
BTC,1d,5,2,50,10,2025,-0.3294358817260702,-0.00022835734172413632
BTC,1d,5,2,50,10,2026,-0.06958299364897298,-6.4704221581795e-05
BTC,1d,5,2,50,10,20242026,1.3813279792231428,0.0007914111807167227
BTC,1d,5,3,20,10,2019,-1.3145002947306552,-0.001076428985320923
BTC,1d,5,3,20,10,2020,2.9424240928011325,0.0042517561804687526
BTC,1d,5,3,20,10,2021,1.2186137043406426,0.0019144030519674853
BTC,1d,5,3,20,10,2022,-1.1920132185192784,-0.001203773321914994
BTC,1d,5,3,20,10,2023,1.7145852314834795,0.0016268784722016484
BTC,1d,5,3,20,10,2024,1.4262829304238642,0.001678702559059295
BTC,1d,5,3,20,10,2025,-0.6845951794444012,-0.0004535173150313302
BTC,1d,5,3,20,10,2026,0.627523566391967,0.0005214023465744443
BTC,1d,5,3,20,10,20242026,1.0629630011842615,0.0005937593992275935
BTC,1d,5,2,30,10,2019,-0.8801228481816081,-0.0007849013646589563
BTC,1d,5,2,30,10,2020,3.2386474577448685,0.004582454697940975
BTC,1d,5,2,30,10,2021,1.0193462954467711,0.0015838870562420546
BTC,1d,5,2,30,10,2022,-1.431652046119503,-0.001558167770160735
BTC,1d,5,2,30,10,2023,1.4390818784867532,0.001370772308144049
BTC,1d,5,2,30,10,2024,1.904606093738573,0.0022485665394908552
BTC,1d,5,2,30,10,2025,-0.26949001770441744,-0.00018710458876890603
BTC,1d,5,2,30,10,2026,-0.06958299364897298,-6.4704221581795e-05
BTC,1d,5,2,30,10,20242026,1.3815800363297002,0.00079211304821446
BTC,1d,15,3,20,1,2019,-0.9726965058688019,-0.0011045826809115604
BTC,1d,15,3,20,1,2020,3.0561951433515686,0.004291168714753971
BTC,1d,15,3,20,1,2021,1.2472983015154182,0.0018667270489998954
BTC,1d,15,3,20,1,2022,-1.4849127048162976,-0.0011753742166736461
BTC,1d,15,3,20,1,2023,1.7479444196448948,0.0017755487867226975
BTC,1d,15,3,20,1,2024,0.9352662040324364,0.0010622685460210876
BTC,1d,15,3,20,1,2025,-0.08955914392947978,-6.28441921481315e-05
BTC,1d,15,3,20,1,2026,-0.5252130837150404,-0.00040407716121445045
BTC,1d,15,3,20,1,20242026,0.5517078123880784,0.00030236788425287155
BTC,1d,5,3,30,10,2019,-1.0253927885812733,-0.0007857035143025989
BTC,1d,5,3,30,10,2020,2.8336160514861133,0.004125460837005792
BTC,1d,5,3,30,10,2021,1.2360705026717116,0.0019414456297686914
BTC,1d,5,3,30,10,2022,-1.7960398020058441,-0.001716070793188351
BTC,1d,5,3,30,10,2023,1.6347197741328183,0.0015518180211451086
BTC,1d,5,3,30,10,2024,1.5361762509041506,0.001811373389209881
BTC,1d,5,3,30,10,2025,-0.5549675995005678,-0.00037005539536229406
BTC,1d,5,3,30,10,2026,0.43301522660471603,0.00035631595234780625
BTC,1d,5,3,30,10,20242026,1.1473707485177003,0.000642026935229572
ETH,1h,10,2,20,10,2019,-0.5259280322323492,-5.726584049495369e-05
ETH,1h,10,2,20,10,2020,3.283961160028928,0.00022081433948520886
ETH,1h,10,2,20,10,2021,2.0872113636052294,0.00017352849495214472
ETH,1h,10,2,20,10,2022,0.1253905939622322,8.128020224868734e-06
ETH,1h,10,2,20,10,2023,1.627300385001961,6.285475239296952e-05
ETH,1h,10,2,20,10,2024,0.7109744932602926,3.6150646225662274e-05
ETH,1h,10,2,20,10,2025,0.1781839599876935,1.0089213949334895e-05
ETH,1h,10,2,20,10,2026,0.06282374029637235,3.705091314033073e-06
ETH,1h,10,2,20,10,20242026,0.5828087656391049,1.8881670223799583e-05
ETH,1h,5,2,50,10,2019,-0.8265687615289362,-0.00012332482405063436
ETH,1h,5,2,50,10,2020,2.6687574654966313,0.00018434098510834666
ETH,1h,5,2,50,10,2021,2.423338599807923,0.00019843786386031806
ETH,1h,5,2,50,10,2022,0.07402162210560885,4.849169314462853e-06
ETH,1h,5,2,50,10,2023,1.5436687675378338,6.0078441688577446e-05
ETH,1h,5,2,50,10,2024,0.7830436808878758,3.9340404437765815e-05
ETH,1h,5,2,50,10,2025,0.6472909093525232,3.656162723417601e-05
ETH,1h,5,2,50,10,2026,-0.3907386974159887,-2.2506221924308202e-05
ETH,1h,5,2,50,10,20242026,0.7699081033471019,2.471133169894588e-05
ETH,1h,5,2,20,10,2019,-0.843528767837822,-0.00011468715476892474
ETH,1h,5,2,20,10,2020,2.7071743571575353,0.00018438881394743596
ETH,1h,5,2,20,10,2021,2.514961243094337,0.0002055350097335465
ETH,1h,5,2,20,10,2022,-0.031176373727580427,-2.035408797732312e-06
ETH,1h,5,2,20,10,2023,1.4123954776926593,5.522395857237097e-05
ETH,1h,5,2,20,10,2024,0.612019903419319,3.089975328487275e-05
ETH,1h,5,2,20,10,2025,0.7769568506154725,4.391772963565432e-05
ETH,1h,5,2,20,10,2026,-0.3360043703008664,-1.9405202507072402e-05
ETH,1h,5,2,20,10,20242026,0.7755909484068407,2.495856250569167e-05
ETH,1h,15,2,30,10,2019,-0.3486603946018157,-3.6695700641380695e-05
ETH,1h,15,2,30,10,2020,3.0403000054339477,0.0002121543126730477
ETH,1h,15,2,30,10,2021,1.7679957440735212,0.000147742796705867
ETH,1h,15,2,30,10,2022,0.4051087832127063,2.5841475108726875e-05
ETH,1h,15,2,30,10,2023,1.5345384376612696,6.0043297311916346e-05
ETH,1h,15,2,30,10,2024,1.3614975350705631,6.857257353483793e-05
ETH,1h,15,2,30,10,2025,-0.42784874686330765,-2.4568140243914893e-05
ETH,1h,15,2,30,10,2026,0.05584837728923521,3.252216090921306e-06
ETH,1h,15,2,30,10,20242026,0.5532978812512684,1.7945400665983557e-05
ETH,1h,15,2,20,10,2019,-0.06971832584697862,-7.372457480724441e-06
ETH,1h,15,2,20,10,2020,2.831690524185578,0.00019797538178624197
ETH,1h,15,2,20,10,2021,1.6932912665225532,0.00014134767146427605
ETH,1h,15,2,20,10,2022,0.5403181565534546,3.431691013753686e-05
ETH,1h,15,2,20,10,2023,1.637644391910605,6.390851568616121e-05
ETH,1h,15,2,20,10,2024,1.0156398931475008,5.135231180986336e-05
ETH,1h,15,2,20,10,2025,-0.42759485784293194,-2.4672450204442296e-05
ETH,1h,15,2,20,10,2026,0.13426710939092018,7.866800935509647e-06
ETH,1h,15,2,20,10,20242026,0.3738444821891357,1.2181833322188075e-05
ETH,4h,5,2,50,10,2019,-0.5053153463970728,-0.00019889832889119564
ETH,4h,5,2,50,10,2020,3.0564163567295224,0.0008599618819992154
ETH,4h,5,2,50,10,2021,1.5964841973603403,0.0005544061116858661
ETH,4h,5,2,50,10,2022,-0.6123022222961434,-0.00014665704531405152
ETH,4h,5,2,50,10,2023,0.7618454041957833,0.00012601363117804572
ETH,4h,5,2,50,10,2024,1.6339148917370794,0.00031410184881364346
ETH,4h,5,2,50,10,2025,1.0890625745462779,0.00023511134532561517
ETH,4h,5,2,50,10,2026,-0.19667257063750768,-4.557321008909897e-05
ETH,4h,5,2,50,10,20242026,1.65285126242317,0.00020452394192454893
ETH,4h,15,2,20,5,2019,-0.13621979104631438,-4.838345965269898e-05
ETH,4h,15,2,20,5,2020,2.6833723368209474,0.0007360821269871109
ETH,4h,15,2,20,5,2021,1.8659715544648334,0.0006433107229294078
ETH,4h,15,2,20,5,2022,0.0802417324696826,1.850834247444901e-05
ETH,4h,15,2,20,5,2023,0.843323612468401,0.00013890805385303212
ETH,4h,15,2,20,5,2024,1.4010437322277298,0.000270865899950236
ETH,4h,15,2,20,5,2025,0.6820620438287117,0.00013891182097487795
ETH,4h,15,2,20,5,2026,-0.6333188396052051,-0.00014719270842641514
ETH,4h,15,2,20,5,20242026,1.0575989839395026,0.00012784746667756595
ETH,4h,20,3,50,3,2019,-1.1887040377145237,-0.0003415595900228433
ETH,4h,20,3,50,3,2020,2.594137056759613,0.0007205447628975367
ETH,4h,20,3,50,3,2021,2.0360279165459447,0.0007128345729805558
ETH,4h,20,3,50,3,2022,0.11252069884342285,2.5199269373622926e-05
ETH,4h,20,3,50,3,2023,0.9439336971237702,0.00016384847420951431
ETH,4h,20,3,50,3,2024,1.3519913364457965,0.00025408552942927205
ETH,4h,20,3,50,3,2025,0.14213035629437443,2.7900828207058524e-05
ETH,4h,20,3,50,3,2026,-0.19938997182321774,-4.311000684560696e-05
ETH,4h,20,3,50,3,20242026,0.8674515787585239,0.00010079225925570566
ETH,4h,15,2,50,5,2019,-0.005988982801236642,-2.1157502292002275e-06
ETH,4h,15,2,50,5,2020,2.547121281584189,0.0007025734613524454
ETH,4h,15,2,50,5,2021,1.8327211739387905,0.0006323287482497467
ETH,4h,15,2,50,5,2022,0.35361282872837363,7.893831432971178e-05
ETH,4h,15,2,50,5,2023,0.6312156803818947,0.00010482809763453737
ETH,4h,15,2,50,5,2024,1.422343564032639,0.00027537170675919566
ETH,4h,15,2,50,5,2025,0.37324154712436275,7.643044755660972e-05
ETH,4h,15,2,50,5,2026,-0.4944853785094232,-0.00011240500060002137
ETH,4h,15,2,50,5,20242026,0.9345332426187616,0.00011286338986006814
ETH,4h,5,2,30,10,2019,-0.43271885542376265,-0.00017078690543093457
ETH,4h,5,2,30,10,2020,3.0285331268428974,0.0008519033861410176
ETH,4h,5,2,30,10,2021,1.34832599392006,0.00046718264706889365
ETH,4h,5,2,30,10,2022,-0.5487151554281362,-0.00013108213762978938
ETH,4h,5,2,30,10,2023,0.6400315049283737,0.00010558482339828458
ETH,4h,5,2,30,10,2024,1.6263528788563584,0.0003123422368131132
ETH,4h,5,2,30,10,2025,1.0645436463517235,0.0002298003973584358
ETH,4h,5,2,30,10,2026,-0.14662101458266077,-3.3953196993003485e-05
ETH,4h,5,2,30,10,20242026,1.6519703230138532,0.00020430982727122097
ETH,1d,10,3,30,1,2019,-1.4063927006109593,-0.0009782732292023687
ETH,1d,10,3,30,1,2020,2.777016077853506,0.005199834634754387
ETH,1d,10,3,30,1,2021,2.4050332984976395,0.005309962391927727
ETH,1d,10,3,30,1,2022,-0.09262493445019043,-0.00011906982966932941
ETH,1d,10,3,30,1,2023,0.9240080472287375,0.0010087364943856493
ETH,1d,10,3,30,1,2024,0.9608139903701005,0.0010296077608245027
ETH,1d,10,3,30,1,2025,0.1419534387284845,0.00016863408966066127
ETH,1d,10,3,30,1,2026,-0.1781580752902224,-0.00019433849601167873
ETH,1d,10,3,30,1,20242026,0.6371135403747854,0.0004257996704118751
ETH,1d,20,2,30,1,2019,-0.266072028856278,-0.0007076314767873488
ETH,1d,20,2,30,1,2020,2.535789366496919,0.004688882389341535
ETH,1d,20,2,30,1,2021,2.069818199432931,0.004405123083848644
ETH,1d,20,2,30,1,2022,0.46761285530171115,0.0005925201896676383
ETH,1d,20,2,30,1,2023,0.2814916538311217,0.00028768911977462353
ETH,1d,20,2,30,1,2024,1.5201152084137766,0.0015925149822394718
ETH,1d,20,2,30,1,2025,0.7526464764385524,0.000967595645543129
ETH,1d,20,2,30,1,2026,-0.3368381023823733,-0.00041066651476548085
ETH,1d,20,2,30,1,20242026,1.3000345615379998,0.0009100921566196211
ETH,1d,10,3,30,3,2019,,0.0
ETH,1d,10,3,30,3,2020,2.6004715615920686,0.005022561279824343
ETH,1d,10,3,30,3,2021,2.370048592455914,0.00529060428315232
ETH,1d,10,3,30,3,2022,-0.7745429263225468,-0.0010162351792213666
ETH,1d,10,3,30,3,2023,1.1117770231101791,0.0012055441817470354
ETH,1d,10,3,30,3,2024,1.0278868266582653,0.0011116646534581505
ETH,1d,10,3,30,3,2025,1.1679581190315373,0.0015683705253175097
ETH,1d,10,3,30,3,2026,-0.9206636120525209,-0.0009421229347627339
ETH,1d,10,3,30,3,20242026,1.1839320147238803,0.000839945836837835
ETH,1d,10,3,50,1,2019,-1.4063927006109593,-0.0009782732292023687
ETH,1d,10,3,50,1,2020,2.6975069846625743,0.005063254264998615
ETH,1d,10,3,50,1,2021,2.098702923534253,0.004702081430093814
ETH,1d,10,3,50,1,2022,-0.14718819812470776,-0.00018368295556660515
ETH,1d,10,3,50,1,2023,1.1715066621034869,0.001297434248463602
ETH,1d,10,3,50,1,2024,0.8029126813002847,0.0008704620512155609
ETH,1d,10,3,50,1,2025,0.613791365139862,0.0007363663526060456
ETH,1d,10,3,50,1,2026,-0.145349088435298,-0.00013649477365259045
ETH,1d,10,3,50,1,20242026,0.9007372028697006,0.0005976297017599582
ETH,1d,20,3,20,1,2019,-0.266072028856278,-0.0007076314767873488
ETH,1d,20,3,20,1,2020,2.880931725659299,0.0054385885047547235
ETH,1d,20,3,20,1,2021,2.2060795934163564,0.004921757823427718
ETH,1d,20,3,20,1,2022,-0.3521326233309454,-0.000444864268921273
ETH,1d,20,3,20,1,2023,0.6690734491183524,0.0007148028093762653
ETH,1d,20,3,20,1,2024,1.3382402166164853,0.0014303365443713995
ETH,1d,20,3,20,1,2025,0.4804645584738671,0.0005671007615834644
ETH,1d,20,3,20,1,2026,-0.6220292128465384,-0.0006679616299286759
ETH,1d,20,3,20,1,20242026,0.9542336349056731,0.0006341483109855964
SOL,1h,20,3,50,10,2020,-0.7503668818157175,-0.00016505668728654637
SOL,1h,20,3,50,10,2021,2.840251840554942,0.0004339099200399254
SOL,1h,20,3,50,10,2022,-1.3668844943137954,-0.0001096801281222701
SOL,1h,20,3,50,10,2023,2.6093605236443396,0.00022668987557020157
SOL,1h,20,3,50,10,2024,1.4341432504793281,0.00010168028552813884
SOL,1h,20,3,50,10,2025,0.1477283676363586,9.929593319800252e-06
SOL,1h,20,3,50,10,2026,-0.4494461695410382,-2.77691310287557e-05
SOL,1h,20,3,50,10,20242026,0.9275858080758556,3.754980150013995e-05
SOL,1h,10,3,50,10,2020,-0.82348148336207,-0.00018065055013860196
SOL,1h,10,3,50,10,2021,3.0470233621313825,0.0004594427155626004
SOL,1h,10,3,50,10,2022,-1.4614161076100631,-0.0001196723397302469
SOL,1h,10,3,50,10,2023,2.5173222418708887,0.0002160417115091523
SOL,1h,10,3,50,10,2024,1.671718312885423,0.00012078439449558027
SOL,1h,10,3,50,10,2025,-0.30008884210307246,-2.0046582247611115e-05
SOL,1h,10,3,50,10,2026,-0.42747047236460595,-2.6733665445611747e-05
SOL,1h,10,3,50,10,20242026,0.8225215936747408,3.355735518018581e-05
SOL,1h,15,2,20,10,2020,-0.8642374650815143,-0.00019654384866423102
SOL,1h,15,2,20,10,2021,2.6834986825493123,0.00039490699589683276
SOL,1h,15,2,20,10,2022,-0.2722847441496988,-2.43535440969299e-05
SOL,1h,15,2,20,10,2023,2.604734559454231,0.00021782145283565714
SOL,1h,15,2,20,10,2024,1.1752718913609583,8.395526213623223e-05
SOL,1h,15,2,20,10,2025,-0.24817307691670407,-1.7213119565717952e-05
SOL,1h,15,2,20,10,2026,-0.19430797645195166,-1.2655746485683483e-05
SOL,1h,15,2,20,10,20242026,0.5636630597385829,2.3344454349154727e-05
SOL,1h,10,3,30,10,2020,-0.631451126756018,-0.00013838423312232035
SOL,1h,10,3,30,10,2021,2.8722973089200488,0.0004310023652386306
SOL,1h,10,3,30,10,2022,-1.6108731190733365,-0.00013411817906166764
SOL,1h,10,3,30,10,2023,2.4517437623583986,0.00021011880675419727
SOL,1h,10,3,30,10,2024,1.660695623585123,0.00011995239169151208
SOL,1h,10,3,30,10,2025,-0.1259516347830985,-8.47581240503257e-06
SOL,1h,10,3,30,10,2026,-0.2581290805360465,-1.6319260165965307e-05
SOL,1h,10,3,30,10,20242026,0.9770562480770412,4.002505929191629e-05
SOL,1h,20,3,20,10,2020,-0.3975070369444525,-8.889028158471577e-05
SOL,1h,20,3,20,10,2021,2.7850458620312746,0.00041707769402431314
SOL,1h,20,3,20,10,2022,-1.3269963233993929,-0.0001113067567100949
SOL,1h,20,3,20,10,2023,2.663341666903016,0.00022880515252265662
SOL,1h,20,3,20,10,2024,1.4681515169800898,0.00010497204014265906
SOL,1h,20,3,20,10,2025,-0.28261386285944423,-1.9224298278747196e-05
SOL,1h,20,3,20,10,2026,-1.1621101958020816,-7.323753538591148e-05
SOL,1h,20,3,20,10,20242026,0.42771700418663516,1.7509832335853243e-05
SOL,4h,15,2,20,10,2020,-0.45158872428602215,-0.00039592173650781587
SOL,4h,15,2,20,10,2021,3.048516015272008,0.0019666406125393933
SOL,4h,15,2,20,10,2022,-0.5278109002029444,-0.00016102636762812533
SOL,4h,15,2,20,10,2023,3.255274584537091,0.0011650682655980306
SOL,4h,15,2,20,10,2024,0.5710491840433555,0.0001573453546409249
SOL,4h,15,2,20,10,2025,0.7316202909008187,0.00018438380182739345
SOL,4h,15,2,20,10,2026,-1.0399291479291193,-0.00027565509009713903
SOL,4h,15,2,20,10,20242026,0.4654461148858528,7.305469443981153e-05
SOL,4h,20,2,20,10,2020,-0.6227469078439277,-0.0005280003071762861
SOL,4h,20,2,20,10,2021,3.3888692992574923,0.002210170924875848
SOL,4h,20,2,20,10,2022,-0.5692978760149469,-0.00017930650426346213
SOL,4h,20,2,20,10,2023,2.675613596090228,0.0009556907116645003
SOL,4h,20,2,20,10,2024,0.6446498591825784,0.00017804984311240135
SOL,4h,20,2,20,10,2025,0.4740461595677069,0.00011642774768672207
SOL,4h,20,2,20,10,2026,-0.6416120209311401,-0.00017104307561994963
SOL,4h,20,2,20,10,20242026,0.49816845350511574,7.75625427165628e-05
SOL,4h,15,2,30,10,2020,-0.661878570028777,-0.0005740149434631368
SOL,4h,15,2,30,10,2021,3.013782699624216,0.001961853022486178
SOL,4h,15,2,30,10,2022,-0.6888186008751122,-0.00020901832039867658
SOL,4h,15,2,30,10,2023,3.240725919959475,0.0011616126328900145
SOL,4h,15,2,30,10,2024,0.7299842190396036,0.0002015285693056339
SOL,4h,15,2,30,10,2025,0.3578633291772917,8.891316731639591e-05
SOL,4h,15,2,30,10,2026,-0.8602275570133606,-0.00022716522920970667
SOL,4h,15,2,30,10,20242026,0.4080858164239033,6.37221051798682e-05
SOL,4h,20,3,20,10,2020,-0.755174429960563,-0.000640102493325505
SOL,4h,20,3,20,10,2021,3.136096341959855,0.0020947370394867803
SOL,4h,20,3,20,10,2022,-0.8706105371511863,-0.0002479503844742327
SOL,4h,20,3,20,10,2023,2.882366257588419,0.0010674287872360399
SOL,4h,20,3,20,10,2024,0.8163549582213929,0.0002228369234475459
SOL,4h,20,3,20,10,2025,0.2438377751634033,6.0584059132449935e-05
SOL,4h,20,3,20,10,2026,-0.6111463829507304,-0.00015663947683622757
SOL,4h,20,3,20,10,20242026,0.4942552057278525,7.645342180952921e-05
SOL,4h,5,3,50,10,2020,-0.9121353434266071,-0.0007409432239355678
SOL,4h,5,3,50,10,2021,3.040398733098483,0.001983492336666076
SOL,4h,5,3,50,10,2022,-0.834255033449351,-0.0002480540844821125
SOL,4h,5,3,50,10,2023,2.7985237588095795,0.0010424482870075719
SOL,4h,5,3,50,10,2024,1.2311918949298712,0.0003370455890164145
SOL,4h,5,3,50,10,2025,0.1616885057621838,4.214723614316437e-05
SOL,4h,5,3,50,10,2026,-0.6158503415360654,-0.00015352847424734178
SOL,4h,5,3,50,10,20242026,0.7281567436900267,0.00011460372815337347
SOL,1d,10,2,50,3,2020,-0.5791987786624403,-0.0021062809628778606
SOL,1d,10,2,50,3,2021,3.5605048996676447,0.013348731115130862
SOL,1d,10,2,50,3,2022,-1.0508105063016968,-0.0015079467188265857
SOL,1d,10,2,50,3,2023,2.6182384426110086,0.00619377592959171
SOL,1d,10,2,50,3,2024,0.45068092665197934,0.0006968763743111788
SOL,1d,10,2,50,3,2025,0.14053952893023813,0.00018858479812665344
SOL,1d,10,2,50,3,2026,-0.440318016198185,-0.0005456972325438114
SOL,1d,10,2,50,3,20242026,0.2684603235981349,0.0002265195209857251
SOL,1d,20,2,20,10,2020,0.022158025483419014,6.837935920606315e-05
SOL,1d,20,2,20,10,2021,3.485866132925985,0.013402201118830066
SOL,1d,20,2,20,10,2022,-1.4742622343253171,-0.0029087439561194662
SOL,1d,20,2,20,10,2023,2.653894228715223,0.005996220601246567
SOL,1d,20,2,20,10,2024,1.7360847376619797,0.0027866519772458925
SOL,1d,20,2,20,10,2025,-0.14819762571813688,-0.00018699421310705742
SOL,1d,20,2,20,10,2026,-1.189668829825311,-0.001537813237621955
SOL,1d,20,2,20,10,20242026,0.8023270579668677,0.0006799252373669016
SOL,1d,10,2,30,3,2020,-0.5677335423956731,-0.0019677340912449028
SOL,1d,10,2,30,3,2021,3.5035545641128496,0.013122302062338468
SOL,1d,10,2,30,3,2022,-1.2710339689755672,-0.0018605283554207768
SOL,1d,10,2,30,3,2023,2.627223514448999,0.00623070708018255
SOL,1d,10,2,30,3,2024,0.5065385788095896,0.0007819061372324666
SOL,1d,10,2,30,3,2025,0.18267061454056424,0.00024608002668641374
SOL,1d,10,2,30,3,2026,-0.5445847208762263,-0.0006811390112470615
SOL,1d,10,2,30,3,20242026,0.2987887462702817,0.00025252495583544466
SOL,1d,5,3,50,1,2020,-0.5306530680086821,-0.0019840911055901828
SOL,1d,5,3,50,1,2021,3.3124446418553304,0.012438688700635856
SOL,1d,5,3,50,1,2022,-0.5897084122215739,-0.0007354410464453227
SOL,1d,5,3,50,1,2023,2.6129917364858772,0.006385789891941617
SOL,1d,5,3,50,1,2024,0.29059613853963795,0.00046655879747152995
SOL,1d,5,3,50,1,2025,-0.04695932967168578,-7.008114924835705e-05
SOL,1d,5,3,50,1,2026,-0.7376646726013147,-0.0008012756744398891
SOL,1d,5,3,50,1,20242026,-0.0229611279711907,-2.0385270150905554e-05
SOL,1d,5,2,20,3,2020,-1.178629022460584,-0.004427161756498276
SOL,1d,5,2,20,3,2021,3.161423768915375,0.011655638490879592
SOL,1d,5,2,20,3,2022,-0.9776401791904621,-0.001572588058640489
SOL,1d,5,2,20,3,2023,2.9489889589775786,0.006991378936191666
SOL,1d,5,2,20,3,2024,0.7546031071770716,0.0011779703027679153
SOL,1d,5,2,20,3,2025,0.34288003576011183,0.000512723766580809
SOL,1d,5,2,20,3,2026,-0.019035396409260955,-2.5302287123174235e-05
SOL,1d,5,2,20,3,20242026,0.7341212140931087,0.0006550153170457283
