timestamp,equity_usd,bar_return
2022-01-02T00:00:00,100000.0,0.0
2022-01-03T00:00:00,100141.11223577739,0.0014176846467977011
2022-01-04T00:00:00,100737.9062291896,0.005950853488662977
2022-01-05T00:00:00,100737.9062291896,0.0
2022-01-06T00:00:00,101022.3460276405,0.0028272145276395655
2022-01-07T00:00:00,101022.3460276405,0.0
2022-01-08T00:00:00,102241.78901966613,0.012029744650063567
2022-01-09T00:00:00,102577.14057295272,0.003278615257203299
2022-01-10T00:00:00,102577.14057295272,0.0
2022-01-11T00:00:00,102577.14057295272,0.0
2022-01-12T00:00:00,102577.14057295272,0.0
2022-01-13T00:00:00,102851.52610250116,0.0026781170275727018
2022-01-14T00:00:00,102591.40920341697,-0.002513180944672899
2022-01-15T00:00:00,102591.40920341697,0.0
2022-01-16T00:00:00,102591.40920341697,0.0
2022-01-17T00:00:00,102591.40920341697,0.0
2022-01-18T00:00:00,102537.28902034184,-0.0005251168504525339
2022-01-19T00:00:00,102537.28902034184,0.0
2022-01-20T00:00:00,102537.28902034184,0.0
2022-01-21T00:00:00,102537.28902034184,0.0
2022-01-22T00:00:00,102537.28902034184,0.0
2022-01-23T00:00:00,102537.28902034184,0.0
2022-01-24T00:00:00,102537.28902034184,0.0
2022-01-25T00:00:00,102537.28902034184,0.0
2022-01-26T00:00:00,102537.28902034184,0.0
2022-01-27T00:00:00,103397.20858092846,0.008457697030304856
2022-01-28T00:00:00,103397.20858092846,0.0
2022-01-29T00:00:00,103397.20858092846,0.0
2022-01-30T00:00:00,103397.20858092846,0.0
2022-01-31T00:00:00,103734.32059603828,0.0032975356297993974
2022-02-01T00:00:00,104133.30805342145,0.003846716633109981
2022-02-02T00:00:00,104133.30805342145,0.0
2022-02-03T00:00:00,104133.30805342145,0.0
2022-02-04T00:00:00,104133.30805342145,0.0
2022-02-05T00:00:00,104133.30805342145,0.0
2022-02-06T00:00:00,104133.30805342145,0.0
2022-02-07T00:00:00,104133.30805342145,0.0
2022-02-08T00:00:00,104133.30805342145,0.0
2022-02-09T00:00:00,104133.30805342145,0.0
2022-02-10T00:00:00,104133.30805342145,0.0
2022-02-11T00:00:00,104133.30805342145,0.0
2022-02-12T00:00:00,104129.26216909102,-3.227030458718971e-05
2022-02-13T00:00:00,104199.92978327398,0.000679611076037645
2022-02-14T00:00:00,104199.92978327398,0.0
2022-02-15T00:00:00,104199.92978327398,0.0
2022-02-16T00:00:00,104199.92978327398,0.0
2022-02-17T00:00:00,104199.92978327398,0.0
2022-02-18T00:00:00,104199.92978327398,0.0
2022-02-19T00:00:00,104199.92978327398,0.0
2022-02-20T00:00:00,104199.92978327398,0.0
2022-02-21T00:00:00,104199.92978327398,0.0
2022-02-22T00:00:00,104199.92978327398,0.0
2022-02-23T00:00:00,104199.92978327398,0.0
2022-02-24T00:00:00,104199.92978327398,0.0
2022-02-25T00:00:00,104199.92978327398,0.0
2022-02-26T00:00:00,105088.30169776612,0.008505036494745766
2022-02-27T00:00:00,105068.161588498,-0.00014449970828833703
2022-02-28T00:00:00,105068.161588498,0.0
2022-03-01T00:00:00,105068.161588498,0.0
2022-03-02T00:00:00,105068.161588498,0.0
2022-03-03T00:00:00,105068.161588498,0.0
2022-03-04T00:00:00,105068.161588498,0.0
2022-03-05T00:00:00,105068.161588498,0.0
2022-03-06T00:00:00,105068.161588498,0.0
2022-03-07T00:00:00,105068.161588498,0.0
2022-03-08T00:00:00,105068.161588498,0.0
2022-03-09T00:00:00,105068.161588498,0.0
2022-03-10T00:00:00,105765.77997048748,0.006624196939069682
2022-03-11T00:00:00,105765.77997048748,0.0
2022-03-12T00:00:00,105765.77997048748,0.0
2022-03-13T00:00:00,105765.77997048748,0.0
2022-03-14T00:00:00,105765.77997048748,0.0
2022-03-15T00:00:00,105597.21510907948,-0.0015592145599322427
2022-03-16T00:00:00,105597.21510907948,0.0
2022-03-17T00:00:00,107939.93100318777,0.022048231030519894
2022-03-18T00:00:00,107939.93100318777,0.0
2022-03-19T00:00:00,107939.93100318777,0.0
2022-03-20T00:00:00,107939.93100318777,0.0
2022-03-21T00:00:00,107939.93100318777,0.0
2022-03-22T00:00:00,107939.93100318777,0.0
2022-03-23T00:00:00,107939.93100318777,0.0
2022-03-24T00:00:00,107939.93100318777,0.0
2022-03-25T00:00:00,107939.93100318777,0.0
2022-03-26T00:00:00,107939.93100318777,0.0
2022-03-27T00:00:00,107939.93100318777,0.0
2022-03-28T00:00:00,107939.93100318777,0.0
2022-03-29T00:00:00,107939.93100318777,0.0
2022-03-30T00:00:00,107939.93100318777,0.0
2022-03-31T00:00:00,107939.93100318777,0.0
2022-04-01T00:00:00,107939.93100318777,0.0
2022-04-02T00:00:00,107355.33375492353,-0.0053843031268292485
2022-04-03T00:00:00,107355.33375492353,0.0
2022-04-04T00:00:00,107355.33375492353,0.0
2022-04-05T00:00:00,107355.33375492353,0.0
2022-04-06T00:00:00,107300.64480863877,-0.0005082084323354552
2022-04-07T00:00:00,107254.65707711915,-0.0003940040559593516
2022-04-08T00:00:00,107254.65707711915,0.0
2022-04-09T00:00:00,107254.65707711915,0.0
2022-04-10T00:00:00,107254.65707711915,0.0
2022-04-11T00:00:00,107254.65707711915,0.0
2022-04-12T00:00:00,107254.65707711915,0.0
2022-04-13T00:00:00,107254.65707711915,0.0
2022-04-14T00:00:00,107254.65707711915,0.0
2022-04-15T00:00:00,107254.65707711915,0.0
2022-04-16T00:00:00,107254.65707711915,0.0
2022-04-17T00:00:00,107221.68319034578,-0.00029648474018595383
2022-04-18T00:00:00,107154.03220671437,-0.0006282875530690957
2022-04-19T00:00:00,107154.03220671437,0.0
2022-04-20T00:00:00,106533.09226200239,-0.005804267340891678
2022-04-21T00:00:00,105850.20380663009,-0.0064120700183420976
2022-04-22T00:00:00,105850.20380663009,0.0
2022-04-23T00:00:00,105850.20380663009,0.0
2022-04-24T00:00:00,105850.20380663009,0.0
2022-04-25T00:00:00,105850.20380663009,0.0
2022-04-26T00:00:00,105850.20380663009,0.0
2022-04-27T00:00:00,105898.34759435443,0.00045535705729549125
2022-04-28T00:00:00,105898.34759435443,0.0
2022-04-29T00:00:00,105898.34759435443,0.0
2022-04-30T00:00:00,105898.34759435443,0.0
2022-05-01T00:00:00,105898.34759435443,0.0
2022-05-02T00:00:00,105898.34759435443,0.0
2022-05-03T00:00:00,105898.34759435443,0.0
2022-05-04T00:00:00,105898.34759435443,0.0
2022-05-05T00:00:00,105797.2099750155,-0.0009534033890209459
2022-05-06T00:00:00,105797.2099750155,0.0
2022-05-07T00:00:00,105797.2099750155,0.0
2022-05-08T00:00:00,105797.2099750155,0.0
2022-05-09T00:00:00,105797.2099750155,0.0
2022-05-10T00:00:00,105797.2099750155,0.0
2022-05-11T00:00:00,105797.2099750155,0.0
2022-05-12T00:00:00,105797.2099750155,0.0
2022-05-13T00:00:00,105797.2099750155,0.0
2022-05-14T00:00:00,105797.2099750155,0.0
2022-05-15T00:00:00,105797.2099750155,0.0
2022-05-16T00:00:00,105797.2099750155,0.0
2022-05-17T00:00:00,105797.2099750155,0.0
2022-05-18T00:00:00,105797.2099750155,0.0
2022-05-19T00:00:00,106283.30233403503,0.004587303964613043
2022-05-20T00:00:00,106283.30233403503,0.0
2022-05-21T00:00:00,106283.30233403503,0.0
2022-05-22T00:00:00,106283.30233403503,0.0
2022-05-23T00:00:00,106283.30233403503,0.0
2022-05-24T00:00:00,105979.96585675637,-0.0028278172355379327
2022-05-25T00:00:00,105979.96585675637,0.0
2022-05-26T00:00:00,105979.96585675637,0.0
2022-05-27T00:00:00,105979.96585675637,0.0
2022-05-28T00:00:00,105979.96585675637,0.0
2022-05-29T00:00:00,105979.96585675637,0.0
2022-05-30T00:00:00,105979.96585675637,0.0
2022-05-31T00:00:00,106163.26097068014,0.00173095154440972
2022-06-01T00:00:00,106163.26097068014,0.0
2022-06-02T00:00:00,106163.26097068014,0.0
2022-06-03T00:00:00,106163.26097068014,0.0
2022-06-04T00:00:00,106163.26097068014,0.0
2022-06-05T00:00:00,106163.26097068014,0.0
2022-06-06T00:00:00,106163.26097068014,0.0
2022-06-07T00:00:00,106484.29642638942,0.0030327771475016085
2022-06-08T00:00:00,106484.29642638942,0.0
2022-06-09T00:00:00,106484.29642638942,0.0
2022-06-10T00:00:00,106484.29642638942,0.0
2022-06-11T00:00:00,106484.29642638942,0.0
2022-06-12T00:00:00,106484.29642638942,0.0
2022-06-13T00:00:00,106484.29642638942,0.0
2022-06-14T00:00:00,106484.29642638942,0.0
2022-06-15T00:00:00,106484.29642638942,0.0
2022-06-16T00:00:00,106484.29642638942,0.0
2022-06-17T00:00:00,106484.29642638942,0.0
2022-06-18T00:00:00,106484.29642638942,0.0
2022-06-19T00:00:00,106484.29642638942,0.0
2022-06-20T00:00:00,106484.29642638942,0.0
2022-06-21T00:00:00,105917.88846594939,-0.0052768641872622535
2022-06-22T00:00:00,105566.54206608051,-0.0031766001018632695
2022-06-23T00:00:00,105566.54206608051,0.0
2022-06-24T00:00:00,105566.54206608051,0.0
2022-06-25T00:00:00,105636.49067344674,0.0006648182582126294
2022-06-26T00:00:00,105636.49067344674,0.0
2022-06-27T00:00:00,105636.49067344674,0.0
2022-06-28T00:00:00,105636.49067344674,0.0
2022-06-29T00:00:00,105636.49067344674,0.0
2022-06-30T00:00:00,105636.49067344674,0.0
2022-07-01T00:00:00,105636.49067344674,0.0
2022-07-02T00:00:00,105636.49067344674,0.0
2022-07-03T00:00:00,105636.49067344674,0.0
2022-07-04T00:00:00,105636.49067344674,0.0
2022-07-05T00:00:00,107114.96996846645,0.013916006886027232
2022-07-06T00:00:00,107114.96996846645,0.0
2022-07-07T00:00:00,107114.96996846645,0.0
2022-07-08T00:00:00,107114.96996846645,0.0
2022-07-09T00:00:00,107114.96996846645,0.0
2022-07-10T00:00:00,107114.96996846645,0.0
2022-07-11T00:00:00,107114.96996846645,0.0
2022-07-12T00:00:00,106978.02078522093,-0.001275859345341579
2022-07-13T00:00:00,106978.02078522093,0.0
2022-07-14T00:00:00,106978.02078522093,0.0
2022-07-15T00:00:00,107256.64976529556,0.0026250004087065015
2022-07-16T00:00:00,107091.70232999652,-0.0015324735379913523
2022-07-17T00:00:00,107091.70232999652,0.0
2022-07-18T00:00:00,107091.70232999652,0.0
2022-07-19T00:00:00,107091.70232999652,0.0
2022-07-20T00:00:00,107091.70232999652,0.0
2022-07-21T00:00:00,107091.70232999652,0.0
2022-07-22T00:00:00,107091.70232999652,0.0
2022-07-23T00:00:00,107091.70232999652,0.0
2022-07-24T00:00:00,107085.36258349441,-5.4731783847739024e-05
2022-07-25T00:00:00,107085.36258349441,0.0
2022-07-26T00:00:00,110301.59751223082,0.029659440586458308
2022-07-27T00:00:00,110301.59751223082,0.0
2022-07-28T00:00:00,110301.59751223082,0.0
2022-07-29T00:00:00,110301.59751223082,0.0
2022-07-30T00:00:00,110301.59751223082,0.0
2022-07-31T00:00:00,110301.59751223082,0.0
2022-08-01T00:00:00,110301.59751223082,0.0
2022-08-02T00:00:00,110301.59751223082,0.0
2022-08-03T00:00:00,110872.28568651527,0.0052383532399268296
2022-08-04T00:00:00,110324.96064804259,-0.004919237262489884
2022-08-05T00:00:00,108855.3316511304,-0.013370024641151224
2022-08-06T00:00:00,108855.3316511304,0.0
2022-08-07T00:00:00,108855.3316511304,0.0
2022-08-08T00:00:00,108855.3316511304,0.0
2022-08-09T00:00:00,108855.3316511304,0.0
2022-08-10T00:00:00,108855.3316511304,0.0
2022-08-11T00:00:00,108855.3316511304,0.0
2022-08-12T00:00:00,108855.3316511304,0.0
2022-08-13T00:00:00,108855.3316511304,0.0
2022-08-14T00:00:00,108855.3316511304,0.0
2022-08-15T00:00:00,108855.3316511304,0.0
2022-08-16T00:00:00,108781.4585703985,-0.0006728300558646039
2022-08-17T00:00:00,111152.46554131845,0.02159032056947463
2022-08-18T00:00:00,111243.56744968572,0.0008534522202779948
2022-08-19T00:00:00,111738.56727842447,0.004446415497986411
2022-08-20T00:00:00,111738.56727842447,0.0
2022-08-21T00:00:00,111738.56727842447,0.0
2022-08-22T00:00:00,111738.56727842447,0.0
2022-08-23T00:00:00,111738.56727842447,0.0
2022-08-24T00:00:00,111738.56727842447,0.0
2022-08-25T00:00:00,111943.05436149813,0.001831129106677598
2022-08-26T00:00:00,113038.9179923231,0.009785731023020938
2022-08-27T00:00:00,113038.9179923231,0.0
2022-08-28T00:00:00,113038.9179923231,0.0
2022-08-29T00:00:00,113038.9179923231,0.0
2022-08-30T00:00:00,113038.9179923231,0.0
2022-08-31T00:00:00,113038.9179923231,0.0
2022-09-01T00:00:00,113019.52267866135,-0.00016431241610670444
2022-09-02T00:00:00,113019.52267866135,0.0
2022-09-03T00:00:00,113019.52267866135,0.0
2022-09-04T00:00:00,113019.52267866135,0.0
2022-09-05T00:00:00,113019.52267866135,0.0
2022-09-06T00:00:00,113019.52267866135,0.0
2022-09-07T00:00:00,113019.52267866135,0.0
2022-09-08T00:00:00,113019.52267866135,0.0
2022-09-09T00:00:00,113019.52267866135,0.0
2022-09-10T00:00:00,113019.52267866135,0.0
2022-09-11T00:00:00,113019.52267866135,0.0
2022-09-12T00:00:00,113019.52267866135,0.0
2022-09-13T00:00:00,113019.52267866135,0.0
2022-09-14T00:00:00,113019.52267866135,0.0
2022-09-15T00:00:00,113019.52267866135,0.0
2022-09-16T00:00:00,113019.52267866135,0.0
2022-09-17T00:00:00,113019.52267866135,0.0
2022-09-18T00:00:00,113019.52267866135,0.0
2022-09-19T00:00:00,113019.52267866135,0.0
2022-09-20T00:00:00,113019.52267866135,0.0
2022-09-21T00:00:00,113019.52267866135,0.0
2022-09-22T00:00:00,113019.52267866135,0.0
2022-09-23T00:00:00,113019.52267866135,0.0
2022-09-24T00:00:00,113019.52267866135,0.0
2022-09-25T00:00:00,113019.52267866135,0.0
2022-09-26T00:00:00,113019.52267866135,0.0
2022-09-27T00:00:00,113019.52267866135,0.0
2022-09-28T00:00:00,113061.98593061371,0.0003861807808702711
2022-09-29T00:00:00,113061.98593061371,0.0
2022-09-30T00:00:00,113061.98593061371,0.0
2022-10-01T00:00:00,113061.98593061371,0.0
2022-10-02T00:00:00,113061.98593061371,0.0
2022-10-03T00:00:00,113061.98593061371,0.0
2022-10-04T00:00:00,113061.98593061371,0.0
2022-10-05T00:00:00,113572.39067312614,0.0045077197075436
2022-10-06T00:00:00,113572.39067312614,0.0
2022-10-07T00:00:00,113572.39067312614,0.0
2022-10-08T00:00:00,113572.39067312614,0.0
2022-10-09T00:00:00,113919.26153292885,0.0030512364143312487
2022-10-10T00:00:00,113919.26153292885,0.0
2022-10-11T00:00:00,113919.26153292885,0.0
2022-10-12T00:00:00,113919.26153292885,0.0
2022-10-13T00:00:00,113919.26153292885,0.0
2022-10-14T00:00:00,113919.26153292885,0.0
2022-10-15T00:00:00,114713.41012532711,0.006962769197354501
2022-10-16T00:00:00,114713.41012532711,0.0
2022-10-17T00:00:00,114713.41012532711,0.0
2022-10-18T00:00:00,114713.41012532711,0.0
2022-10-19T00:00:00,114713.41012532711,0.0
2022-10-20T00:00:00,114747.06262766059,0.00029565748294302363
2022-10-21T00:00:00,114747.06262766059,0.0
2022-10-22T00:00:00,114747.06262766059,0.0
2022-10-23T00:00:00,114747.06262766059,0.0
2022-10-24T00:00:00,114747.06262766059,0.0
2022-10-25T00:00:00,114747.06262766059,0.0
2022-10-26T00:00:00,114747.06262766059,0.0
2022-10-27T00:00:00,114747.06262766059,0.0
2022-10-28T00:00:00,114747.06262766059,0.0
2022-10-29T00:00:00,114747.06262766059,0.0
2022-10-30T00:00:00,114747.06262766059,0.0
2022-10-31T00:00:00,114747.06262766059,0.0
2022-11-01T00:00:00,114747.06262766059,0.0
2022-11-02T00:00:00,114747.06262766059,0.0
2022-11-03T00:00:00,115063.59128689779,0.0029704329398755336
2022-11-04T00:00:00,115063.59128689779,0.0
2022-11-05T00:00:00,115063.59128689779,0.0
2022-11-06T00:00:00,115063.59128689779,0.0
2022-11-07T00:00:00,115063.59128689779,0.0
2022-11-08T00:00:00,115063.59128689779,0.0
2022-11-09T00:00:00,115063.59128689779,0.0
2022-11-10T00:00:00,115063.59128689779,0.0
2022-11-11T00:00:00,115063.59128689779,0.0
2022-11-12T00:00:00,115063.59128689779,0.0
2022-11-13T00:00:00,115063.59128689779,0.0
2022-11-14T00:00:00,115063.59128689779,0.0
2022-11-15T00:00:00,115063.59128689779,0.0
2022-11-16T00:00:00,114921.74127318601,-0.0012248624493746973
2022-11-17T00:00:00,114921.74127318601,0.0
2022-11-18T00:00:00,114921.74127318601,0.0
2022-11-19T00:00:00,114921.74127318601,0.0
2022-11-20T00:00:00,114921.74127318601,0.0
2022-11-21T00:00:00,114921.74127318601,0.0
2022-11-22T00:00:00,114921.74127318601,0.0
2022-11-23T00:00:00,114921.74127318601,0.0
2022-11-24T00:00:00,115675.82979055471,0.006553208445412073
2022-11-25T00:00:00,115284.70661955558,-0.0033653885936609784
2022-11-26T00:00:00,116122.3800986233,0.007245669998108828
2022-11-27T00:00:00,116122.3800986233,0.0
2022-11-28T00:00:00,116122.3800986233,0.0
2022-11-29T00:00:00,116278.44119787328,0.00134352031631646
2022-11-30T00:00:00,116278.44119787328,0.0
2022-12-01T00:00:00,116278.44119787328,0.0
2022-12-02T00:00:00,116278.44119787328,0.0
2022-12-03T00:00:00,116278.44119787328,0.0
2022-12-04T00:00:00,116278.44119787328,0.0
2022-12-05T00:00:00,116278.44119787328,0.0
2022-12-06T00:00:00,116278.44119787328,0.0
2022-12-07T00:00:00,116127.17853031422,-0.001298655502245949
2022-12-08T00:00:00,116523.76825248287,0.003413084721355819
2022-12-09T00:00:00,116523.76825248287,0.0
2022-12-10T00:00:00,116523.76825248287,0.0
2022-12-11T00:00:00,116523.76825248287,0.0
2022-12-12T00:00:00,116523.76825248287,0.0
2022-12-13T00:00:00,116523.76825248287,0.0
2022-12-14T00:00:00,116523.76825248287,0.0
2022-12-15T00:00:00,116523.76825248287,0.0
2022-12-16T00:00:00,116523.76825248287,0.0
2022-12-17T00:00:00,116523.76825248287,0.0
2022-12-18T00:00:00,116523.76825248287,0.0
2022-12-19T00:00:00,116523.76825248287,0.0
2022-12-20T00:00:00,116523.76825248287,0.0
2022-12-21T00:00:00,116949.849638647,0.0036623873528287554
2022-12-22T00:00:00,116911.3036560877,-0.00032618000065265385
2022-12-23T00:00:00,116976.39611351588,0.0005648878886813646
2022-12-24T00:00:00,116954.49853257921,-0.0001794977708819978
2022-12-25T00:00:00,117026.3347224529,0.000614262220063222
2022-12-26T00:00:00,117026.3347224529,0.0
2022-12-27T00:00:00,117026.3347224529,0.0
2022-12-28T00:00:00,116932.51789667971,-0.0008013614036094241
2022-12-29T00:00:00,116932.51789667971,0.0
2022-12-30T00:00:00,116932.51789667971,0.0
2022-12-31T00:00:00,116932.51789667971,0.0
2023-01-01T00:00:00,116932.51789667971,0.0
2023-01-02T00:00:00,116932.51789667971,0.0
2023-01-03T00:00:00,116932.51789667971,0.0
2023-01-04T00:00:00,116932.51789667971,0.0
2023-01-05T00:00:00,116932.51789667971,0.0
2023-01-06T00:00:00,116932.51789667971,0.0
2023-01-07T00:00:00,116932.51789667971,0.0
2023-01-08T00:00:00,116932.51789667971,0.0
2023-01-09T00:00:00,116932.51789667971,0.0
2023-01-10T00:00:00,116932.51789667971,0.0
2023-01-11T00:00:00,116932.51789667971,0.0
2023-01-12T00:00:00,116932.51789667971,0.0
2023-01-13T00:00:00,116932.51789667971,0.0
2023-01-14T00:00:00,116932.51789667971,0.0
2023-01-15T00:00:00,116932.51789667971,0.0
2023-01-16T00:00:00,116932.51789667971,0.0
2023-01-17T00:00:00,116932.51789667971,0.0
2023-01-18T00:00:00,116932.51789667971,0.0
2023-01-19T00:00:00,116932.51789667971,0.0
2023-01-20T00:00:00,116982.05136597979,0.00042561396615714564
2023-01-21T00:00:00,116982.05136597979,0.0
2023-01-22T00:00:00,116982.05136597979,0.0
2023-01-23T00:00:00,116982.05136597979,0.0
2023-01-24T00:00:00,116982.05136597979,0.0
2023-01-25T00:00:00,117654.58778648078,0.005751901376768731
2023-01-26T00:00:00,118647.75705067966,0.008438578563368604
2023-01-27T00:00:00,118647.75705067966,0.0
2023-01-28T00:00:00,118647.75705067966,0.0
2023-01-29T00:00:00,118647.75705067966,0.0
2023-01-30T00:00:00,118647.75705067966,0.0
2023-01-31T00:00:00,118647.75705067966,0.0
2023-02-01T00:00:00,118647.75705067966,0.0
2023-02-02T00:00:00,118647.75705067966,0.0
2023-02-03T00:00:00,118647.75705067966,0.0
2023-02-04T00:00:00,118647.75705067966,0.0
2023-02-05T00:00:00,118647.75705067966,0.0
2023-02-06T00:00:00,118647.75705067966,0.0
2023-02-07T00:00:00,118597.33115101475,-0.00042385037009728954
2023-02-08T00:00:00,118843.84222987366,0.002098902598672514
2023-02-09T00:00:00,118843.84222987366,0.0
2023-02-10T00:00:00,118231.91365114809,-0.005145215185175966
2023-02-11T00:00:00,118231.91365114809,0.0
2023-02-12T00:00:00,118231.91365114809,0.0
2023-02-13T00:00:00,118231.91365114809,0.0
2023-02-14T00:00:00,118231.91365114809,0.0
2023-02-15T00:00:00,118231.91365114809,0.0
2023-02-16T00:00:00,117919.80131151697,-0.002642051560026615
2023-02-17T00:00:00,117919.80131151697,0.0
2023-02-18T00:00:00,117919.80131151697,0.0
2023-02-19T00:00:00,117919.80131151697,0.0
2023-02-20T00:00:00,117919.80131151697,0.0
2023-02-21T00:00:00,117919.80131151697,0.0
2023-02-22T00:00:00,118303.40162192984,0.0032495324711901974
2023-02-23T00:00:00,117759.63924507245,-0.004601605127518615
2023-02-24T00:00:00,117759.63924507245,0.0
2023-02-25T00:00:00,117759.63924507245,0.0
2023-02-26T00:00:00,117759.63924507245,0.0
2023-02-27T00:00:00,117759.63924507245,0.0
2023-02-28T00:00:00,117759.63924507245,0.0
2023-03-01T00:00:00,118612.01881919456,0.0072219901718793
2023-03-02T00:00:00,118550.12550528387,-0.0005152509032495534
2023-03-03T00:00:00,118550.12550528387,0.0
2023-03-04T00:00:00,118590.29117985466,0.00033932114368695476
2023-03-05T00:00:00,118590.29117985466,0.0
2023-03-06T00:00:00,118590.29117985466,0.0
2023-03-07T00:00:00,118590.29117985466,0.0
2023-03-08T00:00:00,118590.29117985466,0.0
2023-03-09T00:00:00,119065.50919333904,0.004004574890155821
2023-03-10T00:00:00,119065.50919333904,0.0
2023-03-11T00:00:00,119065.50919333904,0.0
2023-03-12T00:00:00,119065.50919333904,0.0
2023-03-13T00:00:00,119065.50919333904,0.0
2023-03-14T00:00:00,119065.50919333904,0.0
2023-03-15T00:00:00,119065.50919333904,0.0
2023-03-16T00:00:00,119065.50919333904,0.0
2023-03-17T00:00:00,119065.50919333904,0.0
2023-03-18T00:00:00,119065.50919333904,0.0
2023-03-19T00:00:00,119065.50919333904,0.0
2023-03-20T00:00:00,119065.50919333904,0.0
2023-03-21T00:00:00,119065.50919333904,0.0
2023-03-22T00:00:00,119065.50919333904,0.0
2023-03-23T00:00:00,119077.50383826162,0.0001086424477177994
2023-03-24T00:00:00,119077.50383826162,0.0
2023-03-25T00:00:00,119077.50383826162,0.0
2023-03-26T00:00:00,119077.50383826162,0.0
2023-03-27T00:00:00,119077.50383826162,0.0
2023-03-28T00:00:00,119506.34822772752,0.003616160904953425
2023-03-29T00:00:00,119506.34822772752,0.0
2023-03-30T00:00:00,119492.86891672314,-0.00011264227147234074
2023-03-31T00:00:00,119492.86891672314,0.0
2023-04-01T00:00:00,119492.86891672314,0.0
2023-04-02T00:00:00,119492.86891672314,0.0
2023-04-03T00:00:00,119580.64038065317,0.0007346476326276496
2023-04-04T00:00:00,120019.65893978206,0.0036810387022077062
2023-04-05T00:00:00,120019.65893978206,0.0
2023-04-06T00:00:00,120019.65893978206,0.0
2023-04-07T00:00:00,120019.65893978206,0.0
2023-04-08T00:00:00,120019.65893978206,0.0
2023-04-09T00:00:00,120019.65893978206,0.0
2023-04-10T00:00:00,119974.65763510895,-0.00036765649969183745
2023-04-11T00:00:00,119974.65763510895,0.0
2023-04-12T00:00:00,119974.65763510895,0.0
2023-04-13T00:00:00,119974.65763510895,0.0
2023-04-14T00:00:00,119974.65763510895,0.0
2023-04-15T00:00:00,119974.65763510895,0.0
2023-04-16T00:00:00,119974.65763510895,0.0
2023-04-17T00:00:00,119974.65763510895,0.0
2023-04-18T00:00:00,119974.65763510895,0.0
2023-04-19T00:00:00,119974.65763510895,0.0
2023-04-20T00:00:00,119936.63892030952,-0.0003026772251166765
2023-04-21T00:00:00,119936.63892030952,0.0
2023-04-22T00:00:00,119936.63892030952,0.0
2023-04-23T00:00:00,119936.63892030952,0.0
2023-04-24T00:00:00,119936.63892030952,0.0
2023-04-25T00:00:00,119936.63892030952,0.0
2023-04-26T00:00:00,119936.63892030952,0.0
2023-04-27T00:00:00,119936.63892030952,0.0
2023-04-28T00:00:00,119936.63892030952,0.0
2023-04-29T00:00:00,119936.63892030952,0.0
2023-04-30T00:00:00,119936.63892030952,0.0
2023-05-01T00:00:00,119936.63892030952,0.0
2023-05-02T00:00:00,119936.63892030952,0.0
2023-05-03T00:00:00,119936.63892030952,0.0
2023-05-04T00:00:00,119792.41140576862,-0.0011980556169230994
2023-05-05T00:00:00,119792.41140576862,0.0
2023-05-06T00:00:00,119792.41140576862,0.0
2023-05-07T00:00:00,119792.41140576862,0.0
2023-05-08T00:00:00,119906.41402141353,0.0009671433802452833
2023-05-09T00:00:00,119812.05323895212,-0.0007857378965042683
2023-05-10T00:00:00,119812.05323895212,0.0
2023-05-11T00:00:00,119812.05323895212,0.0
2023-05-12T00:00:00,119812.05323895212,0.0
2023-05-13T00:00:00,119812.05323895212,0.0
2023-05-14T00:00:00,119812.05323895212,0.0
2023-05-15T00:00:00,119812.05323895212,0.0
2023-05-16T00:00:00,119983.46870931578,0.0014314275329899706
2023-05-17T00:00:00,120259.99303022513,0.002305137122755596
2023-05-18T00:00:00,120259.99303022513,0.0
2023-05-19T00:00:00,120546.63704430177,0.002382447826825951
2023-05-20T00:00:00,120595.95294981981,0.0004110904024441364
2023-05-21T00:00:00,120595.95294981981,0.0
2023-05-22T00:00:00,120506.23199515042,-0.0007421381787803272
2023-05-23T00:00:00,120506.23199515042,0.0
2023-05-24T00:00:00,120506.23199515042,0.0
2023-05-25T00:00:00,120963.57394821507,0.0037966848698339772
2023-05-26T00:00:00,120963.57394821507,0.0
2023-05-27T00:00:00,120963.57394821507,0.0
2023-05-28T00:00:00,120963.57394821507,0.0
2023-05-29T00:00:00,120963.57394821507,0.0
2023-05-30T00:00:00,120963.57394821507,0.0
2023-05-31T00:00:00,120963.57394821507,0.0
2023-06-01T00:00:00,120963.57394821507,0.0
2023-06-02T00:00:00,120985.83052089877,0.00018937184936829166
2023-06-03T00:00:00,120985.83052089877,0.0
2023-06-04T00:00:00,120985.83052089877,0.0
2023-06-05T00:00:00,120985.83052089877,0.0
2023-06-06T00:00:00,121419.67546424654,0.003582057792944182
2023-06-07T00:00:00,121419.67546424654,0.0
2023-06-08T00:00:00,121419.67546424654,0.0
2023-06-09T00:00:00,121419.67546424654,0.0
2023-06-10T00:00:00,121419.67546424654,0.0
2023-06-11T00:00:00,121419.67546424654,0.0
2023-06-12T00:00:00,121419.67546424654,0.0
2023-06-13T00:00:00,121419.67546424654,0.0
2023-06-14T00:00:00,121040.74116909786,-0.0031237200771632168
2023-06-15T00:00:00,121279.58484412718,0.0019736893130287703
2023-06-16T00:00:00,121279.58484412718,0.0
2023-06-17T00:00:00,121279.58484412718,0.0
2023-06-18T00:00:00,121041.19725416551,-0.0019658964247128985
2023-06-19T00:00:00,121041.19725416551,0.0
2023-06-20T00:00:00,121383.11178010277,0.0028226154281075777
2023-06-21T00:00:00,121383.11178010277,0.0
2023-06-22T00:00:00,121383.11178010277,0.0
2023-06-23T00:00:00,121383.11178010277,0.0
2023-06-24T00:00:00,121383.11178010277,0.0
2023-06-25T00:00:00,121383.11178010277,0.0
2023-06-26T00:00:00,121383.11178010277,0.0
2023-06-27T00:00:00,121491.2197870068,0.0008955971749624592
2023-06-28T00:00:00,121491.2197870068,0.0
2023-06-29T00:00:00,121885.30683315931,0.0032401523722003223
2023-06-30T00:00:00,121819.64817786557,-0.0005381726855948621
2023-07-01T00:00:00,121803.77193495222,-0.00011898523681563855
2023-07-02T00:00:00,121803.77193495222,0.0
2023-07-03T00:00:00,121803.77193495222,0.0
2023-07-04T00:00:00,121803.77193495222,0.0
2023-07-05T00:00:00,121803.77193495222,0.0
2023-07-06T00:00:00,121844.60069962242,0.0003362815545313591
2023-07-07T00:00:00,121844.60069962242,0.0
2023-07-08T00:00:00,121844.60069962242,0.0
2023-07-09T00:00:00,121844.60069962242,0.0
2023-07-10T00:00:00,121844.60069962242,0.0
2023-07-11T00:00:00,121844.60069962242,0.0
2023-07-12T00:00:00,121844.60069962242,0.0
2023-07-13T00:00:00,122585.27097559333,0.00606577218708193
2023-07-14T00:00:00,122585.27097559333,0.0
2023-07-15T00:00:00,122585.27097559333,0.0
2023-07-16T00:00:00,122585.27097559333,0.0
2023-07-17T00:00:00,122585.27097559333,0.0
2023-07-18T00:00:00,122431.10163087011,-0.0012579524796814123
2023-07-19T00:00:00,122431.10163087011,0.0
2023-07-20T00:00:00,122431.10163087011,0.0
2023-07-21T00:00:00,122431.10163087011,0.0
2023-07-22T00:00:00,122431.10163087011,0.0
2023-07-23T00:00:00,122431.10163087011,0.0
2023-07-24T00:00:00,122431.10163087011,0.0
2023-07-25T00:00:00,122431.10163087011,0.0
2023-07-26T00:00:00,122431.10163087011,0.0
2023-07-27T00:00:00,122431.10163087011,0.0
2023-07-28T00:00:00,122510.06903314128,0.00064536908831625
2023-07-29T00:00:00,122459.07441898827,-0.0004161430972321467
2023-07-30T00:00:00,122400.76105734582,-0.0004754772250823436
2023-07-31T00:00:00,122535.57241499753,0.0011011319186302604
2023-08-01T00:00:00,122535.57241499753,0.0
2023-08-02T00:00:00,122535.57241499753,0.0
2023-08-03T00:00:00,122535.57241499753,0.0
2023-08-04T00:00:00,122535.57241499753,0.0
2023-08-05T00:00:00,122535.57241499753,0.0
2023-08-06T00:00:00,122535.57241499753,0.0
2023-08-07T00:00:00,122535.57241499753,0.0
2023-08-08T00:00:00,122629.98439756449,0.0007706489087014878
2023-08-09T00:00:00,122634.49639906136,3.7282965825724546e-05
2023-08-10T00:00:00,122684.63614626683,0.00040884955753683894
2023-08-11T00:00:00,122684.63614626683,0.0
2023-08-12T00:00:00,122684.63614626683,0.0
2023-08-13T00:00:00,122684.63614626683,0.0
2023-08-14T00:00:00,122870.6775521561,0.0015156129702362797
2023-08-15T00:00:00,122676.12176658609,-0.00158146387075353
2023-08-16T00:00:00,122676.12176658609,0.0
2023-08-17T00:00:00,122676.12176658609,0.0
2023-08-18T00:00:00,122676.12176658609,0.0
2023-08-19T00:00:00,122676.12176658609,0.0
2023-08-20T00:00:00,122676.12176658609,0.0
2023-08-21T00:00:00,122676.12176658609,0.0
2023-08-22T00:00:00,122676.12176658609,0.0
2023-08-23T00:00:00,122676.12176658609,0.0
2023-08-24T00:00:00,122915.07280311522,0.001947784247141815
2023-08-25T00:00:00,122769.34739807289,-0.0011850234164170192
2023-08-26T00:00:00,122769.34739807289,0.0
2023-08-27T00:00:00,122769.34739807289,0.0
2023-08-28T00:00:00,122769.34739807289,0.0
2023-08-29T00:00:00,122769.34739807289,0.0
2023-08-30T00:00:00,123247.77780604332,0.003892850543801174
2023-08-31T00:00:00,123247.77780604332,0.0
2023-09-01T00:00:00,123137.81449655916,-0.0008919500869051245
2023-09-02T00:00:00,123137.81449655916,0.0
2023-09-03T00:00:00,123137.81449655916,0.0
2023-09-04T00:00:00,123137.81449655916,0.0
2023-09-05T00:00:00,123137.81449655916,0.0
2023-09-06T00:00:00,123137.81449655916,0.0
2023-09-07T00:00:00,123050.97968453675,-0.0006966019472707252
2023-09-08T00:00:00,123151.3229245551,0.0008158939060622927
2023-09-09T00:00:00,123488.20665903474,0.0027346861758378305
2023-09-10T00:00:00,123488.20665903474,0.0
2023-09-11T00:00:00,123488.20665903474,0.0
2023-09-12T00:00:00,123488.20665903474,0.0
2023-09-13T00:00:00,123488.20665903474,0.0
2023-09-14T00:00:00,123488.20665903474,0.0
2023-09-15T00:00:00,123422.96449862151,-0.0005183233701174794
2023-09-16T00:00:00,123422.96449862151,0.0
2023-09-17T00:00:00,123422.96449862151,0.0
2023-09-18T00:00:00,123422.96449862151,0.0
2023-09-19T00:00:00,123422.96449862151,0.0
2023-09-20T00:00:00,123422.96449862151,0.0
2023-09-21T00:00:00,124054.68167670914,0.005123980370889014
2023-09-22T00:00:00,124097.64247725515,0.000346836474548029
2023-09-23T00:00:00,124097.64247725515,0.0
2023-09-24T00:00:00,124097.64247725515,0.0
2023-09-25T00:00:00,124097.64247725515,0.0
2023-09-26T00:00:00,124097.64247725515,0.0
2023-09-27T00:00:00,123905.18572447723,-0.0015478428474793304
2023-09-28T00:00:00,123905.18572447723,0.0
2023-09-29T00:00:00,123905.18572447723,0.0
2023-09-30T00:00:00,123905.18572447723,0.0
2023-10-01T00:00:00,123905.18572447723,0.0
2023-10-02T00:00:00,123905.18572447723,0.0
2023-10-03T00:00:00,123905.18572447723,0.0
2023-10-04T00:00:00,123521.91410167012,-0.0030876739217552407
2023-10-05T00:00:00,124852.35281274945,0.010733395434445958
2023-10-06T00:00:00,124852.35281274945,0.0
2023-10-07T00:00:00,124852.35281274945,0.0
2023-10-08T00:00:00,124852.35281274945,0.0
2023-10-09T00:00:00,124852.35281274945,0.0
2023-10-10T00:00:00,124852.35281274945,0.0
2023-10-11T00:00:00,124852.35281274945,0.0
2023-10-12T00:00:00,124852.35281274945,0.0
2023-10-13T00:00:00,124852.35281274945,0.0
2023-10-14T00:00:00,124852.35281274945,0.0
2023-10-15T00:00:00,124852.35281274945,0.0
2023-10-16T00:00:00,124852.35281274945,0.0
2023-10-17T00:00:00,125628.2026141583,0.006268781533827372
2023-10-18T00:00:00,125628.2026141583,0.0
2023-10-19T00:00:00,125567.04615720092,-0.00048681774355563423
2023-10-20T00:00:00,125567.04615720092,0.0
2023-10-21T00:00:00,125877.73600691654,0.002472196860792919
2023-10-22T00:00:00,125877.73600691654,0.0
2023-10-23T00:00:00,125877.73600691654,0.0
2023-10-24T00:00:00,125877.73600691654,0.0
2023-10-25T00:00:00,125877.73600691654,0.0
2023-10-26T00:00:00,125877.73600691654,0.0
2023-10-27T00:00:00,125877.73600691654,0.0
2023-10-28T00:00:00,125877.73600691654,0.0
2023-10-29T00:00:00,125877.73600691654,0.0
2023-10-30T00:00:00,125877.73600691654,0.0
2023-10-31T00:00:00,125877.73600691654,0.0
2023-11-01T00:00:00,126455.25326435076,0.004581249959278111
2023-11-02T00:00:00,126455.25326435076,0.0
2023-11-03T00:00:00,126455.25326435076,0.0
2023-11-04T00:00:00,126647.36070908548,0.0015197457653793878
2023-11-05T00:00:00,126647.36070908548,0.0
2023-11-06T00:00:00,126647.36070908548,0.0
2023-11-07T00:00:00,126647.36070908548,0.0
2023-11-08T00:00:00,126647.36070908548,0.0
2023-11-09T00:00:00,126389.11534592965,-0.0020370426119321605
2023-11-10T00:00:00,126389.11534592965,0.0
2023-11-11T00:00:00,126389.11534592965,0.0
2023-11-12T00:00:00,126389.11534592965,0.0
2023-11-13T00:00:00,126389.11534592965,0.0
2023-11-14T00:00:00,126658.15251221893,0.002148360052133924
2023-11-15T00:00:00,127101.98632162521,0.0035013007061729384
2023-11-16T00:00:00,126735.24197142683,-0.0028854265640736454
2023-11-17T00:00:00,126735.24197142683,0.0
2023-11-18T00:00:00,126735.24197142683,0.0
2023-11-19T00:00:00,126735.24197142683,0.0
2023-11-20T00:00:00,126735.24197142683,0.0
2023-11-21T00:00:00,126735.24197142683,0.0
2023-11-22T00:00:00,126780.25811741332,0.00037225667995011147
2023-11-23T00:00:00,126780.25811741332,0.0
2023-11-24T00:00:00,126780.25811741332,0.0
2023-11-25T00:00:00,126780.25811741332,0.0
2023-11-26T00:00:00,126780.25811741332,0.0
2023-11-27T00:00:00,126780.25811741332,0.0
2023-11-28T00:00:00,127110.68012885435,0.002607092050525006
2023-11-29T00:00:00,127110.68012885435,0.0
2023-11-30T00:00:00,127110.68012885435,0.0
2023-12-01T00:00:00,127110.68012885435,0.0
2023-12-02T00:00:00,127110.68012885435,0.0
2023-12-03T00:00:00,127110.68012885435,0.0
2023-12-04T00:00:00,127110.68012885435,0.0
2023-12-05T00:00:00,127110.68012885435,0.0
2023-12-06T00:00:00,127110.68012885435,0.0
2023-12-07T00:00:00,127110.68012885435,0.0
2023-12-08T00:00:00,127110.68012885435,0.0
2023-12-09T00:00:00,127110.68012885435,0.0
2023-12-10T00:00:00,127110.68012885435,0.0
2023-12-11T00:00:00,127110.68012885435,0.0
2023-12-12T00:00:00,127162.46371478013,0.0004512624623178585
2023-12-13T00:00:00,127162.46371478013,0.0
2023-12-14T00:00:00,127162.46371478013,0.0
2023-12-15T00:00:00,127162.46371478013,0.0
2023-12-16T00:00:00,127162.46371478013,0.0
2023-12-17T00:00:00,127162.46371478013,0.0
2023-12-18T00:00:00,127162.46371478013,0.0
2023-12-19T00:00:00,127162.46371478013,0.0
2023-12-20T00:00:00,127162.46371478013,0.0
2023-12-21T00:00:00,127098.80602728555,-0.0004948633366026467
2023-12-22T00:00:00,127098.80602728555,0.0
2023-12-23T00:00:00,127494.2683140395,0.003109304300620286
2023-12-24T00:00:00,127494.2683140395,0.0
2023-12-25T00:00:00,127494.2683140395,0.0
2023-12-26T00:00:00,127494.2683140395,0.0
2023-12-27T00:00:00,127613.00121800425,0.0009352000638677138
2023-12-28T00:00:00,127613.00121800425,0.0
2023-12-29T00:00:00,127613.00121800425,0.0
2023-12-30T00:00:00,127613.00121800425,0.0
2023-12-31T00:00:00,127613.00121800425,0.0
2024-01-01T00:00:00,127613.00121800425,0.0
2024-01-02T00:00:00,127613.00121800425,0.0
2024-01-03T00:00:00,127613.00121800425,0.0
2024-01-04T00:00:00,126743.991711666,-0.006792444695900568
2024-01-05T00:00:00,126743.991711666,0.0
2024-01-06T00:00:00,126743.991711666,0.0
2024-01-07T00:00:00,126743.991711666,0.0
2024-01-08T00:00:00,126743.991711666,0.0
2024-01-09T00:00:00,127056.0589868565,0.0024605255277141413
2024-01-10T00:00:00,127678.18266445282,0.004887235602660578
2024-01-11T00:00:00,127678.18266445282,0.0
2024-01-12T00:00:00,127678.18266445282,0.0
2024-01-13T00:00:00,127678.18266445282,0.0
2024-01-14T00:00:00,127678.18266445282,0.0
2024-01-15T00:00:00,127678.18266445282,0.0
2024-01-16T00:00:00,127451.73173900458,-0.0017589740768324535
2024-01-17T00:00:00,129513.70383346398,0.01607812077081372
2024-01-18T00:00:00,129513.70383346398,0.0
2024-01-19T00:00:00,129513.70383346398,0.0
2024-01-20T00:00:00,129513.70383346398,0.0
2024-01-21T00:00:00,129513.70383346398,0.0
2024-01-22T00:00:00,129513.70383346398,0.0
2024-01-23T00:00:00,129513.70383346398,0.0
2024-01-24T00:00:00,129513.70383346398,0.0
2024-01-25T00:00:00,129513.70383346398,0.0
2024-01-26T00:00:00,129513.70383346398,0.0
2024-01-27T00:00:00,129513.70383346398,0.0
2024-01-28T00:00:00,129675.40979306321,0.0012483138600301036
2024-01-29T00:00:00,129798.43129986321,0.0009531253365725467
2024-01-30T00:00:00,130393.42706057041,0.004587575945175226
2024-01-31T00:00:00,130400.4748203051,6.177301068766017e-05
2024-02-01T00:00:00,130400.4748203051,0.0
2024-02-02T00:00:00,130400.4748203051,0.0
2024-02-03T00:00:00,130400.4748203051,0.0
2024-02-04T00:00:00,130400.4748203051,0.0
2024-02-05T00:00:00,130400.4748203051,0.0
2024-02-06T00:00:00,130759.57444804435,0.0027515336180023997
2024-02-07T00:00:00,130759.57444804435,0.0
2024-02-08T00:00:00,130759.57444804435,0.0
2024-02-09T00:00:00,130759.57444804435,0.0
2024-02-10T00:00:00,130759.57444804435,0.0
2024-02-11T00:00:00,130759.57444804435,0.0
2024-02-12T00:00:00,130759.57444804435,0.0
2024-02-13T00:00:00,130759.57444804435,0.0
2024-02-14T00:00:00,130759.57444804435,0.0
2024-02-15T00:00:00,130759.57444804435,0.0
2024-02-16T00:00:00,130759.57444804435,0.0
2024-02-17T00:00:00,130759.57444804435,0.0
2024-02-18T00:00:00,130759.57444804435,0.0
2024-02-19T00:00:00,130759.57444804435,0.0
2024-02-20T00:00:00,130759.57444804435,0.0
2024-02-21T00:00:00,130759.57444804435,0.0
2024-02-22T00:00:00,130759.57444804435,0.0
2024-02-23T00:00:00,130759.57444804435,0.0
2024-02-24T00:00:00,130759.57444804435,0.0
2024-02-25T00:00:00,130759.57444804435,0.0
2024-02-26T00:00:00,130759.57444804435,0.0
2024-02-27T00:00:00,130759.57444804435,0.0
2024-02-28T00:00:00,130759.57444804435,0.0
2024-02-29T00:00:00,130759.57444804435,0.0
2024-03-01T00:00:00,130759.57444804435,0.0
2024-03-02T00:00:00,130759.57444804435,0.0
2024-03-03T00:00:00,130759.57444804435,0.0
2024-03-04T00:00:00,130759.57444804435,0.0
2024-03-05T00:00:00,130759.57444804435,0.0
2024-03-06T00:00:00,130759.57444804435,0.0
2024-03-07T00:00:00,130759.57444804435,0.0
2024-03-08T00:00:00,130759.57444804435,0.0
2024-03-09T00:00:00,130759.57444804435,0.0
2024-03-10T00:00:00,130759.57444804435,0.0
2024-03-11T00:00:00,130759.57444804435,0.0
2024-03-12T00:00:00,130759.57444804435,0.0
2024-03-13T00:00:00,130759.57444804435,0.0
2024-03-14T00:00:00,130759.57444804435,0.0
2024-03-15T00:00:00,130759.57444804435,0.0
2024-03-16T00:00:00,130759.57444804435,0.0
2024-03-17T00:00:00,130759.57444804435,0.0
2024-03-18T00:00:00,130759.57444804435,0.0
2024-03-19T00:00:00,130759.57444804435,0.0
2024-03-20T00:00:00,130759.57444804435,0.0
2024-03-21T00:00:00,130759.57444804435,0.0
2024-03-22T00:00:00,130759.57444804435,0.0
2024-03-23T00:00:00,130759.57444804435,0.0
2024-03-24T00:00:00,130759.57444804435,0.0
2024-03-25T00:00:00,130759.57444804435,0.0
2024-03-26T00:00:00,130944.03135712947,0.001411152588367437
2024-03-27T00:00:00,130944.03135712947,0.0
2024-03-28T00:00:00,130944.03135712947,0.0
2024-03-29T00:00:00,130944.03135712947,0.0
2024-03-30T00:00:00,131336.7650506896,0.0029976305573345963
2024-03-31T00:00:00,131172.10690434274,-0.001245295107500377
2024-04-01T00:00:00,131172.10690434274,0.0
2024-04-02T00:00:00,131172.10690434274,0.0
2024-04-03T00:00:00,131172.10690434274,0.0
2024-04-04T00:00:00,131172.10690434274,0.0
2024-04-05T00:00:00,131172.10690434274,0.0
2024-04-06T00:00:00,131172.10690434274,0.0
2024-04-07T00:00:00,131172.10690434274,0.0
2024-04-08T00:00:00,131968.35554267935,0.006056631797612955
2024-04-09T00:00:00,131968.35554267935,0.0
2024-04-10T00:00:00,131968.35554267935,0.0
2024-04-11T00:00:00,131968.35554267935,0.0
2024-04-12T00:00:00,131968.35554267935,0.0
2024-04-13T00:00:00,131968.35554267935,0.0
2024-04-14T00:00:00,131968.35554267935,0.0
2024-04-15T00:00:00,131968.35554267935,0.0
2024-04-16T00:00:00,131968.35554267935,0.0
2024-04-17T00:00:00,131968.35554267935,0.0
2024-04-18T00:00:00,131968.35554267935,0.0
2024-04-19T00:00:00,131968.35554267935,0.0
2024-04-20T00:00:00,131975.73475321988,5.690933417401567e-05
2024-04-21T00:00:00,132058.15543497796,0.0006284932055865555
2024-04-22T00:00:00,133220.5099531294,0.008805676071322766
2024-04-23T00:00:00,132232.40596468793,-0.007426253198863697
2024-04-24T00:00:00,132232.40596468793,0.0
2024-04-25T00:00:00,132415.547510137,0.0013858879629387033
2024-04-26T00:00:00,129931.13439006607,-0.018897500388323496
2024-04-27T00:00:00,129931.13439006607,0.0
2024-04-28T00:00:00,130451.6113922631,0.004002698727740506
2024-04-29T00:00:00,130451.6113922631,0.0
2024-04-30T00:00:00,130451.6113922631,0.0
2024-05-01T00:00:00,130451.6113922631,0.0
2024-05-02T00:00:00,130451.6113922631,0.0
2024-05-03T00:00:00,130451.6113922631,0.0
2024-05-04T00:00:00,130451.6113922631,0.0
2024-05-05T00:00:00,130632.3101005595,0.0013857367517284835
2024-05-06T00:00:00,130632.3101005595,0.0
2024-05-07T00:00:00,130632.3101005595,0.0
2024-05-08T00:00:00,130876.01678148983,0.0018651889299907687
2024-05-09T00:00:00,130876.01678148983,0.0
2024-05-10T00:00:00,130876.01678148983,0.0
2024-05-11T00:00:00,130876.01678148983,0.0
2024-05-12T00:00:00,130876.01678148983,0.0
2024-05-13T00:00:00,130876.01678148983,0.0
2024-05-14T00:00:00,130876.01678148983,0.0
2024-05-15T00:00:00,130876.01678148983,0.0
2024-05-16T00:00:00,130876.01678148983,0.0
2024-05-17T00:00:00,130969.81560375352,0.0007165600775990155
2024-05-18T00:00:00,131380.66736720302,0.0031352984420729424
2024-05-19T00:00:00,131380.66736720302,0.0
2024-05-20T00:00:00,131380.66736720302,0.0
2024-05-21T00:00:00,131380.66736720302,0.0
2024-05-22T00:00:00,131380.66736720302,0.0
2024-05-23T00:00:00,131380.66736720302,0.0
2024-05-24T00:00:00,131380.66736720302,0.0
2024-05-25T00:00:00,131380.66736720302,0.0
2024-05-26T00:00:00,131380.66736720302,0.0
2024-05-27T00:00:00,131458.9354499169,0.0005975414291450321
2024-05-28T00:00:00,131458.9354499169,0.0
2024-05-29T00:00:00,131458.9354499169,0.0
2024-05-30T00:00:00,131418.6657267674,-0.00030346906602307655
2024-05-31T00:00:00,130823.25536258961,-0.004534654490901846
2024-06-01T00:00:00,131201.9527754409,0.002896394638373767
2024-06-02T00:00:00,131201.9527754409,0.0
2024-06-03T00:00:00,131201.9527754409,0.0
2024-06-04T00:00:00,131201.9527754409,0.0
2024-06-05T00:00:00,131472.42850163815,0.0020620893216304337
2024-06-06T00:00:00,131472.42850163815,0.0
2024-06-07T00:00:00,131472.42850163815,0.0
2024-06-08T00:00:00,131203.14568623033,-0.002031314050843225
2024-06-09T00:00:00,131203.14568623033,0.0
2024-06-10T00:00:00,131203.14568623033,0.0
2024-06-11T00:00:00,131203.14568623033,0.0
2024-06-12T00:00:00,131203.14568623033,0.0
2024-06-13T00:00:00,131203.14568623033,0.0
2024-06-14T00:00:00,131203.14568623033,0.0
2024-06-15T00:00:00,131203.14568623033,0.0
2024-06-16T00:00:00,131203.14568623033,0.0
2024-06-17T00:00:00,131347.53033971047,0.0011058972236297482
2024-06-18T00:00:00,131674.72950515643,0.0024926692975555387
2024-06-19T00:00:00,131674.72950515643,0.0
2024-06-20T00:00:00,131687.7421325302,9.887485489390446e-05
2024-06-21T00:00:00,132913.29183289193,0.009271728131248547
2024-06-22T00:00:00,132913.29183289193,0.0
2024-06-23T00:00:00,132913.29183289193,0.0
2024-06-24T00:00:00,132913.29183289193,0.0
2024-06-25T00:00:00,132913.29183289193,0.0
2024-06-26T00:00:00,132913.29183289193,0.0
2024-06-27T00:00:00,132913.29183289193,0.0
2024-06-28T00:00:00,132862.80136315344,-0.00037891347704011036
2024-06-29T00:00:00,132738.5138966438,-0.000920145669854211
2024-06-30T00:00:00,132738.5138966438,0.0
2024-07-01T00:00:00,132738.5138966438,0.0
2024-07-02T00:00:00,132738.5138966438,0.0
2024-07-03T00:00:00,132738.5138966438,0.0
2024-07-04T00:00:00,132738.5138966438,0.0
2024-07-05T00:00:00,132738.5138966438,0.0
2024-07-06T00:00:00,132738.5138966438,0.0
2024-07-07T00:00:00,132738.5138966438,0.0
2024-07-08T00:00:00,132738.5138966438,0.0
2024-07-09T00:00:00,132738.5138966438,0.0
2024-07-10T00:00:00,133964.8966462918,0.009222995378852294
2024-07-11T00:00:00,134633.19735084852,0.004984850114139738
2024-07-12T00:00:00,134843.05064605188,0.0015708104439113857
2024-07-13T00:00:00,135033.2386316159,0.0014098932404620346
2024-07-14T00:00:00,135033.2386316159,0.0
2024-07-15T00:00:00,135033.2386316159,0.0
2024-07-16T00:00:00,135033.2386316159,0.0
2024-07-17T00:00:00,135033.2386316159,0.0
2024-07-18T00:00:00,135033.2386316159,0.0
2024-07-19T00:00:00,135033.2386316159,0.0
2024-07-20T00:00:00,135491.44493541986,0.003389310685242175
2024-07-21T00:00:00,135491.44493541986,0.0
2024-07-22T00:00:00,136062.69933871154,0.004213885432490017
2024-07-23T00:00:00,136062.69933871154,0.0
2024-07-24T00:00:00,137493.63639150184,0.010486845832588965
2024-07-25T00:00:00,137759.43645166233,0.0019341055419527242
2024-07-26T00:00:00,137759.43645166233,0.0
2024-07-27T00:00:00,137759.43645166233,0.0
2024-07-28T00:00:00,137759.43645166233,0.0
2024-07-29T00:00:00,137759.43645166233,0.0
2024-07-30T00:00:00,137517.81951623672,-0.0017451780403507922
2024-07-31T00:00:00,137517.81951623672,0.0
2024-08-01T00:00:00,137903.0807947694,0.0028100090063456484
2024-08-02T00:00:00,137903.0807947694,0.0
2024-08-03T00:00:00,137903.0807947694,0.0
2024-08-04T00:00:00,137903.0807947694,0.0
2024-08-05T00:00:00,137903.0807947694,0.0
2024-08-06T00:00:00,137903.0807947694,0.0
2024-08-07T00:00:00,137903.0807947694,0.0
2024-08-08T00:00:00,137608.59545389417,-0.0020377783060075982
2024-08-09T00:00:00,137608.59545389417,0.0
2024-08-10T00:00:00,137329.65524353596,-0.0019337799012463242
2024-08-11T00:00:00,138074.41342488202,0.005413826243084285
2024-08-12T00:00:00,138074.41342488202,0.0
2024-08-13T00:00:00,138329.02323899278,0.0018897700685001073
2024-08-14T00:00:00,138860.50216621213,0.003855342580745602
2024-08-15T00:00:00,138860.50216621213,0.0
2024-08-16T00:00:00,138860.50216621213,0.0
2024-08-17T00:00:00,138860.50216621213,0.0
2024-08-18T00:00:00,138860.50216621213,0.0
2024-08-19T00:00:00,138860.50216621213,0.0
2024-08-20T00:00:00,138860.50216621213,0.0
2024-08-21T00:00:00,138860.50216621213,0.0
2024-08-22T00:00:00,138860.50216621213,0.0
2024-08-23T00:00:00,138860.50216621213,0.0
2024-08-24T00:00:00,138860.50216621213,0.0
2024-08-25T00:00:00,138860.50216621213,0.0
2024-08-26T00:00:00,138860.50216621213,0.0
2024-08-27T00:00:00,138860.50216621213,0.0
2024-08-28T00:00:00,138860.50216621213,0.0
2024-08-29T00:00:00,138860.50216621213,0.0
2024-08-30T00:00:00,138860.50216621213,0.0
2024-08-31T00:00:00,138860.50216621213,0.0
2024-09-01T00:00:00,138860.50216621213,0.0
2024-09-02T00:00:00,138860.50216621213,0.0
2024-09-03T00:00:00,138860.50216621213,0.0
2024-09-04T00:00:00,138860.50216621213,0.0
2024-09-05T00:00:00,138860.50216621213,0.0
2024-09-06T00:00:00,138860.50216621213,0.0
2024-09-07T00:00:00,138860.50216621213,0.0
2024-09-08T00:00:00,138860.50216621213,0.0
2024-09-09T00:00:00,138860.50216621213,0.0
2024-09-10T00:00:00,138860.50216621213,0.0
2024-09-11T00:00:00,138860.50216621213,0.0
2024-09-12T00:00:00,138860.50216621213,0.0
2024-09-13T00:00:00,139176.41031594013,0.002279573548599756
2024-09-14T00:00:00,139165.3495010139,-7.41960875388914e-05
2024-09-15T00:00:00,139165.3495010139,0.0
2024-09-16T00:00:00,139905.39500712883,0.005320459635746455
2024-09-17T00:00:00,139905.39500712883,0.0
2024-09-18T00:00:00,139905.39500712883,0.0
2024-09-19T00:00:00,139905.39500712883,0.0
2024-09-20T00:00:00,139905.39500712883,0.0
2024-09-21T00:00:00,139905.39500712883,0.0
2024-09-22T00:00:00,139905.39500712883,0.0
2024-09-23T00:00:00,139905.39500712883,0.0
2024-09-24T00:00:00,139905.39500712883,0.0
2024-09-25T00:00:00,139905.39500712883,0.0
2024-09-26T00:00:00,139905.39500712883,0.0
2024-09-27T00:00:00,139905.39500712883,0.0
2024-09-28T00:00:00,139905.39500712883,0.0
2024-09-29T00:00:00,139905.39500712883,0.0
2024-09-30T00:00:00,139905.39500712883,0.0
2024-10-01T00:00:00,140436.30594879805,0.0038053759575911172
2024-10-02T00:00:00,140085.1895254182,-0.002500864807773784
2024-10-03T00:00:00,140085.1895254182,0.0
2024-10-04T00:00:00,140085.1895254182,0.0
2024-10-05T00:00:00,140085.1895254182,0.0
2024-10-06T00:00:00,140085.1895254182,0.0
2024-10-07T00:00:00,140085.1895254182,0.0
2024-10-08T00:00:00,140426.85049738802,0.0024408925176464535
2024-10-09T00:00:00,140426.85049738802,0.0
2024-10-10T00:00:00,140426.85049738802,0.0
2024-10-11T00:00:00,140426.85049738802,0.0
2024-10-12T00:00:00,140426.85049738802,0.0
2024-10-13T00:00:00,140426.85049738802,0.0
2024-10-14T00:00:00,140426.85049738802,0.0
2024-10-15T00:00:00,140426.85049738802,0.0
2024-10-16T00:00:00,140426.85049738802,0.0
2024-10-17T00:00:00,140426.85049738802,0.0
2024-10-18T00:00:00,140426.85049738802,0.0
2024-10-19T00:00:00,140426.85049738802,0.0
2024-10-20T00:00:00,140426.85049738802,0.0
2024-10-21T00:00:00,140426.85049738802,0.0
2024-10-22T00:00:00,140426.85049738802,0.0
2024-10-23T00:00:00,140422.35643575614,-2.653933513618867e-05
2024-10-24T00:00:00,140335.6108534428,-0.0006174369879246022
2024-10-25T00:00:00,140335.6108534428,0.0
2024-10-26T00:00:00,140335.6108534428,0.0
2024-10-27T00:00:00,140335.6108534428,0.0
2024-10-28T00:00:00,140335.6108534428,0.0
2024-10-29T00:00:00,140338.1593040242,2.095125478873694e-05
2024-10-30T00:00:00,139983.69261214306,-0.002527440229026179
2024-10-31T00:00:00,139983.69261214306,0.0
2024-11-01T00:00:00,140861.43715939572,0.006255598695430797
2024-11-02T00:00:00,141110.4381739341,0.0017675134975116968
2024-11-03T00:00:00,141110.4381739341,0.0
2024-11-04T00:00:00,141110.4381739341,0.0
2024-11-05T00:00:00,141110.4381739341,0.0
2024-11-06T00:00:00,141110.4381739341,0.0
2024-11-07T00:00:00,141580.61854374025,0.003364592812184708
2024-11-08T00:00:00,141580.61854374025,0.0
2024-11-09T00:00:00,141580.61854374025,0.0
2024-11-10T00:00:00,141580.61854374025,0.0
2024-11-11T00:00:00,141580.61854374025,0.0
2024-11-12T00:00:00,141580.61854374025,0.0
2024-11-13T00:00:00,141580.61854374025,0.0
2024-11-14T00:00:00,141580.61854374025,0.0
2024-11-15T00:00:00,141816.9603087372,0.0016804235464423778
2024-11-16T00:00:00,144051.89695176718,0.015681236192685133
2024-11-17T00:00:00,144578.01953702694,0.0036499772615102843
2024-11-18T00:00:00,144895.11568300074,0.0021963606431271154
2024-11-19T00:00:00,145497.6844108583,0.0041678443704048496
2024-11-20T00:00:00,145902.75028040705,0.002784496767667566
2024-11-21T00:00:00,146155.43612269015,0.0017640015243064466
2024-11-22T00:00:00,145708.52071586798,-0.0030590249876681908
2024-11-23T00:00:00,145708.52071586798,0.0
2024-11-24T00:00:00,145708.52071586798,0.0
2024-11-25T00:00:00,145708.52071586798,0.0
2024-11-26T00:00:00,145708.52071586798,0.0
2024-11-27T00:00:00,146737.23513818535,0.007046091456681891
2024-11-28T00:00:00,146737.23513818535,0.0
2024-11-29T00:00:00,146737.23513818535,0.0
2024-11-30T00:00:00,146737.23513818535,0.0
2024-12-01T00:00:00,146737.23513818535,0.0
2024-12-02T00:00:00,146737.23513818535,0.0
2024-12-03T00:00:00,147225.5689404038,0.003329202271896925
2024-12-04T00:00:00,147225.5689404038,0.0
2024-12-05T00:00:00,147225.5689404038,0.0
2024-12-06T00:00:00,147225.5689404038,0.0
2024-12-07T00:00:00,147225.5689404038,0.0
2024-12-08T00:00:00,147225.5689404038,0.0
2024-12-09T00:00:00,147225.5689404038,0.0
2024-12-10T00:00:00,149145.51159399893,0.013077907424822954
2024-12-11T00:00:00,147954.8857821683,-0.007920924690928532
2024-12-12T00:00:00,147954.8857821683,0.0
2024-12-13T00:00:00,147954.8857821683,0.0
2024-12-14T00:00:00,147954.8857821683,0.0
2024-12-15T00:00:00,147954.8857821683,0.0
2024-12-16T00:00:00,147954.8857821683,0.0
2024-12-17T00:00:00,147954.8857821683,0.0
2024-12-18T00:00:00,147954.8857821683,0.0
2024-12-19T00:00:00,148353.2291701,0.0026929734020784135
2024-12-20T00:00:00,148353.2291701,0.0
2024-12-21T00:00:00,148353.2291701,0.0
2024-12-22T00:00:00,148353.2291701,0.0
2024-12-23T00:00:00,148353.2291701,0.0
2024-12-24T00:00:00,148353.2291701,0.0
2024-12-25T00:00:00,148566.08336590647,0.0014360206162677969
2024-12-26T00:00:00,146653.7145680295,-0.012916525881246588
2024-12-27T00:00:00,146368.733297387,-0.0019413584020789854
2024-12-28T00:00:00,146368.733297387,0.0
2024-12-29T00:00:00,146368.733297387,0.0
2024-12-30T00:00:00,146368.733297387,0.0
2024-12-31T00:00:00,146319.51019934056,-0.00031215026440456484
2025-01-01T00:00:00,146146.87174807358,-0.0011799897849747998
2025-01-02T00:00:00,146146.87174807358,0.0
2025-01-03T00:00:00,146400.15072248236,0.0017332919734855956
2025-01-04T00:00:00,146400.15072248236,0.0
2025-01-05T00:00:00,146400.15072248236,0.0
2025-01-06T00:00:00,146400.15072248236,0.0
2025-01-07T00:00:00,146400.15072248236,0.0
2025-01-08T00:00:00,147133.9566367451,0.005025732201698774
2025-01-09T00:00:00,147133.9566367451,0.0
2025-01-10T00:00:00,147133.9566367451,0.0
2025-01-11T00:00:00,147133.9566367451,0.0
2025-01-12T00:00:00,147133.9566367451,0.0
2025-01-13T00:00:00,147133.9566367451,0.0
2025-01-14T00:00:00,147133.9566367451,0.0
2025-01-15T00:00:00,147133.9566367451,0.0
2025-01-16T00:00:00,147133.9566367451,0.0
2025-01-17T00:00:00,147133.9566367451,0.0
2025-01-18T00:00:00,147133.9566367451,0.0
2025-01-19T00:00:00,147133.9566367451,0.0
2025-01-20T00:00:00,148221.38656312125,0.00737201968690504
2025-01-21T00:00:00,150991.05224760892,0.018564714749796374
2025-01-22T00:00:00,152588.16710915192,0.010541965092331074
2025-01-23T00:00:00,152588.16710915192,0.0
2025-01-24T00:00:00,152588.16710915192,0.0
2025-01-25T00:00:00,152588.16710915192,0.0
2025-01-26T00:00:00,152588.16710915192,0.0
2025-01-27T00:00:00,152588.16710915192,0.0
2025-01-28T00:00:00,152588.16710915192,0.0
2025-01-29T00:00:00,152588.16710915192,0.0
2025-01-30T00:00:00,152588.16710915192,0.0
2025-01-31T00:00:00,152588.16710915192,0.0
2025-02-01T00:00:00,152510.3896715802,-0.0004995115648287474
2025-02-02T00:00:00,152510.3896715802,0.0
2025-02-03T00:00:00,152510.3896715802,0.0
2025-02-04T00:00:00,152510.3896715802,0.0
2025-02-05T00:00:00,152510.3896715802,0.0
2025-02-06T00:00:00,152510.3896715802,0.0
2025-02-07T00:00:00,152510.3896715802,0.0
2025-02-08T00:00:00,152510.3896715802,0.0
2025-02-09T00:00:00,152510.3896715802,0.0
2025-02-10T00:00:00,152510.3896715802,0.0
2025-02-11T00:00:00,152510.3896715802,0.0
2025-02-12T00:00:00,152510.3896715802,0.0
2025-02-13T00:00:00,152510.3896715802,0.0
2025-02-14T00:00:00,152510.3896715802,0.0
2025-02-15T00:00:00,152510.3896715802,0.0
2025-02-16T00:00:00,152510.3896715802,0.0
2025-02-17T00:00:00,152510.3896715802,0.0
2025-02-18T00:00:00,152510.3896715802,0.0
2025-02-19T00:00:00,152510.3896715802,0.0
2025-02-20T00:00:00,152510.3896715802,0.0
2025-02-21T00:00:00,152510.3896715802,0.0
2025-02-22T00:00:00,150528.54663941704,-0.0130599199608733
2025-02-23T00:00:00,150528.54663941704,0.0
2025-02-24T00:00:00,150528.54663941704,0.0
2025-02-25T00:00:00,150633.24726980872,0.0006962518591181466
2025-02-26T00:00:00,150633.24726980872,0.0
2025-02-27T00:00:00,150633.24726980872,0.0
2025-02-28T00:00:00,150633.24726980872,0.0
2025-03-01T00:00:00,150633.24726980872,0.0
2025-03-02T00:00:00,150633.24726980872,0.0
2025-03-03T00:00:00,155142.00075907275,0.029697539257657057
2025-03-04T00:00:00,155708.1406715065,0.0036570598092260376
2025-03-05T00:00:00,155708.1406715065,0.0
2025-03-06T00:00:00,155708.1406715065,0.0
2025-03-07T00:00:00,155708.1406715065,0.0
2025-03-08T00:00:00,155708.1406715065,0.0
2025-03-09T00:00:00,155708.1406715065,0.0
2025-03-10T00:00:00,155708.1406715065,0.0
2025-03-11T00:00:00,155708.1406715065,0.0
2025-03-12T00:00:00,155708.1406715065,0.0
2025-03-13T00:00:00,155708.1406715065,0.0
2025-03-14T00:00:00,155708.1406715065,0.0
2025-03-15T00:00:00,155708.1406715065,0.0
2025-03-16T00:00:00,156174.80574319675,0.0029956647950272197
2025-03-17T00:00:00,156295.9002945628,0.0007757570081070586
2025-03-18T00:00:00,154461.29267262225,-0.011756027296654481
2025-03-19T00:00:00,154461.29267262225,0.0
2025-03-20T00:00:00,155216.74384202014,0.004889349277529931
2025-03-21T00:00:00,155216.74384202014,0.0
2025-03-22T00:00:00,155216.74384202014,0.0
2025-03-23T00:00:00,155216.74384202014,0.0
2025-03-24T00:00:00,155216.74384202014,0.0
2025-03-25T00:00:00,156016.93858992943,0.005148151860204897
2025-03-26T00:00:00,156016.93858992943,0.0
2025-03-27T00:00:00,155966.47882394804,-0.00032291590521549285
2025-03-28T00:00:00,156448.59779004095,0.0030901114364926263
2025-03-29T00:00:00,157881.0270131772,0.009128997045409704
2025-03-30T00:00:00,157881.0270131772,0.0
2025-03-31T00:00:00,157881.0270131772,0.0
2025-04-01T00:00:00,157881.0270131772,0.0
2025-04-02T00:00:00,158437.02570219332,0.0035169385627517036
2025-04-03T00:00:00,161079.35387664038,0.01657280288185603
2025-04-04T00:00:00,161079.35387664038,0.0
2025-04-05T00:00:00,161079.35387664038,0.0
2025-04-06T00:00:00,161079.35387664038,0.0
2025-04-07T00:00:00,161079.35387664038,0.0
2025-04-08T00:00:00,161079.35387664038,0.0
2025-04-09T00:00:00,161079.35387664038,0.0
2025-04-10T00:00:00,161079.35387664038,0.0
2025-04-11T00:00:00,161079.35387664038,0.0
2025-04-12T00:00:00,161079.35387664038,0.0
2025-04-13T00:00:00,160178.97111966764,-0.005554257375543381
2025-04-14T00:00:00,160421.95457102725,0.0015220792532383287
2025-04-15T00:00:00,160743.45122918,0.0020028983041090465
2025-04-16T00:00:00,160743.45122918,0.0
2025-04-17T00:00:00,160743.45122918,0.0
2025-04-18T00:00:00,160743.45122918,0.0
2025-04-19T00:00:00,160743.45122918,0.0
2025-04-20T00:00:00,160527.9468811662,-0.0013366892196656766
2025-04-21T00:00:00,159987.8445390533,-0.0033681752690982725
2025-04-22T00:00:00,160221.24907727126,0.0014591272870400074
2025-04-23T00:00:00,160221.24907727126,0.0
2025-04-24T00:00:00,160221.24907727126,0.0
2025-04-25T00:00:00,160221.24907727126,0.0
2025-04-26T00:00:00,160221.24907727126,0.0
2025-04-27T00:00:00,160221.24907727126,0.0
2025-04-28T00:00:00,160221.24907727126,0.0
2025-04-29T00:00:00,160139.94293891123,-0.0005047716973514138
2025-04-30T00:00:00,160139.94293891123,0.0
2025-05-01T00:00:00,160139.94293891123,0.0
2025-05-02T00:00:00,160139.94293891123,0.0
2025-05-03T00:00:00,160139.94293891123,0.0
2025-05-04T00:00:00,160139.94293891123,0.0
2025-05-05T00:00:00,160139.94293891123,0.0
2025-05-06T00:00:00,159779.1396087362,-0.0022518654205521127
2025-05-07T00:00:00,159754.24422973095,-0.00014583224506903303
2025-05-08T00:00:00,159754.24422973095,0.0
2025-05-09T00:00:00,159754.24422973095,0.0
2025-05-10T00:00:00,159754.24422973095,0.0
2025-05-11T00:00:00,159754.24422973095,0.0
2025-05-12T00:00:00,159754.24422973095,0.0
2025-05-13T00:00:00,159754.24422973095,0.0
2025-05-14T00:00:00,159754.24422973095,0.0
2025-05-15T00:00:00,159754.24422973095,0.0
2025-05-16T00:00:00,160772.68990754973,0.006388732040385037
2025-05-17T00:00:00,160772.68990754973,0.0
2025-05-18T00:00:00,162164.37954084887,0.008629457072754976
2025-05-19T00:00:00,163456.3869313182,0.007971654713821441
2025-05-20T00:00:00,167322.09684165433,0.023463484611756513
2025-05-21T00:00:00,167322.09684165433,0.0
2025-05-22T00:00:00,168780.04408214337,0.008719613685578165
2025-05-23T00:00:00,168780.04408214337,0.0
2025-05-24T00:00:00,168780.04408214337,0.0
2025-05-25T00:00:00,168780.04408214337,0.0
2025-05-26T00:00:00,170143.108036639,0.008055411743723706
2025-05-27T00:00:00,170143.108036639,0.0
2025-05-28T00:00:00,170143.108036639,0.0
2025-05-29T00:00:00,170143.108036639,0.0
2025-05-30T00:00:00,170143.108036639,0.0
2025-05-31T00:00:00,170143.108036639,0.0
2025-06-01T00:00:00,170143.108036639,0.0
2025-06-02T00:00:00,170143.108036639,0.0
2025-06-03T00:00:00,170143.108036639,0.0
2025-06-04T00:00:00,170143.108036639,0.0
2025-06-05T00:00:00,170143.108036639,0.0
2025-06-06T00:00:00,170143.108036639,0.0
2025-06-07T00:00:00,170143.108036639,0.0
2025-06-08T00:00:00,170143.108036639,0.0
2025-06-09T00:00:00,170143.108036639,0.0
2025-06-10T00:00:00,170143.108036639,0.0
2025-06-11T00:00:00,170143.108036639,0.0
2025-06-12T00:00:00,170143.108036639,0.0
2025-06-13T00:00:00,170143.108036639,0.0
2025-06-14T00:00:00,169854.1280914242,-0.0016790423394568155
2025-06-15T00:00:00,169854.1280914242,0.0
2025-06-16T00:00:00,169854.1280914242,0.0
2025-06-17T00:00:00,169854.1280914242,0.0
2025-06-18T00:00:00,169854.1280914242,0.0
2025-06-19T00:00:00,169854.1280914242,0.0
2025-06-20T00:00:00,169854.1280914242,0.0
2025-06-21T00:00:00,169854.1280914242,0.0
2025-06-22T00:00:00,169854.1280914242,0.0
2025-06-23T00:00:00,169854.1280914242,0.0
2025-06-24T00:00:00,169854.1280914242,0.0
2025-06-25T00:00:00,169854.1280914242,0.0
2025-06-26T00:00:00,173516.0230755883,0.021373062112688856
2025-06-27T00:00:00,173516.0230755883,0.0
2025-06-28T00:00:00,173516.0230755883,0.0
2025-06-29T00:00:00,173516.0230755883,0.0
2025-06-30T00:00:00,173516.0230755883,0.0
2025-07-01T00:00:00,173516.0230755883,0.0
2025-07-02T00:00:00,173516.0230755883,0.0
2025-07-03T00:00:00,173516.0230755883,0.0
2025-07-04T00:00:00,173516.0230755883,0.0
2025-07-05T00:00:00,173516.0230755883,0.0
2025-07-06T00:00:00,173516.0230755883,0.0
2025-07-07T00:00:00,173516.0230755883,0.0
2025-07-08T00:00:00,173516.0230755883,0.0
2025-07-09T00:00:00,173516.0230755883,0.0
2025-07-10T00:00:00,173516.0230755883,0.0
2025-07-11T00:00:00,173516.0230755883,0.0
2025-07-12T00:00:00,173516.0230755883,0.0
2025-07-13T00:00:00,173516.0230755883,0.0
2025-07-14T00:00:00,173516.0230755883,0.0
2025-07-15T00:00:00,173516.0230755883,0.0
2025-07-16T00:00:00,173948.94932014463,0.0024977472289627878
2025-07-17T00:00:00,173948.94932014463,0.0
2025-07-18T00:00:00,173948.94932014463,0.0
2025-07-19T00:00:00,173948.94932014463,0.0
2025-07-20T00:00:00,173948.94932014463,0.0
2025-07-21T00:00:00,173948.94932014463,0.0
2025-07-22T00:00:00,173948.94932014463,0.0
2025-07-23T00:00:00,173948.94932014463,0.0
2025-07-24T00:00:00,175731.88314569148,0.010228504469759092
2025-07-25T00:00:00,175785.26293181343,0.00031212544344350057
2025-07-26T00:00:00,176811.25156325227,0.005827699980156864
2025-07-27T00:00:00,176811.25156325227,0.0
2025-07-28T00:00:00,176811.25156325227,0.0
2025-07-29T00:00:00,176811.25156325227,0.0
2025-07-30T00:00:00,176811.25156325227,0.0
2025-07-31T00:00:00,176020.866195391,-0.004469414308424735
2025-08-01T00:00:00,174898.5935159408,-0.006386405170807685
2025-08-02T00:00:00,174898.5935159408,0.0
2025-08-03T00:00:00,174898.5935159408,0.0
2025-08-04T00:00:00,174898.5935159408,0.0
2025-08-05T00:00:00,174898.5935159408,0.0
2025-08-06T00:00:00,174898.5935159408,0.0
2025-08-07T00:00:00,174898.5935159408,0.0
2025-08-08T00:00:00,174898.5935159408,0.0
2025-08-09T00:00:00,174898.5935159408,0.0
2025-08-10T00:00:00,174898.5935159408,0.0
2025-08-11T00:00:00,174898.5935159408,0.0
2025-08-12T00:00:00,174898.5935159408,0.0
2025-08-13T00:00:00,174898.5935159408,0.0
2025-08-14T00:00:00,174898.5935159408,0.0
2025-08-15T00:00:00,174898.5935159408,0.0
2025-08-16T00:00:00,174898.5935159408,0.0
2025-08-17T00:00:00,174977.9615382624,0.0004631499591798427
2025-08-18T00:00:00,174977.9615382624,0.0
2025-08-19T00:00:00,174039.8214968587,-0.0053491218606953606
2025-08-20T00:00:00,174039.8214968587,0.0
2025-08-21T00:00:00,174039.8214968587,0.0
2025-08-22T00:00:00,174039.8214968587,0.0
2025-08-23T00:00:00,174009.9684806421,-0.0001706153549300149
2025-08-24T00:00:00,174009.9684806421,0.0
2025-08-25T00:00:00,174009.9684806421,0.0
2025-08-26T00:00:00,174009.9684806421,0.0
2025-08-27T00:00:00,174009.9684806421,0.0
2025-08-28T00:00:00,174009.9684806421,0.0
2025-08-29T00:00:00,174009.9684806421,0.0
2025-08-30T00:00:00,174009.9684806421,0.0
2025-08-31T00:00:00,174009.9684806421,0.0
2025-09-01T00:00:00,174009.9684806421,0.0
2025-09-02T00:00:00,174009.9684806421,0.0
2025-09-03T00:00:00,174009.9684806421,0.0
2025-09-04T00:00:00,174635.18293760123,0.003595255095660832
2025-09-05T00:00:00,174410.56841048462,-0.0012781329026345656
2025-09-06T00:00:00,174410.56841048462,0.0
2025-09-07T00:00:00,174410.56841048462,0.0
2025-09-08T00:00:00,174410.56841048462,0.0
2025-09-09T00:00:00,174410.56841048462,0.0
2025-09-10T00:00:00,174410.56841048462,0.0
2025-09-11T00:00:00,174906.81645722623,0.0028438565032796737
2025-09-12T00:00:00,174906.81645722623,0.0
2025-09-13T00:00:00,174906.81645722623,0.0
2025-09-14T00:00:00,174906.81645722623,0.0
2025-09-15T00:00:00,174906.81645722623,0.0
2025-09-16T00:00:00,174906.81645722623,0.0
2025-09-17T00:00:00,174763.70113011566,-0.0008136317938187698
2025-09-18T00:00:00,176478.5649232283,0.009793168841593758
2025-09-19T00:00:00,176478.5649232283,0.0
2025-09-20T00:00:00,176478.5649232283,0.0
2025-09-21T00:00:00,176478.5649232283,0.0
2025-09-22T00:00:00,176478.5649232283,0.0
2025-09-23T00:00:00,176478.5649232283,0.0
2025-09-24T00:00:00,176478.5649232283,0.0
2025-09-25T00:00:00,176478.5649232283,0.0
2025-09-26T00:00:00,176478.5649232283,0.0
2025-09-27T00:00:00,176478.5649232283,0.0
2025-09-28T00:00:00,176478.5649232283,0.0
2025-09-29T00:00:00,176478.5649232283,0.0
2025-09-30T00:00:00,176734.29641036253,0.0014521344155162819
2025-10-01T00:00:00,177212.9372754726,0.002705935393602865
2025-10-02T00:00:00,177212.9372754726,0.0
2025-10-03T00:00:00,177212.9372754726,0.0
2025-10-04T00:00:00,177212.9372754726,0.0
2025-10-05T00:00:00,177212.9372754726,0.0
2025-10-06T00:00:00,177212.9372754726,0.0
2025-10-07T00:00:00,177212.9372754726,0.0
2025-10-08T00:00:00,177212.9372754726,0.0
2025-10-09T00:00:00,177935.3814218511,0.0040743715344706555
2025-10-10T00:00:00,176773.7241483114,-0.006520794000681174
2025-10-11T00:00:00,176773.7241483114,0.0
2025-10-12T00:00:00,176773.7241483114,0.0
2025-10-13T00:00:00,176773.7241483114,0.0
2025-10-14T00:00:00,176773.7241483114,0.0
2025-10-15T00:00:00,176773.7241483114,0.0
2025-10-16T00:00:00,176537.02408714112,-0.0013312166369685574
2025-10-17T00:00:00,176537.02408714112,0.0
2025-10-18T00:00:00,176537.02408714112,0.0
2025-10-19T00:00:00,176537.02408714112,0.0
2025-10-20T00:00:00,176537.02408714112,0.0
2025-10-21T00:00:00,176525.1623478317,-6.452131123080296e-05
2025-10-22T00:00:00,176525.1623478317,0.0
2025-10-23T00:00:00,176525.1623478317,0.0
2025-10-24T00:00:00,176525.1623478317,0.0
2025-10-25T00:00:00,176525.1623478317,0.0
2025-10-26T00:00:00,176525.1623478317,0.0
2025-10-27T00:00:00,176525.1623478317,0.0
2025-10-28T00:00:00,176525.1623478317,0.0
2025-10-29T00:00:00,176525.1623478317,0.0
2025-10-30T00:00:00,177132.2241639076,0.0034575333179041046
2025-10-31T00:00:00,177011.86800271916,-0.0006760083532265648
2025-11-01T00:00:00,177011.86800271916,0.0
2025-11-02T00:00:00,177011.86800271916,0.0
2025-11-03T00:00:00,177011.86800271916,0.0
2025-11-04T00:00:00,177011.86800271916,0.0
2025-11-05T00:00:00,177011.86800271916,0.0
2025-11-06T00:00:00,177011.86800271916,0.0
2025-11-07T00:00:00,177011.86800271916,0.0
2025-11-08T00:00:00,177011.86800271916,0.0
2025-11-09T00:00:00,177011.86800271916,0.0
2025-11-10T00:00:00,177011.86800271916,0.0
2025-11-11T00:00:00,177891.32370854352,0.004963216934630865
2025-11-12T00:00:00,177891.32370854352,0.0
2025-11-13T00:00:00,177891.32370854352,0.0
2025-11-14T00:00:00,177891.32370854352,0.0
2025-11-15T00:00:00,177891.32370854352,0.0
2025-11-16T00:00:00,177891.32370854352,0.0
2025-11-17T00:00:00,177891.32370854352,0.0
2025-11-18T00:00:00,177891.32370854352,0.0
2025-11-19T00:00:00,177891.32370854352,0.0
2025-11-20T00:00:00,177891.32370854352,0.0
2025-11-21T00:00:00,177891.32370854352,0.0
2025-11-22T00:00:00,177891.32370854352,0.0
2025-11-23T00:00:00,177891.32370854352,0.0
2025-11-24T00:00:00,177891.32370854352,0.0
2025-11-25T00:00:00,177613.8870297073,-0.0015571378876910735
2025-11-26T00:00:00,179719.61388748727,0.011802714965709948
2025-11-27T00:00:00,179936.63084120452,0.001215882152689085
2025-11-28T00:00:00,179936.63084120452,0.0
2025-11-29T00:00:00,179936.63084120452,0.0
2025-11-30T00:00:00,179936.63084120452,0.0
2025-12-01T00:00:00,179936.63084120452,0.0
2025-12-02T00:00:00,179936.63084120452,0.0
2025-12-03T00:00:00,179936.63084120452,0.0
2025-12-04T00:00:00,179936.63084120452,0.0
2025-12-05T00:00:00,179936.63084120452,0.0
2025-12-06T00:00:00,179936.63084120452,0.0
2025-12-07T00:00:00,179936.63084120452,0.0
2025-12-08T00:00:00,180345.88279278902,0.002299968617276771
2025-12-09T00:00:00,180345.88279278902,0.0
2025-12-10T00:00:00,180345.88279278902,0.0
2025-12-11T00:00:00,180345.88279278902,0.0
2025-12-12T00:00:00,180345.88279278902,0.0
2025-12-13T00:00:00,180432.5065032384,0.0004803445617880264
2025-12-14T00:00:00,180432.5065032384,0.0
2025-12-15T00:00:00,180432.5065032384,0.0
2025-12-16T00:00:00,180432.5065032384,0.0
2025-12-17T00:00:00,180432.5065032384,0.0
2025-12-18T00:00:00,180432.5065032384,0.0
2025-12-19T00:00:00,180432.5065032384,0.0
2025-12-20T00:00:00,180632.0457948705,0.0011286643629188076
2025-12-21T00:00:00,180454.73490627747,-0.0009793692854710434
2025-12-22T00:00:00,179874.15407215984,-0.0032050521480186944
2025-12-23T00:00:00,179874.15407215984,0.0
2025-12-24T00:00:00,179874.15407215984,0.0
2025-12-25T00:00:00,179874.15407215984,0.0
2025-12-26T00:00:00,179874.15407215984,0.0
2025-12-27T00:00:00,179874.15407215984,0.0
2025-12-28T00:00:00,179874.15407215984,0.0
2025-12-29T00:00:00,179874.15407215984,0.0
2025-12-30T00:00:00,180407.39251588294,0.0029614014843262204
2025-12-31T00:00:00,180407.39251588294,0.0
2026-01-01T00:00:00,180407.39251588294,0.0
2026-01-02T00:00:00,180407.39251588294,0.0
2026-01-03T00:00:00,180407.39251588294,0.0
2026-01-04T00:00:00,180407.39251588294,0.0
2026-01-05T00:00:00,180407.39251588294,0.0
2026-01-06T00:00:00,180407.39251588294,0.0
2026-01-07T00:00:00,180407.39251588294,0.0
2026-01-08T00:00:00,180407.39251588294,0.0
2026-01-09T00:00:00,180407.39251588294,0.0
2026-01-10T00:00:00,184366.67093046333,0.02178378571765527
2026-01-11T00:00:00,184366.67093046333,0.0
2026-01-12T00:00:00,184366.67093046333,0.0
2026-01-13T00:00:00,184366.67093046333,0.0
2026-01-14T00:00:00,184366.67093046333,0.0
2026-01-15T00:00:00,184366.67093046333,0.0
2026-01-16T00:00:00,184366.67093046333,0.0
2026-01-17T00:00:00,184366.67093046333,0.0
2026-01-18T00:00:00,184366.67093046333,0.0
2026-01-19T00:00:00,184366.67093046333,0.0
2026-01-20T00:00:00,184826.4101439133,0.0025066096727432985
2026-01-21T00:00:00,184826.4101439133,0.0
2026-01-22T00:00:00,184826.4101439133,0.0
2026-01-23T00:00:00,184826.4101439133,0.0
2026-01-24T00:00:00,184826.4101439133,0.0
2026-01-25T00:00:00,184826.4101439133,0.0
2026-01-26T00:00:00,184826.4101439133,0.0
2026-01-27T00:00:00,184826.4101439133,0.0
2026-01-28T00:00:00,185289.3198474454,0.002509084854073418
2026-01-29T00:00:00,186213.81259595393,0.00504185758489295
2026-01-30T00:00:00,186332.5000058346,0.0006376769519148562
2026-01-31T00:00:00,186332.5000058346,0.0
2026-02-01T00:00:00,186332.5000058346,0.0
2026-02-02T00:00:00,186332.5000058346,0.0
2026-02-03T00:00:00,186332.5000058346,0.0
2026-02-04T00:00:00,186332.5000058346,0.0
2026-02-05T00:00:00,186332.5000058346,0.0
2026-02-06T00:00:00,186332.5000058346,0.0
2026-02-07T00:00:00,186332.5000058346,0.0
2026-02-08T00:00:00,186332.5000058346,0.0
2026-02-09T00:00:00,186332.5000058346,0.0
2026-02-10T00:00:00,184978.70521154365,-0.007241616727900468
2026-02-11T00:00:00,184978.70521154365,0.0
2026-02-12T00:00:00,184978.70521154365,0.0
2026-02-13T00:00:00,184978.70521154365,0.0
2026-02-14T00:00:00,184978.70521154365,0.0
2026-02-15T00:00:00,184978.70521154365,0.0
2026-02-16T00:00:00,185734.40876019152,0.004091084878898532
2026-02-17T00:00:00,185734.40876019152,0.0
2026-02-18T00:00:00,185734.40876019152,0.0
2026-02-19T00:00:00,185734.40876019152,0.0
2026-02-20T00:00:00,185734.40876019152,0.0
2026-02-21T00:00:00,185308.1278723992,-0.0021811070026255264
2026-02-22T00:00:00,185164.6814135831,-0.0007741874787052794
2026-02-23T00:00:00,185164.6814135831,0.0
2026-02-24T00:00:00,185164.6814135831,0.0
2026-02-25T00:00:00,185164.6814135831,0.0
2026-02-26T00:00:00,185164.6814135831,0.0
2026-02-27T00:00:00,185164.6814135831,0.0
2026-02-28T00:00:00,185164.6814135831,0.0
2026-03-01T00:00:00,185164.6814135831,0.0
2026-03-02T00:00:00,185164.6814135831,0.0
2026-03-03T00:00:00,185164.6814135831,0.0
2026-03-04T00:00:00,185164.6814135831,0.0
2026-03-05T00:00:00,185164.6814135831,0.0
2026-03-06T00:00:00,185164.6814135831,0.0
2026-03-07T00:00:00,185164.6814135831,0.0
2026-03-08T00:00:00,185164.6814135831,0.0
2026-03-09T00:00:00,185164.6814135831,0.0
2026-03-10T00:00:00,185164.6814135831,0.0
2026-03-11T00:00:00,185164.6814135831,0.0
2026-03-12T00:00:00,185164.6814135831,0.0
2026-03-13T00:00:00,185164.6814135831,0.0
2026-03-14T00:00:00,185164.6814135831,0.0
2026-03-15T00:00:00,185164.6814135831,0.0
2026-03-16T00:00:00,185164.6814135831,0.0
2026-03-17T00:00:00,185164.6814135831,0.0
2026-03-18T00:00:00,185164.6814135831,0.0
2026-03-19T00:00:00,185164.6814135831,0.0
2026-03-20T00:00:00,185988.26568918824,0.00446176854357061
2026-03-21T00:00:00,185985.64941570448,-3.131942847067748e-06
2026-03-22T00:00:00,185985.64941570448,0.0
2026-03-23T00:00:00,185985.64941570448,0.0
2026-03-24T00:00:00,187348.8150182985,0.0073273522136085845
2026-03-25T00:00:00,187348.8150182985,0.0
2026-03-26T00:00:00,187348.8150182985,0.0
2026-03-27T00:00:00,187348.8150182985,0.0
2026-03-28T00:00:00,187348.8150182985,0.0
2026-03-29T00:00:00,187348.8150182985,0.0
2026-03-30T00:00:00,187348.8150182985,0.0
2026-03-31T00:00:00,187923.22939942157,0.0030658621633994354
2026-04-01T00:00:00,188083.44700246808,0.0008649459697838147
2026-04-02T00:00:00,188043.38709528532,-0.00021160993875168899
2026-04-03T00:00:00,188043.38709528532,0.0
2026-04-04T00:00:00,188043.38709528532,0.0
2026-04-05T00:00:00,188043.38709528532,0.0
2026-04-06T00:00:00,188043.38709528532,0.0
2026-04-07T00:00:00,188043.38709528532,0.0
2026-04-08T00:00:00,188043.38709528532,0.0
2026-04-09T00:00:00,188043.38709528532,0.0
2026-04-10T00:00:00,188043.38709528532,0.0
2026-04-11T00:00:00,188043.38709528532,0.0
2026-04-12T00:00:00,188043.38709528532,0.0
2026-04-13T00:00:00,188043.38709528532,0.0
2026-04-14T00:00:00,189389.35363850242,0.007178678753411605
2026-04-15T00:00:00,189389.35363850242,0.0
2026-04-16T00:00:00,189389.35363850242,0.0
2026-04-17T00:00:00,189389.35363850242,0.0
2026-04-18T00:00:00,189389.35363850242,0.0
2026-04-19T00:00:00,189389.35363850242,0.0
2026-04-20T00:00:00,189389.35363850242,0.0
2026-04-21T00:00:00,192818.40010625217,0.0179761122585802
2026-04-22T00:00:00,193537.41273227046,0.003728208218782725
2026-04-23T00:00:00,193537.41273227046,0.0
2026-04-24T00:00:00,194352.43746334699,0.004204827009765655
2026-04-25T00:00:00,194526.4565671674,0.0008954949435624471
2026-04-26T00:00:00,194526.4565671674,0.0
2026-04-27T00:00:00,194526.4565671674,0.0
2026-04-28T00:00:00,194526.4565671674,0.0
2026-04-29T00:00:00,194526.4565671674,0.0
2026-04-30T00:00:00,194526.4565671674,0.0
2026-05-01T00:00:00,194526.4565671674,0.0
2026-05-02T00:00:00,194526.4565671674,0.0
2026-05-03T00:00:00,195209.35875015438,0.0035056432440160323
2026-05-04T00:00:00,195209.35875015438,0.0
2026-05-05T00:00:00,195209.35875015438,0.0
2026-05-06T00:00:00,195209.35875015438,0.0
2026-05-07T00:00:00,195718.63512774426,0.0026084907924595058
2026-05-08T00:00:00,196066.83004480563,0.0017881266463604106
2026-05-09T00:00:00,196066.83004480563,0.0
2026-05-10T00:00:00,196066.83004480563,0.0
2026-05-11T00:00:00,196066.83004480563,0.0
2026-05-12T00:00:00,196066.83004480563,0.0
2026-05-13T00:00:00,196066.83004480563,0.0
2026-05-14T00:00:00,196066.83004480563,0.0
2026-05-15T00:00:00,196066.83004480563,0.0
2026-05-16T00:00:00,196066.83004480563,0.0
2026-05-17T00:00:00,196066.83004480563,0.0
2026-05-18T00:00:00,196066.83004480563,0.0
2026-05-19T00:00:00,196066.83004480563,0.0
2026-05-20T00:00:00,196066.83004480563,0.0
2026-05-21T00:00:00,195887.1213304742,-0.0009160891657112868
2026-05-22T00:00:00,196047.53737514993,0.0008249491749607873
2026-05-23T00:00:00,196047.53737514993,0.0
2026-05-24T00:00:00,196047.53737514993,0.0
2026-05-25T00:00:00,196047.53737514993,0.0
2026-05-26T00:00:00,196047.53737514993,0.0
2026-05-27T00:00:00,197102.1148835969,0.00536728099527739
2026-05-28T00:00:00,197102.1148835969,0.0
2026-05-29T00:00:00,197102.1148835969,0.0
2026-05-30T00:00:00,197102.1148835969,0.0
2026-05-31T00:00:00,197102.1148835969,0.0
2026-06-01T00:00:00,197102.1148835969,0.0
2026-06-02T00:00:00,197102.1148835969,0.0
2026-06-03T00:00:00,197102.1148835969,0.0
2026-06-04T00:00:00,197102.1148835969,0.0
2026-06-05T00:00:00,197102.1148835969,0.0
2026-06-06T00:00:00,197102.1148835969,0.0
2026-06-07T00:00:00,197102.1148835969,0.0
2026-06-08T00:00:00,197102.1148835969,0.0
2026-06-09T00:00:00,197102.1148835969,0.0
2026-06-10T00:00:00,197102.1148835969,0.0
2026-06-11T00:00:00,197102.1148835969,0.0
2026-06-12T00:00:00,196994.95342936463,-0.0005430248913391722
2026-06-13T00:00:00,197773.627472931,0.003955567352587175
2026-06-14T00:00:00,197773.627472931,0.0
2026-06-15T00:00:00,197794.56613663823,0.0001080491807524675
2026-06-16T00:00:00,198427.7388929362,0.0031982700661336017
2026-06-17T00:00:00,198427.7388929362,0.0
2026-06-18T00:00:00,198427.7388929362,0.0
2026-06-19T00:00:00,199266.88839449323,0.0042322948455393306
2026-06-20T00:00:00,199350.33791982965,0.00045402961136875586
2026-06-21T00:00:00,199350.33791982965,0.0
2026-06-22T00:00:00,199350.33791982965,0.0
2026-06-23T00:00:00,199350.33791982965,0.0
2026-06-24T00:00:00,199350.33791982965,0.0
2026-06-25T00:00:00,199350.33791982965,0.0
2026-06-26T00:00:00,199350.33791982965,0.0
2026-06-27T00:00:00,199350.33791982965,0.0
2026-06-28T00:00:00,199350.33791982965,0.0
2026-06-29T00:00:00,199350.33791982965,0.0
2026-06-30T00:00:00,199350.33791982965,0.0
2026-07-01T00:00:00,199350.33791982965,0.0
2026-07-02T00:00:00,199510.6140547598,0.0008186647433479077
2026-07-03T00:00:00,200106.41251123144,0.002994113767826989
2026-07-04T00:00:00,200106.41251123144,0.0
2026-07-05T00:00:00,200106.41251123144,0.0
2026-07-06T00:00:00,200106.41251123144,0.0
2026-07-07T00:00:00,200106.41251123144,0.0
2026-07-08T00:00:00,200106.41251123144,0.0
2026-07-09T00:00:00,201079.54660868493,0.004873173451365398
2026-07-10T00:00:00,200504.08782531833,-0.002845570960988364
2026-07-11T00:00:00,200294.6167647864,-0.0010448893208397925
