strategy_dir,file_path,module_type,short_description,reusable_in_shared,reason,lines_of_code
1m_klines_reversal,_graveyard/1m_klines_reversal/bb_reversion_rsi_1m_20260707/data_loader.py,data_utils,"classes: SourceManifest; functions: _sha256, build_source_manifest, _read_1m, load_symbol_1m, load_all",yes,data loading/universe/calendar utilities belong in _shared/data,146
1m_klines_reversal,_graveyard/1m_klines_reversal/bb_reversion_rsi_1m_20260707/run_backtest.py,data_utils,"functions: _trade_rows, _bars_per_year, _strategy_metrics, main",maybe,orchestration helpers can be templated in _shared/templates,220
1m_klines_reversal,_graveyard/1m_klines_reversal/bb_reversion_rsi_1m_20260707/strategy.py,entry,strategy entry/run script,maybe,entry files are strategy-specific but can inspire templates,467
1m_klines_reversal,_graveyard/1m_klines_reversal/bb_reversion_rsi_1m_20260707_p3opt_049/data_loader.py,data_utils,"classes: SourceManifest; functions: _sha256, build_source_manifest, _read_1m, load_symbol_1m, load_all",yes,data loading/universe/calendar utilities belong in _shared/data,146
1m_klines_reversal,_graveyard/1m_klines_reversal/bb_reversion_rsi_1m_20260707_p3opt_049/run_backtest.py,data_utils,"functions: _trade_rows, _bars_per_year, _strategy_metrics, main",maybe,orchestration helpers can be templated in _shared/templates,220
1m_klines_reversal,_graveyard/1m_klines_reversal/bb_reversion_rsi_1m_20260707_p3opt_049/run_cpcv.py,data_utils,"functions: _sanitize, _equity_returns, _purge, _embargo, _run_cpcv",yes,data loading/universe/calendar utilities belong in _shared/data,249
1m_klines_reversal,_graveyard/1m_klines_reversal/bb_reversion_rsi_1m_20260707_p3opt_049/strategy.py,entry,strategy entry/run script,maybe,entry files are strategy-specific but can inspire templates,467
1m_klines_reversal,_graveyard/1m_klines_reversal/bb_reversion_rsi_1m_20260707_p3opt_050/data_loader.py,data_utils,"classes: SourceManifest; functions: _sha256, build_source_manifest, _read_1m, load_symbol_1m, load_all",yes,data loading/universe/calendar utilities belong in _shared/data,146
1m_klines_reversal,_graveyard/1m_klines_reversal/bb_reversion_rsi_1m_20260707_p3opt_050/run_backtest.py,data_utils,"functions: _trade_rows, _bars_per_year, _strategy_metrics, main",maybe,orchestration helpers can be templated in _shared/templates,220
1m_klines_reversal,_graveyard/1m_klines_reversal/bb_reversion_rsi_1m_20260707_p3opt_050/run_cpcv.py,data_utils,"functions: _sanitize, _equity_returns, _purge, _embargo, _run_cpcv",yes,data loading/universe/calendar utilities belong in _shared/data,249
1m_klines_reversal,_graveyard/1m_klines_reversal/bb_reversion_rsi_1m_20260707_p3opt_050/strategy.py,entry,strategy entry/run script,maybe,entry files are strategy-specific but can inspire templates,467
1m_klines_reversal,_graveyard/1m_klines_reversal/bb_reversion_rsi_1m_20260707_p3opt_099/data_loader.py,data_utils,"classes: SourceManifest; functions: _sha256, build_source_manifest, _read_1m, load_symbol_1m, load_all",yes,data loading/universe/calendar utilities belong in _shared/data,146
1m_klines_reversal,_graveyard/1m_klines_reversal/bb_reversion_rsi_1m_20260707_p3opt_099/run_backtest.py,data_utils,"functions: _trade_rows, _bars_per_year, _strategy_metrics, main",maybe,orchestration helpers can be templated in _shared/templates,220
1m_klines_reversal,_graveyard/1m_klines_reversal/bb_reversion_rsi_1m_20260707_p3opt_099/run_cpcv.py,data_utils,"functions: _sanitize, _equity_returns, _purge, _embargo, _run_cpcv",yes,data loading/universe/calendar utilities belong in _shared/data,249
1m_klines_reversal,_graveyard/1m_klines_reversal/bb_reversion_rsi_1m_20260707_p3opt_099/strategy.py,entry,strategy entry/run script,maybe,entry files are strategy-specific but can inspire templates,467
1m_klines_reversal,_graveyard/1m_klines_reversal/bb_reversion_rsi_1m_20260707_p3opt_100/data_loader.py,data_utils,"classes: SourceManifest; functions: _sha256, build_source_manifest, _read_1m, load_symbol_1m, load_all",yes,data loading/universe/calendar utilities belong in _shared/data,146
1m_klines_reversal,_graveyard/1m_klines_reversal/bb_reversion_rsi_1m_20260707_p3opt_100/run_backtest.py,data_utils,"functions: _trade_rows, _bars_per_year, _strategy_metrics, main",maybe,orchestration helpers can be templated in _shared/templates,220
1m_klines_reversal,_graveyard/1m_klines_reversal/bb_reversion_rsi_1m_20260707_p3opt_100/run_cpcv.py,data_utils,"functions: _build_per_bar_returns, _sanitize, main",yes,data loading/universe/calendar utilities belong in _shared/data,209
1m_klines_reversal,_graveyard/1m_klines_reversal/bb_reversion_rsi_1m_20260707_p3opt_100/strategy.py,entry,strategy entry/run script,maybe,entry files are strategy-specific but can inspire templates,467
1m_klines_reversal,_graveyard/1m_klines_reversal/vol_breakout_1m_15m_vpvr_confluence_u6_20260718/data_loader.py,data_utils,"functions: _normalize_ohlcv, _cache_path, load_symbol, _read_cfg, load_symbols",yes,data loading/universe/calendar utilities belong in _shared/data,121
1m_klines_reversal,_graveyard/1m_klines_reversal/vol_breakout_1m_15m_vpvr_confluence_u6_20260718/indicators.py,signal_generation,"functions: _cfg, sqrt_bars_per_year, realized_vol, vol_median, vol_regime",yes,generic indicator/signal functions should migrate to _shared/indicators,197
1m_klines_reversal,_graveyard/1m_klines_reversal/vol_breakout_1m_15m_vpvr_confluence_u6_20260718/run_backtest.py,data_utils,"functions: _daily_resampled_sharpe, _bootstrap_sharpe_ci, _envelope, _diagnostics, _write_equity_csv",maybe,orchestration helpers can be templated in _shared/templates,474
1m_klines_reversal,_graveyard/1m_klines_reversal/vol_breakout_1m_15m_vpvr_confluence_u6_20260718/strategy.py,entry,strategy entry/run script,maybe,entry files are strategy-specific but can inspire templates,356
1m_klines_reversal,_graveyard/1m_klines_reversal/vpvr_iceberg_fade_v2_5m_20260711/framework_adapter_backtrader.py,anti_pattern,strategy-specific or duplicated code,no,framework adapter duplicated per strategy; framework-specific backtrader coupling; framework-specific freqtrade coupling,206
1m_klines_reversal,_graveyard/1m_klines_reversal/vpvr_mtf_reversion_5m_consensus_20260710/data_loader.py,data_utils,"classes: SourceManifest; functions: _sha256, build_source_manifest, _read_1m, _resample, _to_pandas_freq",yes,data loading/universe/calendar utilities belong in _shared/data,196
1m_klines_reversal,_graveyard/1m_klines_reversal/vpvr_mtf_reversion_5m_consensus_20260710/framework_adapter_freqtrade.py,anti_pattern,strategy-specific or duplicated code,no,framework adapter duplicated per strategy; framework-specific freqtrade coupling,290
1m_klines_reversal,_graveyard/1m_klines_reversal/vpvr_mtf_reversion_5m_consensus_20260710/run_backtest.py,data_utils,"functions: _trade_rows, main",maybe,orchestration helpers can be templated in _shared/templates,132
1m_klines_reversal,_graveyard/1m_klines_reversal/vpvr_mtf_reversion_5m_consensus_20260710/strategy.py,entry,strategy entry/run script,maybe,entry files are strategy-specific but can inspire templates,424
1m_klines_reversal,_graveyard/1m_klines_reversal/vpvr_reversion_1m_kama_reversal_20260709/build_signals.py,signal_generation,"functions: _atr, _kama, _vpvr_poc, _kama_turn, build_signals",yes,generic indicator/signal functions should migrate to _shared/indicators,255
1m_klines_reversal,_graveyard/1m_klines_reversal/vpvr_reversion_1m_kama_reversal_20260709/data_loader.py,data_utils,"classes: SourceManifest; functions: _sha256, build_source_manifest, _read_1m, load_symbol, load_all",yes,data loading/universe/calendar utilities belong in _shared/data,153
1m_klines_reversal,_graveyard/1m_klines_reversal/vpvr_reversion_1m_kama_reversal_20260709/run_backtest.py,data_utils,"functions: _trade_rows, main",maybe,orchestration helpers can be templated in _shared/templates,98
1m_klines_reversal,_graveyard/1m_klines_reversal/vpvr_reversion_1m_kama_reversal_20260709/strategy.py,entry,strategy entry/run script,maybe,entry files are strategy-specific but can inspire templates,378
1m_klines_reversal,_graveyard/1m_klines_reversal/vpvr_reversion_1m_volume_profile_break_20260709/build_signals.py,signal_generation,"functions: _atr, _vpvr_poc, _vpvr_value_area, _vol_ratio, _recent_failed_break",yes,generic indicator/signal functions should migrate to _shared/indicators,259
1m_klines_reversal,_graveyard/1m_klines_reversal/vpvr_reversion_1m_volume_profile_break_20260709/data_loader.py,data_utils,"classes: SourceManifest; functions: _sha256, build_source_manifest, _read_1m, load_symbol, load_all",yes,data loading/universe/calendar utilities belong in _shared/data,137
1m_klines_reversal,_graveyard/1m_klines_reversal/vpvr_reversion_1m_volume_profile_break_20260709/framework_adapter_backtrader.py,anti_pattern,strategy-specific or duplicated code,no,framework adapter duplicated per strategy; framework-specific backtrader coupling,362
1m_klines_reversal,_graveyard/1m_klines_reversal/vpvr_reversion_1m_volume_profile_break_20260709/framework_adapter_freqtrade.py,anti_pattern,strategy-specific or duplicated code,no,framework adapter duplicated per strategy; framework-specific freqtrade coupling,264
1m_klines_reversal,_graveyard/1m_klines_reversal/vpvr_reversion_1m_volume_profile_break_20260709/run_backtest.py,data_utils,"functions: load_data, compute_metrics, _empty_metrics, write_trades_csv, write_equity_curve",maybe,orchestration helpers can be templated in _shared/templates,251
1m_klines_reversal,_graveyard/1m_klines_reversal/vpvr_reversion_1m_volume_profile_break_20260709/strategy.py,entry,strategy entry/run script,maybe,entry files are strategy-specific but can inspire templates,180
1m_klines_reversal,_graveyard/1m_klines_reversal/vpvr_sentiment_attention_1m_20260716/build_signals.py,signal_generation,"functions: _atr, _vpvr_poc, _z_score, build_signals",yes,generic indicator/signal functions should migrate to _shared/indicators,107
1m_klines_reversal,_graveyard/1m_klines_reversal/vpvr_sentiment_attention_1m_20260716/framework_adapter_backtrader.py,anti_pattern,strategy-specific or duplicated code,no,framework adapter duplicated per strategy; framework-specific backtrader coupling,420
1m_klines_reversal,_graveyard/1m_klines_reversal/vpvr_sentiment_attention_1m_20260716/framework_adapter_freqtrade.py,anti_pattern,strategy-specific or duplicated code,no,framework adapter duplicated per strategy; framework-specific freqtrade coupling,318
1m_klines_reversal,_graveyard/1m_klines_reversal/vpvr_sentiment_attention_1m_20260716/run_backtest.py,data_utils,"functions: _make_synthetic_data, _compute_metrics, main",maybe,orchestration helpers can be templated in _shared/templates,112
1m_klines_reversal,_graveyard/1m_klines_reversal/vpvr_sentiment_attention_1m_20260716/strategy.py,entry,strategy entry/run script,maybe,entry files are strategy-specific but can inspire templates,143
1m_klines_reversal,_graveyard/1m_klines_reversal/vpvr_xs_leadlag_5m_20260711/data_loader.py,data_utils,"functions: _load_1m, _resample_5m, load_all",yes,data loading/universe/calendar utilities belong in _shared/data,74
1m_klines_reversal,_graveyard/1m_klines_reversal/vpvr_xs_leadlag_5m_20260711/framework_adapter_backtrader.py,anti_pattern,strategy-specific or duplicated code,no,framework adapter duplicated per strategy; framework-specific backtrader coupling; framework-specific freqtrade coupling,470
1m_klines_reversal,_graveyard/1m_klines_reversal/vpvr_xs_leadlag_5m_20260711/framework_adapter_freqtrade.py,anti_pattern,strategy-specific or duplicated code,no,framework adapter duplicated per strategy; framework-specific freqtrade coupling,501
1m_klines_reversal,_graveyard/1m_klines_reversal/vpvr_xs_leadlag_5m_20260711/run_backtest.py,data_utils,"functions: _summarise, _write_trades, _write_equity, main",maybe,orchestration helpers can be templated in _shared/templates,136
1m_klines_reversal,_graveyard/1m_klines_reversal/vpvr_xs_leadlag_5m_20260711/strategy.py,entry,strategy entry/run script,maybe,entry files are strategy-specific but can inspire templates,549
_indicators,_indicators/iter94_20260714.py,signal_generation,"functions: _true_range, _wilder_smooth, _wilder_atr, adx, realized_vol_bps",yes,generic indicator/signal functions should migrate to _shared/indicators,410
_indicators,_indicators/mtf_xs_pairs_base_20260718.py,signal_generation,"classes: Trade; functions: aggregate_ohlcv, align_lower_to_upper, wilder_atr, pair_zscore, zscore_slope",yes,generic indicator/signal functions should migrate to _shared/indicators,855
_indicators,_indicators/mtf_xs_runner_20260718.py,signal_generation,"classes: PairMetrics; functions: _summarise_pair, _portfolio_metrics, _dummy_index, write_metrics, _window_split_bounds",yes,generic indicator/signal functions should migrate to _shared/indicators,368
_indicators,_indicators/vpvr_levels.py,signal_generation,module-level code,yes,generic indicator/signal functions should migrate to _shared/indicators,47
_oos_rank_20260718,_oos_rank_20260718/oos_walk_forward.py,data_utils,"functions: bars_per_year, load_equity, oos_walk_forward, gates, main",yes,data loading/universe/calendar utilities belong in _shared/data,341
donchian_breakout_atr_1d_20260709,donchian_breakout_atr_1d_20260709/data_loader.py,data_utils,"classes: SourceManifest; functions: _sha256, build_source_manifest, _read_1m, _resample_1d, load_symbol_1d",yes,data loading/universe/calendar utilities belong in _shared/data,206
donchian_breakout_atr_1d_20260709,donchian_breakout_atr_1d_20260709/run_backtest.py,data_utils,"functions: _trade_rows, main",maybe,orchestration helpers can be templated in _shared/templates,99
donchian_breakout_atr_1d_20260709,donchian_breakout_atr_1d_20260709/strategy.py,entry,strategy entry/run script,maybe,entry files are strategy-specific but can inspire templates,417
funding_carry,_graveyard/funding_carry/funding_carry/data_loader.py,data_utils,"functions: _load_ohlcv_1m, _load_funding, _merge_funding, load_symbol_1m",yes,data loading/universe/calendar utilities belong in _shared/data,149
funding_carry,_graveyard/funding_carry/funding_carry/framework_adapter_backtrader.py,anti_pattern,strategy-specific or duplicated code,no,framework adapter duplicated per strategy; framework-specific backtrader coupling,336
funding_carry,_graveyard/funding_carry/funding_carry/framework_adapter_freqtrade.py,anti_pattern,strategy-specific or duplicated code,no,framework adapter duplicated per strategy; framework-specific freqtrade coupling,403
funding_carry,_graveyard/funding_carry/funding_carry/run_framework_cv_multiwindow.py,anti_pattern,strategy-specific or duplicated code,no,framework-specific backtrader coupling; framework-specific freqtrade coupling,129
funding_carry,_graveyard/funding_carry/funding_carry/run_u5.py,entry,strategy entry/run script,maybe,entry files are strategy-specific but can inspire templates,608
funding_carry,_graveyard/funding_carry/funding_carry/run_u5_multiwindow.py,anti_pattern,strategy-specific or duplicated code,no,framework-specific backtrader coupling; framework-specific freqtrade coupling,256
funding_carry,_graveyard/funding_carry/funding_carry/sma34946/data_loader.py,data_utils,"functions: _load_ohlcv_1m, _load_funding, _merge_funding, load_symbol_1m",yes,data loading/universe/calendar utilities belong in _shared/data,110
funding_carry,_graveyard/funding_carry/funding_carry/sma34946/run_sma34946.py,entry,strategy entry/run script,maybe,entry files are strategy-specific but can inspire templates,384
funding_carry,_graveyard/funding_carry/funding_carry/strategy.py,entry,strategy entry/run script,maybe,entry files are strategy-specific but can inspire templates,399
funding_carry,_graveyard/funding_carry/funding_carry_asym/build_signals.py,signal_generation,"functions: _atr_from_close, _atr_ohlcv, _resolve_levels_at_bar, compute_signal, _vpvr_snapshot_levels",yes,generic indicator/signal functions should migrate to _shared/indicators,565
funding_carry,_graveyard/funding_carry/funding_carry_asym/data_loader.py,data_utils,"functions: _load_ohlcv, _load_funding, load_symbol, load_all",yes,data loading/universe/calendar utilities belong in _shared/data,132
funding_carry,_graveyard/funding_carry/funding_carry_asym/framework_adapter_vectorbt.py,anti_pattern,strategy-specific or duplicated code,no,framework adapter duplicated per strategy; framework-specific vectorbt coupling,217
funding_carry,_graveyard/funding_carry/funding_carry_asym/prototype.py,entry,strategy entry/run script,maybe,entry files are strategy-specific but can inspire templates,620
funding_carry,_graveyard/funding_carry/funding_carry_asym/run_backtest.py,data_utils,"functions: _load_tf, _daily_resampled_sharpe, _compute_metrics, _tf_to_freq, _write_equity_csv",maybe,orchestration helpers can be templated in _shared/templates,366
funding_carry,_graveyard/funding_carry/funding_carry_asym/sma34928_low_threshold.py,entry,strategy entry/run script,maybe,entry files are strategy-specific but can inspire templates,320
funding_carry,_graveyard/funding_carry/funding_carry_asym/strategy.py,entry,strategy entry/run script,maybe,entry files are strategy-specific but can inspire templates,211
funding_carry,_graveyard/funding_carry/funding_carry_asym/sweep_top_combo.py,anti_pattern,strategy-specific or duplicated code,no,framework-specific freqtrade coupling,367
funding_carry,_graveyard/funding_carry/funding_carry_asym/vpvr_hvn_persistence.py,signal_generation,"classes: RespectResult; functions: load_4h_ohlcv, generate_hvns, _atr_at, score_zone_respect, run_for_symbol",yes,generic indicator/signal functions should migrate to _shared/indicators,454
funding_carry,_graveyard/funding_carry/funding_oscillator_mr/data_loader.py,data_utils,"functions: _load_ohlcv_1m, _load_funding, _merge_funding, load_symbol_1m",yes,data loading/universe/calendar utilities belong in _shared/data,129
funding_carry,_graveyard/funding_carry/funding_oscillator_mr/run_u5noncarry.py,entry,strategy entry/run script,maybe,entry files are strategy-specific but can inspire templates,557
funding_carry,_graveyard/funding_carry/funding_oscillator_mr/strategy.py,entry,strategy entry/run script,maybe,entry files are strategy-specific but can inspire templates,294
funding_carry,_graveyard/funding_carry/sma_34925_btc_funding_delta/backtest_backtrader.py,anti_pattern,strategy-specific or duplicated code,no,framework-specific backtrader coupling,255
funding_carry,_graveyard/funding_carry/sma_34925_btc_funding_delta/backtest_inhouse.py,anti_pattern,strategy-specific or duplicated code,no,framework-specific freqtrade coupling,363
funding_carry,_graveyard/funding_carry/sma_34925_btc_funding_delta/backtest_vectorbt.py,anti_pattern,strategy-specific or duplicated code,no,framework-specific vectorbt coupling,218
funding_carry,_graveyard/funding_carry/sma_34925_btc_funding_delta/sensitivity_sweep.py,data_utils,functions: main,yes,data loading/universe/calendar utilities belong in _shared/data,81
impl_vpvr_multi_tf_funding,impl_vpvr_multi_tf_funding/build_signals.py,signal_generation,"functions: _atr, _vpvr_snapshot_levels, _shifted_snapshot_per_bar, build_signals_1m, build_signals_15m",yes,generic indicator/signal functions should migrate to _shared/indicators,498
impl_vpvr_multi_tf_funding,impl_vpvr_multi_tf_funding/combine_signals.py,signal_generation,"functions: _is_allowed, _align_to_1m, _vote_per_tf, _resolve_conflicts_and_cascade, _count_agree",yes,generic indicator/signal functions should migrate to _shared/indicators,447
impl_vpvr_multi_tf_funding,impl_vpvr_multi_tf_funding/data_loader.py,data_utils,"functions: _load_ohlcv, _load_funding, _attach_funding, load_tf, load_all",yes,data loading/universe/calendar utilities belong in _shared/data,155
impl_vpvr_multi_tf_funding,impl_vpvr_multi_tf_funding/run_backtest.py,data_utils,"functions: _daily_resampled_sharpe, _compute_metrics, _slice_window, _tf_freq, _run_fold",maybe,orchestration helpers can be templated in _shared/templates,535
impl_vpvr_multi_tf_funding,impl_vpvr_multi_tf_funding/strategy.py,entry,strategy entry/run script,maybe,entry files are strategy-specific but can inspire templates,405
loid_vpvr_confluence_20260717,loid_vpvr_confluence_20260717/build_signals.py,signal_generation,"functions: _atr, _vpvr_snapshot_levels, build_signals",yes,generic indicator/signal functions should migrate to _shared/indicators,220
loid_vpvr_confluence_20260717,loid_vpvr_confluence_20260717/run_backtest.py,data_utils,"functions: _tf_params, _load_tf, _daily_resampled_sharpe, _compute_metrics, _tf_to_freq",maybe,orchestration helpers can be templated in _shared/templates,349
loid_vpvr_confluence_20260717,loid_vpvr_confluence_20260717/run_g1g7_backtest.py,anti_pattern,strategy-specific or duplicated code,no,framework-specific vectorbt coupling; framework-specific backtrader coupling; framework-specific freqtrade coupling,407
loid_vpvr_confluence_20260717,loid_vpvr_confluence_20260717/strategy.py,entry,strategy entry/run script,maybe,entry files are strategy-specific but can inspire templates,228
momentum_trend_btc_only_softer_stop_1h_20260712,momentum_trend_btc_only_softer_stop_1h_20260712/data_loader.py,data_utils,"classes: SourceManifest; functions: _sha256, _source_filename, _normalize_ohlcv, _read_source, build_source_manifest",yes,data loading/universe/calendar utilities belong in _shared/data,210
momentum_trend_btc_only_softer_stop_1h_20260712,momentum_trend_btc_only_softer_stop_1h_20260712/framework_adapter_backtrader.py,anti_pattern,strategy-specific or duplicated code,no,framework adapter duplicated per strategy; framework-specific backtrader coupling,445
momentum_trend_btc_only_softer_stop_1h_20260712,momentum_trend_btc_only_softer_stop_1h_20260712/run_backtest.py,data_utils,"functions: _trade_rows, main",maybe,orchestration helpers can be templated in _shared/templates,172
momentum_trend_btc_only_softer_stop_1h_20260712,momentum_trend_btc_only_softer_stop_1h_20260712/strategy.py,entry,strategy entry/run script,maybe,entry files are strategy-specific but can inspire templates,531
momentum_trend_btc_only_softer_stop_1h_20260712,momentum_trend_btc_only_softer_stop_1h_20260712/walk_forward.py,data_utils,"classes: WindowSlice; functions: build_schedule, slice_1h_4h, _per_symbol_equity_curve, _metrics, _run_slice",yes,data loading/universe/calendar utilities belong in _shared/data,429
momentum_trend_multi_tf_atr_scaled_1h_20260712,momentum_trend_multi_tf_atr_scaled_1h_20260712/data_loader.py,data_utils,"classes: SourceManifest; functions: _sha256, _source_filename, _normalize_ohlcv, _read_source, build_source_manifest",yes,data loading/universe/calendar utilities belong in _shared/data,210
momentum_trend_multi_tf_atr_scaled_1h_20260712,momentum_trend_multi_tf_atr_scaled_1h_20260712/run_backtest.py,data_utils,"functions: _trade_rows, main",maybe,orchestration helpers can be templated in _shared/templates,172
momentum_trend_multi_tf_atr_scaled_1h_20260712,momentum_trend_multi_tf_atr_scaled_1h_20260712/strategy.py,entry,strategy entry/run script,maybe,entry files are strategy-specific but can inspire templates,497
momentum_trend_multi_tf_atr_scaled_1h_20260712,momentum_trend_multi_tf_atr_scaled_1h_20260712/walk_forward.py,data_utils,"classes: WindowSlice; functions: build_schedule, slice_1h_4h, _per_symbol_equity_curve, _metrics, _run_slice",yes,data loading/universe/calendar utilities belong in _shared/data,429
momentum_trend_multi_tf_atr_scaled_v2_1h_20260712,momentum_trend_multi_tf_atr_scaled_v2_1h_20260712/data_loader.py,data_utils,"classes: SourceManifest; functions: _sha256, _source_filename, _normalize_ohlcv, _read_source, build_source_manifest",yes,data loading/universe/calendar utilities belong in _shared/data,210
momentum_trend_multi_tf_atr_scaled_v2_1h_20260712,momentum_trend_multi_tf_atr_scaled_v2_1h_20260712/run_backtest.py,data_utils,"functions: _trade_rows, main",maybe,orchestration helpers can be templated in _shared/templates,172
momentum_trend_multi_tf_atr_scaled_v2_1h_20260712,momentum_trend_multi_tf_atr_scaled_v2_1h_20260712/strategy.py,entry,strategy entry/run script,maybe,entry files are strategy-specific but can inspire templates,539
momentum_trend_multi_tf_atr_scaled_v2_1h_20260712,momentum_trend_multi_tf_atr_scaled_v2_1h_20260712/walk_forward.py,data_utils,"classes: WindowSlice; functions: build_schedule, slice_1h_4h, _per_symbol_equity_curve, _metrics, _run_slice",yes,data loading/universe/calendar utilities belong in _shared/data,429
momentum_trend_multi_tf_atr_scaled_v3_1h_20260712,momentum_trend_multi_tf_atr_scaled_v3_1h_20260712/data_loader.py,data_utils,"classes: SourceManifest; functions: _sha256, _source_filename, _normalize_ohlcv, _read_source, build_source_manifest",yes,data loading/universe/calendar utilities belong in _shared/data,210
momentum_trend_multi_tf_atr_scaled_v3_1h_20260712,momentum_trend_multi_tf_atr_scaled_v3_1h_20260712/framework_adapter_backtrader.py,anti_pattern,strategy-specific or duplicated code,no,framework adapter duplicated per strategy; framework-specific backtrader coupling,310
momentum_trend_multi_tf_atr_scaled_v3_1h_20260712,momentum_trend_multi_tf_atr_scaled_v3_1h_20260712/run_backtest.py,data_utils,"functions: _trade_rows, main",maybe,orchestration helpers can be templated in _shared/templates,172
momentum_trend_multi_tf_atr_scaled_v3_1h_20260712,momentum_trend_multi_tf_atr_scaled_v3_1h_20260712/strategy.py,entry,strategy entry/run script,maybe,entry files are strategy-specific but can inspire templates,497
momentum_trend_multi_tf_atr_scaled_v3_1h_20260712,momentum_trend_multi_tf_atr_scaled_v3_1h_20260712/walk_forward.py,data_utils,"classes: WindowSlice; functions: build_schedule, slice_1h_4h, _per_symbol_equity_curve, _metrics, _run_slice",yes,data loading/universe/calendar utilities belong in _shared/data,429
mtf_vpvr_edge_zscore_1m_15m_2h_20260718,mtf_vpvr_edge_zscore_1m_15m_2h_20260718/data_loader.py,data_utils,"functions: _load_1m, load_all, load_funding",yes,data loading/universe/calendar utilities belong in _shared/data,43
mtf_vpvr_edge_zscore_1m_15m_2h_20260718,mtf_vpvr_edge_zscore_1m_15m_2h_20260718/diagnose.py,anti_pattern,strategy-specific or duplicated code,no,one-off diagnostic/script not reusable,68
mtf_vpvr_edge_zscore_1m_15m_2h_20260718,mtf_vpvr_edge_zscore_1m_15m_2h_20260718/inspect_full.py,anti_pattern,strategy-specific or duplicated code,no,one-off diagnostic/script not reusable,45
mtf_vpvr_edge_zscore_1m_15m_2h_20260718,mtf_vpvr_edge_zscore_1m_15m_2h_20260718/inspect_trades.py,anti_pattern,strategy-specific or duplicated code,no,one-off diagnostic/script not reusable,36
mtf_vpvr_edge_zscore_1m_15m_2h_20260718,mtf_vpvr_edge_zscore_1m_15m_2h_20260718/run_backtest.py,data_utils,functions: main,maybe,orchestration helpers can be templated in _shared/templates,128
mtf_vpvr_edge_zscore_1m_15m_2h_20260718,mtf_vpvr_edge_zscore_1m_15m_2h_20260718/smoke_test.py,anti_pattern,strategy-specific or duplicated code,no,one-off diagnostic/script not reusable,28
mtf_vpvr_edge_zscore_1m_15m_2h_20260718,mtf_vpvr_edge_zscore_1m_15m_2h_20260718/strategy.py,entry,strategy entry/run script,maybe,entry files are strategy-specific but can inspire templates,651
mtf_xs_pairs_1m_15m_2h_h1_20260718,mtf_xs_pairs_1m_15m_2h_h1_20260718/data_loader.py,data_utils,"functions: _load_1m, load_all, load_funding",yes,data loading/universe/calendar utilities belong in _shared/data,35
mtf_xs_pairs_1m_15m_2h_h1_20260718,mtf_xs_pairs_1m_15m_2h_h1_20260718/run_backtest.py,data_utils,"functions: _write_trades_csv, _write_equity_csv, main",maybe,orchestration helpers can be templated in _shared/templates,139
mtf_xs_pairs_1m_15m_2h_h1_20260718,mtf_xs_pairs_1m_15m_2h_h1_20260718/strategy.py,entry,strategy entry/run script,maybe,entry files are strategy-specific but can inspire templates,32
mtf_xs_pairs_1m_15m_2h_h1_20260718,mtf_xs_pairs_1m_15m_2h_h1_20260718/walk_forward.py,data_utils,functions: main,yes,data loading/universe/calendar utilities belong in _shared/data,52
mtf_xs_pairs_1m_15m_2h_h2_20260718,mtf_xs_pairs_1m_15m_2h_h2_20260718/data_loader.py,data_utils,"functions: _load_1m, load_all, load_funding",yes,data loading/universe/calendar utilities belong in _shared/data,28
mtf_xs_pairs_1m_15m_2h_h2_20260718,mtf_xs_pairs_1m_15m_2h_h2_20260718/run_backtest.py,data_utils,functions: main,maybe,orchestration helpers can be templated in _shared/templates,49
mtf_xs_pairs_1m_15m_2h_h2_20260718,mtf_xs_pairs_1m_15m_2h_h2_20260718/strategy.py,entry,strategy entry/run script,maybe,entry files are strategy-specific but can inspire templates,31
mtf_xs_pairs_1m_15m_2h_h2_20260718,mtf_xs_pairs_1m_15m_2h_h2_20260718/walk_forward.py,data_utils,functions: main,yes,data loading/universe/calendar utilities belong in _shared/data,48
mtf_xs_pairs_1m_15m_2h_h3_20260718,mtf_xs_pairs_1m_15m_2h_h3_20260718/data_loader.py,data_utils,"functions: _load_1m, _load_funding_one, load_all, load_funding",yes,data loading/universe/calendar utilities belong in _shared/data,49
mtf_xs_pairs_1m_15m_2h_h3_20260718,mtf_xs_pairs_1m_15m_2h_h3_20260718/framework_validate.py,anti_pattern,strategy-specific or duplicated code,no,framework-specific backtrader coupling; framework-specific freqtrade coupling,227
mtf_xs_pairs_1m_15m_2h_h3_20260718,mtf_xs_pairs_1m_15m_2h_h3_20260718/sizing_sweep.py,risk_sizing,"classes: VariantSpec; functions: sizing_baseline_atr, sizing_atr_multiplier, sizing_vol_target, sizing_regime_conditional, kelly_size",yes,position sizing primitives belong in _shared/sizing,580
mtf_xs_pairs_1m_15m_2h_h3_20260718,mtf_xs_pairs_1m_15m_2h_h3_20260718/strategy.py,entry,strategy entry/run script,maybe,entry files are strategy-specific but can inspire templates,32
mtf_xs_pairs_1m_15m_2h_h3_20260718,mtf_xs_pairs_1m_15m_2h_h3_20260718/write_winner_trades.py,anti_pattern,strategy-specific or duplicated code,no,framework-specific backtrader coupling; framework-specific freqtrade coupling,122
options_macro_sentiment,_graveyard/options_macro_sentiment/vpvr_macro_calendar_4h_20260715/build_signals.py,signal_generation,"functions: _atr, _vpvr_poc, _macro_proximity_bars, build_signals",yes,generic indicator/signal functions should migrate to _shared/indicators,123
options_macro_sentiment,_graveyard/options_macro_sentiment/vpvr_macro_calendar_4h_20260715/data_loader.py,data_utils,functions: load_btcusdt_4h,yes,data loading/universe/calendar utilities belong in _shared/data,35
options_macro_sentiment,_graveyard/options_macro_sentiment/vpvr_macro_calendar_4h_20260715/framework_adapter_backtrader.py,anti_pattern,strategy-specific or duplicated code,no,framework adapter duplicated per strategy; framework-specific backtrader coupling,310
options_macro_sentiment,_graveyard/options_macro_sentiment/vpvr_macro_calendar_4h_20260715/framework_adapter_freqtrade.py,anti_pattern,strategy-specific or duplicated code,no,framework adapter duplicated per strategy; framework-specific freqtrade coupling,348
options_macro_sentiment,_graveyard/options_macro_sentiment/vpvr_macro_calendar_4h_20260715/framework_adapter_vectorbt.py,anti_pattern,strategy-specific or duplicated code,no,framework adapter duplicated per strategy; framework-specific vectorbt coupling; framework-specific backtrader coupling; framework-specific freqtrade coupling,492
options_macro_sentiment,_graveyard/options_macro_sentiment/vpvr_macro_calendar_4h_20260715/macro_calendar.py,data_utils,"functions: high_impact_event_dates, is_high_impact_event_date",yes,data loading/universe/calendar utilities belong in _shared/data,134
options_macro_sentiment,_graveyard/options_macro_sentiment/vpvr_macro_calendar_4h_20260715/run_backtest.py,data_utils,"functions: _ann_factor_for_tf, _compute_metrics, _write_summary, _write_trades_csv, _write_equity_csv",maybe,orchestration helpers can be templated in _shared/templates,219
options_macro_sentiment,_graveyard/options_macro_sentiment/vpvr_macro_calendar_4h_20260715/strategy.py,entry,strategy entry/run script,maybe,entry files are strategy-specific but can inspire templates,151
options_macro_sentiment,_graveyard/options_macro_sentiment/vpvr_onchain_proxy_1h_20260711/data_loader.py,data_utils,functions: load_all,yes,data loading/universe/calendar utilities belong in _shared/data,32
options_macro_sentiment,_graveyard/options_macro_sentiment/vpvr_onchain_proxy_1h_20260711/framework_adapter_backtrader.py,anti_pattern,strategy-specific or duplicated code,no,framework adapter duplicated per strategy; framework-specific backtrader coupling,370
options_macro_sentiment,_graveyard/options_macro_sentiment/vpvr_onchain_proxy_1h_20260711/framework_adapter_vectorbt.py,anti_pattern,strategy-specific or duplicated code,no,framework adapter duplicated per strategy; framework-specific vectorbt coupling,373
options_macro_sentiment,_graveyard/options_macro_sentiment/vpvr_onchain_proxy_1h_20260711/run_backtest.py,data_utils,"functions: _summarise, _write_trades, _write_equity, main",maybe,orchestration helpers can be templated in _shared/templates,133
options_macro_sentiment,_graveyard/options_macro_sentiment/vpvr_onchain_proxy_1h_20260711/strategy.py,entry,strategy entry/run script,maybe,entry files are strategy-specific but can inspire templates,306
options_macro_sentiment,_graveyard/options_macro_sentiment/vpvr_options_putcall_oi_pressure_8h_20260715/build_signals.py,signal_generation,"functions: _atr, _vpvr_poc, _z_score, build_signals",yes,generic indicator/signal functions should migrate to _shared/indicators,112
options_macro_sentiment,_graveyard/options_macro_sentiment/vpvr_options_putcall_oi_pressure_8h_20260715/framework_adapter_backtrader.py,anti_pattern,strategy-specific or duplicated code,no,framework adapter duplicated per strategy; framework-specific backtrader coupling,417
options_macro_sentiment,_graveyard/options_macro_sentiment/vpvr_options_putcall_oi_pressure_8h_20260715/framework_adapter_freqtrade.py,anti_pattern,strategy-specific or duplicated code,no,framework adapter duplicated per strategy; framework-specific freqtrade coupling,329
options_macro_sentiment,_graveyard/options_macro_sentiment/vpvr_options_putcall_oi_pressure_8h_20260715/run_backtest.py,data_utils,"functions: _load_8h_ohlcv_with_pcr_proxy, _ann_factor_for_tf, _compute_metrics, _write_summary, _write_trades_csv",maybe,orchestration helpers can be templated in _shared/templates,260
options_macro_sentiment,_graveyard/options_macro_sentiment/vpvr_options_putcall_oi_pressure_8h_20260715/strategy.py,entry,strategy entry/run script,maybe,entry files are strategy-specific but can inspire templates,147
options_macro_sentiment,_graveyard/options_macro_sentiment/vpvr_stable_depeg_regime_4h_20260716/build_signals.py,signal_generation,"functions: _atr, _vpvr_poc, build_signals",yes,generic indicator/signal functions should migrate to _shared/indicators,100
options_macro_sentiment,_graveyard/options_macro_sentiment/vpvr_stable_depeg_regime_4h_20260716/framework_adapter_backtrader.py,anti_pattern,strategy-specific or duplicated code,no,framework adapter duplicated per strategy; framework-specific backtrader coupling; framework-specific freqtrade coupling,521
options_macro_sentiment,_graveyard/options_macro_sentiment/vpvr_stable_depeg_regime_4h_20260716/framework_adapter_freqtrade.py,anti_pattern,strategy-specific or duplicated code,no,framework adapter duplicated per strategy; framework-specific freqtrade coupling,347
options_macro_sentiment,_graveyard/options_macro_sentiment/vpvr_stable_depeg_regime_4h_20260716/run_backtest.py,data_utils,"functions: _make_synthetic_data, _compute_metrics, main",maybe,orchestration helpers can be templated in _shared/templates,115
options_macro_sentiment,_graveyard/options_macro_sentiment/vpvr_stable_depeg_regime_4h_20260716/run_cpcv.py,data_utils,"functions: _build_strategy_returns, _sanitize, main",yes,data loading/universe/calendar utilities belong in _shared/data,182
options_macro_sentiment,_graveyard/options_macro_sentiment/vpvr_stable_depeg_regime_4h_20260716/strategy.py,entry,strategy entry/run script,maybe,entry files are strategy-specific but can inspire templates,152
options_macro_sentiment,_graveyard/options_macro_sentiment/vpvr_stable_depeg_regime_4h_20260716_p3opt_091/build_signals.py,signal_generation,"functions: _atr, _vpvr_poc, build_signals",yes,generic indicator/signal functions should migrate to _shared/indicators,138
options_macro_sentiment,_graveyard/options_macro_sentiment/vpvr_stable_depeg_regime_4h_20260716_p3opt_091/framework_adapter_backtrader.py,anti_pattern,strategy-specific or duplicated code,no,framework adapter duplicated per strategy; framework-specific backtrader coupling; framework-specific freqtrade coupling,521
options_macro_sentiment,_graveyard/options_macro_sentiment/vpvr_stable_depeg_regime_4h_20260716_p3opt_091/framework_adapter_freqtrade.py,anti_pattern,strategy-specific or duplicated code,no,framework adapter duplicated per strategy; framework-specific freqtrade coupling,347
options_macro_sentiment,_graveyard/options_macro_sentiment/vpvr_stable_depeg_regime_4h_20260716_p3opt_091/run_backtest.py,data_utils,"functions: _make_synthetic_data, _compute_metrics, main",maybe,orchestration helpers can be templated in _shared/templates,115
options_macro_sentiment,_graveyard/options_macro_sentiment/vpvr_stable_depeg_regime_4h_20260716_p3opt_091/run_cpcv.py,data_utils,"functions: _build_strategy_returns, _sanitize, main",yes,data loading/universe/calendar utilities belong in _shared/data,192
options_macro_sentiment,_graveyard/options_macro_sentiment/vpvr_stable_depeg_regime_4h_20260716_p3opt_091/strategy.py,entry,strategy entry/run script,maybe,entry files are strategy-specific but can inspire templates,156
pairs_cointegration_1d_20260709,pairs_cointegration_1d_20260709/backtest.py,data_utils,"functions: load_config, _print_summary, main",yes,data loading/universe/calendar utilities belong in _shared/data,82
pairs_cointegration_1d_20260709,pairs_cointegration_1d_20260709/cointegration.py,signal_generation,"classes: HedgeRatio, EGTestResult; functions: _to_1d_float, _align, ols_hedge_ratio, compute_spread, engle_granger_test",yes,generic indicator/signal functions should migrate to _shared/indicators,382
pairs_cointegration_1d_20260709,pairs_cointegration_1d_20260709/data_loader.py,data_utils,"classes: SourceManifest; functions: _sha256, build_source_manifest, _read_1m, _resample_1d, load_symbol_1d",yes,data loading/universe/calendar utilities belong in _shared/data,180
pairs_cointegration_1d_20260709,pairs_cointegration_1d_20260709/framework_adapter_freqtrade.py,anti_pattern,strategy-specific or duplicated code,no,framework adapter duplicated per strategy; framework-specific freqtrade coupling,340
pairs_cointegration_1d_20260709,pairs_cointegration_1d_20260709/optimize.py,evaluation_metrics,"functions: _sanitize, make_cfg, select_pairs_filtered, build_returns_series, evaluate_combo",yes,metric implementations belong in _shared/validation or _shared/evaluation,409
pairs_cointegration_1d_20260709,pairs_cointegration_1d_20260709/portfolio.py,data_utils,"classes: _RiskCfg, PairAllocation, _PairsDict; functions: apply_pair_constraints",yes,data loading/universe/calendar utilities belong in _shared/data,384
pairs_cointegration_1d_20260709,pairs_cointegration_1d_20260709/run_backtest.py,data_utils,"classes: PairCandidate, MultiPairResult; functions: select_pairs, rolling_eg_timeseries, find_coint_breaks, run_multi_pair_backtest, persist_results",maybe,orchestration helpers can be templated in _shared/templates,520
pairs_cointegration_1d_20260709,pairs_cointegration_1d_20260709/strategy.py,entry,strategy entry/run script,maybe,entry files are strategy-specific but can inspire templates,533
pairs_cointegration_1d_20260709,pairs_cointegration_1d_20260709/walk_forward.py,data_utils,functions: main,yes,data loading/universe/calendar utilities belong in _shared/data,77
paper_trading,_graveyard/paper_trading/paper_trading_mtf_xs_pairs_eth_sol_20260719/fill_engine.py,execution_cost,"classes: KlineBar, PaperAccount; functions: _parse_kline_msg, _ws_url, _load_strategy_history, _load_strategy_funding, _run_strategy_for_diff",yes,cost models belong in _shared/execution,687
paper_trading,_graveyard/paper_trading/paper_trading_mtf_xs_pairs_eth_sol_20260719/kill_criteria.py,risk_sizing,"classes: KillState, MetricsSnapshot; functions: evaluate",yes,position sizing primitives belong in _shared/sizing,116
paper_trading,_graveyard/paper_trading/paper_trading_mtf_xs_pairs_eth_sol_20260719/paper_runner.py,data_utils,"classes: KillState; functions: _load_config, _apply_cost, _load_live_bars, _evaluate_kill_criteria, _append_daily_metrics",yes,data loading/universe/calendar utilities belong in _shared/data,239
trend_multi_tf_momentum_cascade_4h_1h_15m_20260714,trend_multi_tf_momentum_cascade_4h_1h_15m_20260714/data_loader.py,data_utils,"classes: SourceManifest; functions: _sha256, _normalize_ohlcv, _read_source, load_symbol_tf, load_symbol_multi",yes,data loading/universe/calendar utilities belong in _shared/data,145
trend_multi_tf_momentum_cascade_4h_1h_15m_20260714,trend_multi_tf_momentum_cascade_4h_1h_15m_20260714/run_backtest.py,data_utils,"functions: _trade_rows, main",maybe,orchestration helpers can be templated in _shared/templates,129
trend_multi_tf_momentum_cascade_4h_1h_15m_20260714,trend_multi_tf_momentum_cascade_4h_1h_15m_20260714/strategy.py,entry,strategy entry/run script,maybe,entry files are strategy-specific but can inspire templates,334
trend_multi_tf_momentum_cascade_4h_1h_15m_20260714,trend_multi_tf_momentum_cascade_4h_1h_15m_20260714/walk_forward.py,data_utils,"classes: WindowSlice; functions: build_schedule, slice_frames, _run, _equity_curve, _metrics",yes,data loading/universe/calendar utilities belong in _shared/data,259
trend_regime_gate_1d_adx_4h_1h_20260714,trend_regime_gate_1d_adx_4h_1h_20260714/data_loader.py,data_utils,"classes: SourceManifest; functions: _sha256, _normalize_ohlcv, _read_source, load_symbol_1h, load_symbol_4h",yes,data loading/universe/calendar utilities belong in _shared/data,199
trend_regime_gate_1d_adx_4h_1h_20260714,trend_regime_gate_1d_adx_4h_1h_20260714/run_backtest.py,data_utils,"functions: _trade_rows, main",maybe,orchestration helpers can be templated in _shared/templates,156
trend_regime_gate_1d_adx_4h_1h_20260714,trend_regime_gate_1d_adx_4h_1h_20260714/strategy.py,entry,strategy entry/run script,maybe,entry files are strategy-specific but can inspire templates,404
trend_regime_gate_1d_adx_4h_1h_20260714,trend_regime_gate_1d_adx_4h_1h_20260714/walk_forward.py,data_utils,"classes: WindowSlice; functions: build_schedule, slice_frames, _run, _equity_curve, _metrics",yes,data loading/universe/calendar utilities belong in _shared/data,308
vol_breakout_2tf_vpvr_confluence_4h_20260712,vol_breakout_2tf_vpvr_confluence_4h_20260712/data_loader.py,data_utils,"classes: SourceManifest; functions: _sha256, _source_filename, _normalize_ohlcv, _read_source, build_source_manifest",yes,data loading/universe/calendar utilities belong in _shared/data,213
vol_breakout_2tf_vpvr_confluence_4h_20260712,vol_breakout_2tf_vpvr_confluence_4h_20260712/indicators.py,signal_generation,"functions: load_config, realized_vol, vol_median, vol_regime, true_range",yes,generic indicator/signal functions should migrate to _shared/indicators,274
vol_breakout_2tf_vpvr_confluence_4h_20260712,vol_breakout_2tf_vpvr_confluence_4h_20260712/run_backtest.py,data_utils,"functions: _trade_rows, _per_symbol_metrics, main",maybe,orchestration helpers can be templated in _shared/templates,201
vol_breakout_2tf_vpvr_confluence_4h_20260712,vol_breakout_2tf_vpvr_confluence_4h_20260712/strategy.py,entry,strategy entry/run script,maybe,entry files are strategy-specific but can inspire templates,539
vol_breakout_2tf_vpvr_confluence_4h_20260712,vol_breakout_2tf_vpvr_confluence_4h_20260712/walk_forward.py,anti_pattern,strategy-specific or duplicated code,no,framework-specific backtrader coupling; framework-specific freqtrade coupling; inline metrics duplicated from _shared/evaluation,523
vol_breakout_vpvr_val_fade_1h_5m_20260714,vol_breakout_vpvr_val_fade_1h_5m_20260714/data_loader.py,data_utils,"classes: SourceManifest; functions: _sha256, _normalize_5m, _normalize_1h, _read_5m, _read_1h",yes,data loading/universe/calendar utilities belong in _shared/data,371
vol_breakout_vpvr_val_fade_1h_5m_20260714,vol_breakout_vpvr_val_fade_1h_5m_20260714/framework_adapter_backtrader.py,anti_pattern,strategy-specific or duplicated code,no,framework adapter duplicated per strategy; framework-specific backtrader coupling; framework-specific freqtrade coupling,154
vol_breakout_vpvr_val_fade_1h_5m_20260714,vol_breakout_vpvr_val_fade_1h_5m_20260714/framework_adapter_freqtrade.py,anti_pattern,strategy-specific or duplicated code,no,framework adapter duplicated per strategy; framework-specific freqtrade coupling,204
vol_breakout_vpvr_val_fade_1h_5m_20260714,vol_breakout_vpvr_val_fade_1h_5m_20260714/run_backtest.py,data_utils,"functions: _bars_per_year, _write_trades_csv, _write_equity_csv, _gate_row, main",maybe,orchestration helpers can be templated in _shared/templates,216
vol_breakout_vpvr_val_fade_1h_5m_20260714,vol_breakout_vpvr_val_fade_1h_5m_20260714/scripts/b6_aggregate.py,anti_pattern,strategy-specific or duplicated code,no,framework-specific backtrader coupling; framework-specific freqtrade coupling,94
vol_breakout_vpvr_val_fade_1h_5m_20260714,vol_breakout_vpvr_val_fade_1h_5m_20260714/scripts/b6_bootstrap.py,data_utils,"functions: load_returns, bootstrap_sharpe_like, percentile, main",yes,data loading/universe/calendar utilities belong in _shared/data,86
vol_breakout_vpvr_val_fade_1h_5m_20260714,vol_breakout_vpvr_val_fade_1h_5m_20260714/scripts/b6_fwer.py,evaluation_metrics,"functions: load_returns, block_bootstrap, sharpe_like, one_sided_p_value, main",yes,metric implementations belong in _shared/validation or _shared/evaluation,120
vol_breakout_vpvr_val_fade_1h_5m_20260714,vol_breakout_vpvr_val_fade_1h_5m_20260714/strategy.py,entry,strategy entry/run script,maybe,entry files are strategy-specific but can inspire templates,420
vol_breakout_vpvr_val_fade_1h_5m_20260714,vol_breakout_vpvr_val_fade_1h_5m_20260714/walk_forward.py,data_utils,"functions: _max_drawdown, walk_forward",yes,data loading/universe/calendar utilities belong in _shared/data,154
vpvr_carry_term_8h_20260711,vpvr_carry_term_8h_20260711/data_loader.py,data_utils,"classes: SourceManifest; functions: _load_1h, _load_funding_8h, _aggregate_8h, load_symbol, load_all",yes,data loading/universe/calendar utilities belong in _shared/data,140
vpvr_carry_term_8h_20260711,vpvr_carry_term_8h_20260711/framework_adapter_backtrader.py,anti_pattern,strategy-specific or duplicated code,no,framework adapter duplicated per strategy; framework-specific backtrader coupling,370
vpvr_carry_term_8h_20260711,vpvr_carry_term_8h_20260711/framework_adapter_freqtrade.py,anti_pattern,strategy-specific or duplicated code,no,framework adapter duplicated per strategy; framework-specific vectorbt coupling; framework-specific backtrader coupling; framework-specific freqtrade coupling,399
vpvr_carry_term_8h_20260711,vpvr_carry_term_8h_20260711/framework_adapter_vectorbt.py,anti_pattern,strategy-specific or duplicated code,no,framework adapter duplicated per strategy; framework-specific vectorbt coupling,449
vpvr_carry_term_8h_20260711,vpvr_carry_term_8h_20260711/run_backtest.py,data_utils,"functions: _summarise, _write_trades_csv, _write_equity_csv, main",maybe,orchestration helpers can be templated in _shared/templates,156
vpvr_carry_term_8h_20260711,vpvr_carry_term_8h_20260711/strategy.py,entry,strategy entry/run script,maybe,entry files are strategy-specific but can inspire templates,303
vpvr_edge_zscore_15m_only_20260720,vpvr_edge_zscore_15m_only_20260720/run_backtest.py,data_utils,"functions: _sanitize, _daily_resampled_sharpe, _compute_metrics, _slice_window, _run_walk_forward",maybe,orchestration helpers can be templated in _shared/templates,487
vpvr_edge_zscore_15m_only_20260720,vpvr_edge_zscore_15m_only_20260720/smoke_backtest.py,anti_pattern,strategy-specific or duplicated code,no,one-off diagnostic/script not reusable,116
vpvr_edge_zscore_15m_only_20260720,vpvr_edge_zscore_15m_only_20260720/strategy.py,entry,strategy entry/run script,maybe,entry files are strategy-specific but can inspire templates,318
vpvr_edge_zscore_multi_tf_1m_15m_2h_20260720,vpvr_edge_zscore_multi_tf_1m_15m_2h_20260720/build_signals.py,signal_generation,"functions: _atr, _ema, _vpvr_snapshot_levels, _shifted_snapshot_per_bar, _zscore",yes,generic indicator/signal functions should migrate to _shared/indicators,535
vpvr_edge_zscore_multi_tf_1m_15m_2h_20260720,vpvr_edge_zscore_multi_tf_1m_15m_2h_20260720/data_loader.py,data_utils,"functions: _load_ohlcv, load_tf, load_all, default_symbols",yes,data loading/universe/calendar utilities belong in _shared/data,146
vpvr_edge_zscore_multi_tf_1m_15m_2h_20260720,vpvr_edge_zscore_multi_tf_1m_15m_2h_20260720/run_backtest.py,data_utils,"functions: _daily_resampled_sharpe, _compute_metrics, _slice_window, _tf_freq, _sanitize",maybe,orchestration helpers can be templated in _shared/templates,620
vpvr_edge_zscore_multi_tf_1m_15m_2h_20260720,vpvr_edge_zscore_multi_tf_1m_15m_2h_20260720/smoke_backtest.py,anti_pattern,strategy-specific or duplicated code,no,one-off diagnostic/script not reusable,137
vpvr_edge_zscore_multi_tf_1m_15m_2h_20260720,vpvr_edge_zscore_multi_tf_1m_15m_2h_20260720/strategy.py,entry,strategy entry/run script,maybe,entry files are strategy-specific but can inspire templates,373
vpvr_funding,_graveyard/vpvr_funding/vpvr_funding_asym_4h_20260713/data_loader.py,data_utils,"functions: _load_4h, _load_funding, load_symbol, load_all",yes,data loading/universe/calendar utilities belong in _shared/data,70
vpvr_funding,_graveyard/vpvr_funding/vpvr_funding_asym_4h_20260713/framework_adapter_backtrader.py,anti_pattern,strategy-specific or duplicated code,no,framework adapter duplicated per strategy; framework-specific backtrader coupling; framework-specific freqtrade coupling,245
vpvr_funding,_graveyard/vpvr_funding/vpvr_funding_asym_4h_20260713/framework_adapter_freqtrade.py,anti_pattern,strategy-specific or duplicated code,no,framework adapter duplicated per strategy; framework-specific freqtrade coupling,230
vpvr_funding,_graveyard/vpvr_funding/vpvr_funding_asym_4h_20260713/framework_adapter_vectorbt.py,anti_pattern,strategy-specific or duplicated code,no,framework adapter duplicated per strategy; framework-specific vectorbt coupling; framework-specific backtrader coupling; framework-specific freqtrade coupling,350
vpvr_funding,_graveyard/vpvr_funding/vpvr_funding_asym_4h_20260713/run_backtest.py,data_utils,"functions: _bars_per_year, _summarise, _write_trades_csv, _write_equity_csv, main",maybe,orchestration helpers can be templated in _shared/templates,187
vpvr_funding,_graveyard/vpvr_funding/vpvr_funding_asym_4h_20260713/strategy.py,entry,strategy entry/run script,maybe,entry files are strategy-specific but can inspire templates,225
vpvr_funding,_graveyard/vpvr_funding/vpvr_funding_aware_v1_20260711/audit_maxdd.py,anti_pattern,strategy-specific or duplicated code,no,framework-specific backtrader coupling; framework-specific freqtrade coupling,219
vpvr_funding,_graveyard/vpvr_funding/vpvr_funding_aware_v1_20260711/data_loader.py,data_utils,"functions: _load_4h, _load_funding, load_symbol, load_all, main",yes,data loading/universe/calendar utilities belong in _shared/data,85
vpvr_funding,_graveyard/vpvr_funding/vpvr_funding_aware_v1_20260711/framework_adapter_backtrader.py,anti_pattern,strategy-specific or duplicated code,no,framework adapter duplicated per strategy; framework-specific backtrader coupling; framework-specific freqtrade coupling,263
vpvr_funding,_graveyard/vpvr_funding/vpvr_funding_aware_v1_20260711/framework_adapter_freqtrade.py,anti_pattern,strategy-specific or duplicated code,no,framework adapter duplicated per strategy; framework-specific freqtrade coupling,243
vpvr_funding,_graveyard/vpvr_funding/vpvr_funding_aware_v1_20260711/framework_adapter_vectorbt.py,anti_pattern,strategy-specific or duplicated code,no,framework adapter duplicated per strategy; framework-specific vectorbt coupling; framework-specific backtrader coupling; framework-specific freqtrade coupling,357
vpvr_funding,_graveyard/vpvr_funding/vpvr_funding_aware_v1_20260711/run_backtest.py,data_utils,"functions: _bars_per_year, _summarise, _write_trades_csv, _write_equity_csv, main",maybe,orchestration helpers can be templated in _shared/templates,240
vpvr_funding,_graveyard/vpvr_funding/vpvr_funding_aware_v1_20260711/strategy.py,entry,strategy entry/run script,maybe,entry files are strategy-specific but can inspire templates,319
vpvr_funding,_graveyard/vpvr_funding/vpvr_funding_aware_v1_20260711/walk_forward.py,data_utils,"functions: _bars_per_year, _annualised_sharpe, _bootstrap_ci, _build_folds, main",yes,data loading/universe/calendar utilities belong in _shared/data,212
vpvr_funding,_graveyard/vpvr_funding/vpvr_funding_carry_asym_v2_20260718/build_signals.py,signal_generation,"functions: _atr, _align_to_1m, build_signals",yes,generic indicator/signal functions should migrate to _shared/indicators,153
vpvr_funding,_graveyard/vpvr_funding/vpvr_funding_carry_asym_v2_20260718/data_loader.py,data_utils,"functions: _load_ohlcv, _load_funding_events, load_tf, load_funding, load_all",yes,data loading/universe/calendar utilities belong in _shared/data,111
vpvr_funding,_graveyard/vpvr_funding/vpvr_funding_carry_asym_v2_20260718/funding_signal.py,signal_generation,functions: compute_funding_ema_signal,yes,generic indicator/signal functions should migrate to _shared/indicators,123
vpvr_funding,_graveyard/vpvr_funding/vpvr_funding_carry_asym_v2_20260718/run_backtest.py,data_utils,"functions: _slice_window, _tf_freq, _bootstrap_ci_lower, _sanitize, _run_fold",maybe,orchestration helpers can be templated in _shared/templates,358
vpvr_funding,_graveyard/vpvr_funding/vpvr_funding_carry_asym_v2_20260718/run_cpcv.py,data_utils,"functions: _bar_to_periods_per_year, _build_strategy_returns, _strategy_factory, _sanitize, main",yes,data loading/universe/calendar utilities belong in _shared/data,268
vpvr_funding,_graveyard/vpvr_funding/vpvr_funding_carry_asym_v2_20260718/state_machine.py,signal_generation,"classes: Trade; functions: _state_machine, run_backtest, compute_metrics",yes,generic indicator/signal functions should migrate to _shared/indicators,337
vpvr_funding,_graveyard/vpvr_funding/vpvr_funding_carry_asym_v2_20260718/trend_filter.py,signal_generation,functions: build_trend_filter,yes,generic indicator/signal functions should migrate to _shared/indicators,53
vpvr_funding,_graveyard/vpvr_funding/vpvr_funding_carry_asym_v2_20260718/vpvr_levels_band.py,signal_generation,"functions: _vpvr_snapshot_band, build_vpvr_band",yes,generic indicator/signal functions should migrate to _shared/indicators,145
vpvr_funding,_graveyard/vpvr_funding/vpvr_funding_hvn_lvn_20260718/vpvr_funding_hvn_lvn_backtest.py,data_utils,"classes: Trade; functions: _load_ohlcv, _load_funding, _atr, _build_vpvr_table, _nearest_lvn_above",yes,data loading/universe/calendar utilities belong in _shared/data,822
vpvr_funding,_graveyard/vpvr_funding/vpvr_funding_hvn_lvn_confluence_20260718/framework_adapter_backtrader.py,anti_pattern,strategy-specific or duplicated code,no,framework adapter duplicated per strategy; framework-specific backtrader coupling,377
vpvr_funding,_graveyard/vpvr_funding/vpvr_funding_hvn_lvn_confluence_20260718/vpvr_funding_hvn_lvn_confluence_backtest.py,data_utils,"classes: Trade; functions: _load_ohlcv, _load_funding, _atr, _build_vpvr_table, _nearest_lvn_above",yes,data loading/universe/calendar utilities belong in _shared/data,820
vpvr_funding,_graveyard/vpvr_funding/vpvr_funding_regime_15m_20260711/data_loader.py,data_utils,"functions: _load_15m, _load_funding, load_all",yes,data loading/universe/calendar utilities belong in _shared/data,54
vpvr_funding,_graveyard/vpvr_funding/vpvr_funding_regime_15m_20260711/framework_adapter_backtrader.py,anti_pattern,strategy-specific or duplicated code,no,framework adapter duplicated per strategy; framework-specific backtrader coupling; framework-specific freqtrade coupling,293
vpvr_funding,_graveyard/vpvr_funding/vpvr_funding_regime_15m_20260711/framework_adapter_vectorbt.py,anti_pattern,strategy-specific or duplicated code,no,framework adapter duplicated per strategy; framework-specific vectorbt coupling; framework-specific backtrader coupling; framework-specific freqtrade coupling,294
vpvr_funding,_graveyard/vpvr_funding/vpvr_funding_regime_15m_20260711/run_backtest.py,data_utils,"functions: _summarise, _write_trades, _write_equity, main",maybe,orchestration helpers can be templated in _shared/templates,131
vpvr_funding,_graveyard/vpvr_funding/vpvr_funding_regime_15m_20260711/strategy.py,entry,strategy entry/run script,maybe,entry files are strategy-specific but can inspire templates,359
vpvr_funding,_graveyard/vpvr_funding/vpvr_funding_reset_window_1h_20260715/data_loader.py,data_utils,"functions: _first_existing, _to_naive_utc, _load_1h, _load_funding, load_symbol",yes,data loading/universe/calendar utilities belong in _shared/data,111
vpvr_funding,_graveyard/vpvr_funding/vpvr_funding_reset_window_1h_20260715/framework_adapter_backtrader.py,anti_pattern,strategy-specific or duplicated code,no,framework adapter duplicated per strategy; framework-specific backtrader coupling; framework-specific freqtrade coupling,219
vpvr_funding,_graveyard/vpvr_funding/vpvr_funding_reset_window_1h_20260715/framework_adapter_freqtrade.py,anti_pattern,strategy-specific or duplicated code,no,framework adapter duplicated per strategy; framework-specific freqtrade coupling,196
vpvr_funding,_graveyard/vpvr_funding/vpvr_funding_reset_window_1h_20260715/framework_adapter_vectorbt.py,anti_pattern,strategy-specific or duplicated code,no,framework adapter duplicated per strategy; framework-specific vectorbt coupling; framework-specific backtrader coupling; framework-specific freqtrade coupling,234
vpvr_funding,_graveyard/vpvr_funding/vpvr_funding_reset_window_1h_20260715/run_backtest.py,data_utils,"functions: _bars_per_year, _summarise, _write_trades_csv, _write_equity_csv, main",maybe,orchestration helpers can be templated in _shared/templates,192
vpvr_funding,_graveyard/vpvr_funding/vpvr_funding_reset_window_1h_20260715/strategy.py,entry,strategy entry/run script,maybe,entry files are strategy-specific but can inspire templates,317
vpvr_funding,_graveyard/vpvr_funding/vpvr_funding_term_curve_1h_20260714/data_loader.py,data_utils,"functions: _load_1h, _load_funding, load_symbol, load_all",yes,data loading/universe/calendar utilities belong in _shared/data,64
vpvr_funding,_graveyard/vpvr_funding/vpvr_funding_term_curve_1h_20260714/framework_adapter_backtrader.py,anti_pattern,strategy-specific or duplicated code,no,framework adapter duplicated per strategy; framework-specific backtrader coupling; framework-specific freqtrade coupling,312
vpvr_funding,_graveyard/vpvr_funding/vpvr_funding_term_curve_1h_20260714/framework_adapter_freqtrade.py,anti_pattern,strategy-specific or duplicated code,no,framework adapter duplicated per strategy; framework-specific freqtrade coupling,300
vpvr_funding,_graveyard/vpvr_funding/vpvr_funding_term_curve_1h_20260714/framework_adapter_vectorbt.py,anti_pattern,strategy-specific or duplicated code,no,framework adapter duplicated per strategy; framework-specific vectorbt coupling; framework-specific backtrader coupling; framework-specific freqtrade coupling,403
vpvr_funding,_graveyard/vpvr_funding/vpvr_funding_term_curve_1h_20260714/run_backtest.py,data_utils,"functions: _bars_per_year, _summarise, _write_trades_csv, _write_equity_csv, main",maybe,orchestration helpers can be templated in _shared/templates,182
vpvr_funding,_graveyard/vpvr_funding/vpvr_funding_term_curve_1h_20260714/strategy.py,entry,strategy entry/run script,maybe,entry files are strategy-specific but can inspire templates,305
vpvr_micro_reversion_1h_funding_filter_20260710,vpvr_micro_reversion_1h_funding_filter_20260710/data_loader.py,data_utils,"classes: SourceManifest; functions: _sha256, build_source_manifest, _read_1h, load_symbol_1h, load_all",yes,data loading/universe/calendar utilities belong in _shared/data,143
vpvr_micro_reversion_1h_funding_filter_20260710,vpvr_micro_reversion_1h_funding_filter_20260710/run_backtest.py,data_utils,"functions: _trade_rows, _bars_per_year, _strategy_metrics, main",maybe,orchestration helpers can be templated in _shared/templates,206
vpvr_micro_reversion_1h_funding_filter_20260710,vpvr_micro_reversion_1h_funding_filter_20260710/strategy.py,entry,strategy entry/run script,maybe,entry files are strategy-specific but can inspire templates,531
vpvr_regime_reversion_4h_vol_switch_20260710,vpvr_regime_reversion_4h_vol_switch_20260710/data_loader.py,data_utils,"classes: SourceManifest; functions: _sha256, build_source_manifest, _read_1m, _resample, _to_pandas_freq",yes,data loading/universe/calendar utilities belong in _shared/data,179
vpvr_regime_reversion_4h_vol_switch_20260710,vpvr_regime_reversion_4h_vol_switch_20260710/run_backtest.py,data_utils,"functions: _trade_rows, main",maybe,orchestration helpers can be templated in _shared/templates,125
vpvr_regime_reversion_4h_vol_switch_20260710,vpvr_regime_reversion_4h_vol_switch_20260710/strategy.py,entry,strategy entry/run script,maybe,entry files are strategy-specific but can inspire templates,432
vpvr_reversion_15m_donchian_regime_20260709,vpvr_reversion_15m_donchian_regime_20260709/data_loader.py,data_utils,"classes: SourceManifest; functions: _sha256, build_source_manifest, _read_1m, _to_pandas_freq, _resample",yes,data loading/universe/calendar utilities belong in _shared/data,158
vpvr_reversion_15m_donchian_regime_20260709,vpvr_reversion_15m_donchian_regime_20260709/run_backtest.py,data_utils,"functions: _trade_rows, main",maybe,orchestration helpers can be templated in _shared/templates,98
vpvr_reversion_15m_donchian_regime_20260709,vpvr_reversion_15m_donchian_regime_20260709/strategy.py,entry,strategy entry/run script,maybe,entry files are strategy-specific but can inspire templates,356
vpvr_reversion_5m_vwap_trail_20260709,vpvr_reversion_5m_vwap_trail_20260709/data_loader.py,data_utils,"classes: SourceManifest; functions: _sha256, build_source_manifest, _read_1m, _resample, _to_pandas_freq",yes,data loading/universe/calendar utilities belong in _shared/data,183
vpvr_reversion_5m_vwap_trail_20260709,vpvr_reversion_5m_vwap_trail_20260709/framework_adapter_vectorbt.py,anti_pattern,strategy-specific or duplicated code,no,framework adapter duplicated per strategy; framework-specific vectorbt coupling,292
vpvr_reversion_5m_vwap_trail_20260709,vpvr_reversion_5m_vwap_trail_20260709/run_backtest.py,data_utils,"functions: _trade_rows, main",maybe,orchestration helpers can be templated in _shared/templates,127
vpvr_reversion_5m_vwap_trail_20260709,vpvr_reversion_5m_vwap_trail_20260709/strategy.py,entry,strategy entry/run script,maybe,entry files are strategy-specific but can inspire templates,409
vpvr_tod_session_filter_15m_20260715,vpvr_tod_session_filter_15m_20260715/build_signals.py,signal_generation,"functions: _atr, _vpvr_poc, build_signals",yes,generic indicator/signal functions should migrate to _shared/indicators,89
vpvr_tod_session_filter_15m_20260715,vpvr_tod_session_filter_15m_20260715/data_loader.py,data_utils,"functions: _synth_15m_from_30m, load_15m, load_pair_15m",yes,data loading/universe/calendar utilities belong in _shared/data,83
vpvr_tod_session_filter_15m_20260715,vpvr_tod_session_filter_15m_20260715/run_backtest.py,data_utils,"functions: _ann_factor_for_tf, _compute_metrics, _write_trades_csv, _write_equity_csv, main",maybe,orchestration helpers can be templated in _shared/templates,243
vpvr_tod_session_filter_15m_20260715,vpvr_tod_session_filter_15m_20260715/strategy.py,entry,strategy entry/run script,maybe,entry files are strategy-specific but can inspire templates,148
vpvr_tod_session_filter_15m_20260715,vpvr_tod_session_filter_15m_20260715/tod_calendar.py,data_utils,"functions: session_for_timestamp, is_session_active, session_index_for_day, session_label, session_change_points",yes,data loading/universe/calendar utilities belong in _shared/data,66
vpvr_volume_edge_3tf_v1_20260711,vpvr_volume_edge_3tf_v1_20260711/data_loader.py,data_utils,"functions: _normalize_ohlcv, _read_local, load_symbol_tf, load_symbol_multi, load_all",yes,data loading/universe/calendar utilities belong in _shared/data,96
vpvr_volume_edge_3tf_v1_20260711,vpvr_volume_edge_3tf_v1_20260711/rebuild_summary.py,data_utils,"functions: _sanitize, _json_default, main",yes,data loading/universe/calendar utilities belong in _shared/data,188
vpvr_volume_edge_3tf_v1_20260711,vpvr_volume_edge_3tf_v1_20260711/run_backtest.py,data_utils,"functions: _trade_rows, _sanitize, _downsample_equity, main",maybe,orchestration helpers can be templated in _shared/templates,174
vpvr_volume_edge_3tf_v1_20260711,vpvr_volume_edge_3tf_v1_20260711/strategy.py,entry,strategy entry/run script,maybe,entry files are strategy-specific but can inspire templates,443
vpvr_volume_edge_3tf_v1_20260711,vpvr_volume_edge_3tf_v1_20260711/walk_forward.py,data_utils,"classes: WindowSlice; functions: build_schedule, slice_frames, _run, _equity_curve, _metrics",yes,data loading/universe/calendar utilities belong in _shared/data,259
vpvr_xs_basis_zscore_15m_funding_filter_20260712,vpvr_xs_basis_zscore_15m_funding_filter_20260712/data_loader.py,data_utils,"functions: _standardize, load_all, load_funding_series",yes,data loading/universe/calendar utilities belong in _shared/data,59
vpvr_xs_basis_zscore_15m_funding_filter_20260712,vpvr_xs_basis_zscore_15m_funding_filter_20260712/framework_adapter_backtrader.py,anti_pattern,strategy-specific or duplicated code,no,framework adapter duplicated per strategy; framework-specific backtrader coupling,399
vpvr_xs_basis_zscore_15m_funding_filter_20260712,vpvr_xs_basis_zscore_15m_funding_filter_20260712/framework_adapter_freqtrade.py,anti_pattern,strategy-specific or duplicated code,no,framework adapter duplicated per strategy; framework-specific freqtrade coupling,367
vpvr_xs_basis_zscore_15m_funding_filter_20260712,vpvr_xs_basis_zscore_15m_funding_filter_20260712/run_backtest.py,data_utils,"functions: _summarise_pair, _write_trades, _write_equity, main",maybe,orchestration helpers can be templated in _shared/templates,166
vpvr_xs_basis_zscore_15m_funding_filter_20260712,vpvr_xs_basis_zscore_15m_funding_filter_20260712/run_cpcv.py,anti_pattern,strategy-specific or duplicated code,no,framework-specific freqtrade coupling,728
vpvr_xs_basis_zscore_15m_funding_filter_20260712,vpvr_xs_basis_zscore_15m_funding_filter_20260712/strategy.py,anti_pattern,strategy-specific or duplicated code,no,framework-specific freqtrade coupling,422
vpvr_xs_basis_zscore_15m_funding_filter_20260712,vpvr_xs_basis_zscore_15m_funding_filter_20260712/walk_forward.py,data_utils,"classes: WindowResult; functions: _annualisation_factor, _summarise_trades, _dsr, build_windows, main",yes,data loading/universe/calendar utilities belong in _shared/data,279
vpvr_xs_pairs_4h,_graveyard/vpvr_xs_pairs_4h/cointegration_pairs_vpvr_poc_4h_20260714/framework_adapter_vectorbt.py,anti_pattern,strategy-specific or duplicated code,no,framework adapter duplicated per strategy; framework-specific vectorbt coupling; framework-specific backtrader coupling; framework-specific freqtrade coupling,279
vpvr_xs_pairs_4h,_graveyard/vpvr_xs_pairs_4h/vpvr_xs_pairs_4h_zscore_vpvr_20260710/data_loader.py,data_utils,"functions: _load_1h, _load_4h, load_all",yes,data loading/universe/calendar utilities belong in _shared/data,52
vpvr_xs_pairs_4h,_graveyard/vpvr_xs_pairs_4h/vpvr_xs_pairs_4h_zscore_vpvr_20260710/framework_adapter_backtrader.py,anti_pattern,strategy-specific or duplicated code,no,framework adapter duplicated per strategy; framework-specific backtrader coupling; framework-specific freqtrade coupling,468
vpvr_xs_pairs_4h,_graveyard/vpvr_xs_pairs_4h/vpvr_xs_pairs_4h_zscore_vpvr_20260710/framework_adapter_freqtrade.py,anti_pattern,strategy-specific or duplicated code,no,framework adapter duplicated per strategy; framework-specific freqtrade coupling,332
vpvr_xs_pairs_4h,_graveyard/vpvr_xs_pairs_4h/vpvr_xs_pairs_4h_zscore_vpvr_20260710/run_backtest.py,data_utils,"functions: _summarise_pair, _write_trades, _write_equity, main",maybe,orchestration helpers can be templated in _shared/templates,163
vpvr_xs_pairs_4h,_graveyard/vpvr_xs_pairs_4h/vpvr_xs_pairs_4h_zscore_vpvr_20260710/run_optimize_cpcv.py,data_utils,"functions: _build_variant_cfg, _bar_returns_for_variant, _strategy_fn_factory, _evaluate_variant, _decide_chosen",yes,data loading/universe/calendar utilities belong in _shared/data,566
vpvr_xs_pairs_4h,_graveyard/vpvr_xs_pairs_4h/vpvr_xs_pairs_4h_zscore_vpvr_20260710/strategy.py,entry,strategy entry/run script,maybe,entry files are strategy-specific but can inspire templates,400
vpvr_xs_pairs_4h,_graveyard/vpvr_xs_pairs_4h/vpvr_xs_pairs_4h_zscore_vpvr_20260710/walk_forward.py,data_utils,"classes: WindowResult; functions: _summarise_trades, build_windows, main",yes,data loading/universe/calendar utilities belong in _shared/data,281
vpvr_xs_pairs_4h,_graveyard/vpvr_xs_pairs_4h/vpvr_xs_pairs_btc_sol_4h_20260712/build_deliverables.py,data_utils,functions: main,yes,data loading/universe/calendar utilities belong in _shared/data,182
vpvr_xs_pairs_4h,_graveyard/vpvr_xs_pairs_4h/vpvr_xs_pairs_btc_sol_4h_20260712/cpcv_optimize.py,data_utils,"classes: FoldResult; functions: make_cfg, equity_curve_hash, annualisation_factor, sharpe_from_trades, dsr_zscore",yes,data loading/universe/calendar utilities belong in _shared/data,419
vpvr_xs_pairs_4h,_graveyard/vpvr_xs_pairs_4h/vpvr_xs_pairs_btc_sol_4h_20260712/data_loader.py,data_utils,"functions: _load_1h, _load_4h, load_all",yes,data loading/universe/calendar utilities belong in _shared/data,52
vpvr_xs_pairs_4h,_graveyard/vpvr_xs_pairs_4h/vpvr_xs_pairs_btc_sol_4h_20260712/framework_adapter_freqtrade.py,anti_pattern,strategy-specific or duplicated code,no,framework adapter duplicated per strategy; framework-specific vectorbt coupling; framework-specific freqtrade coupling,479
vpvr_xs_pairs_4h,_graveyard/vpvr_xs_pairs_4h/vpvr_xs_pairs_btc_sol_4h_20260712/run_backtest.py,data_utils,"functions: _summarise_pair, _write_trades, _write_equity, main",maybe,orchestration helpers can be templated in _shared/templates,160
vpvr_xs_pairs_4h,_graveyard/vpvr_xs_pairs_4h/vpvr_xs_pairs_btc_sol_4h_20260712/strategy.py,entry,strategy entry/run script,maybe,entry files are strategy-specific but can inspire templates,350
vpvr_xs_pairs_4h,_graveyard/vpvr_xs_pairs_4h/vpvr_xs_pairs_btc_sol_4h_20260712/walk_forward.py,data_utils,"classes: WindowResult; functions: _annualisation_factor, _summarise_trades, _slice_data, _window_metrics, _dsr",yes,data loading/universe/calendar utilities belong in _shared/data,387
vpvr_xs_reversion_1d_momentum_filter_20260709,vpvr_xs_reversion_1d_momentum_filter_20260709/data_loader.py,data_utils,"classes: SourceManifest; functions: _sha256, build_source_manifest, _read_1m, _resample_1d, load_symbol",yes,data loading/universe/calendar utilities belong in _shared/data,151
vpvr_xs_reversion_1d_momentum_filter_20260709,vpvr_xs_reversion_1d_momentum_filter_20260709/run_backtest.py,data_utils,"functions: _trade_rows, main",maybe,orchestration helpers can be templated in _shared/templates,102
vpvr_xs_reversion_1d_momentum_filter_20260709,vpvr_xs_reversion_1d_momentum_filter_20260709/strategy.py,entry,strategy entry/run script,maybe,entry files are strategy-specific but can inspire templates,310
vpvr_xs_smart_routing_15m_20260715,vpvr_xs_smart_routing_15m_20260715/data_loader.py,data_utils,"functions: _load_15m, load_symbol, load_all",yes,data loading/universe/calendar utilities belong in _shared/data,51
vpvr_xs_smart_routing_15m_20260715,vpvr_xs_smart_routing_15m_20260715/framework_adapter_backtrader.py,anti_pattern,strategy-specific or duplicated code,no,framework adapter duplicated per strategy; framework-specific backtrader coupling; framework-specific freqtrade coupling,362
vpvr_xs_smart_routing_15m_20260715,vpvr_xs_smart_routing_15m_20260715/framework_adapter_freqtrade.py,anti_pattern,strategy-specific or duplicated code,no,framework adapter duplicated per strategy; framework-specific vectorbt coupling; framework-specific backtrader coupling; framework-specific freqtrade coupling,299
vpvr_xs_smart_routing_15m_20260715,vpvr_xs_smart_routing_15m_20260715/run_backtest.py,data_utils,"functions: _bars_per_year, _summarise, _write_trades_csv, _write_equity_csv, main",maybe,orchestration helpers can be templated in _shared/templates,182
vpvr_xs_smart_routing_15m_20260715,vpvr_xs_smart_routing_15m_20260715/strategy.py,entry,strategy entry/run script,maybe,entry files are strategy-specific but can inspire templates,325
xs_momentum_rank_1d_20260709,xs_momentum_rank_1d_20260709/backtest.py,data_utils,"classes: RebalanceEvent, BacktestResult; functions: _cost_per_side, _prior_positions, _new_positions_from_target, _realized_pnl, _delta_turnover_cost",yes,data loading/universe/calendar utilities belong in _shared/data,388
xs_momentum_rank_1d_20260709,xs_momentum_rank_1d_20260709/data_loader.py,data_utils,"classes: SourceManifest; functions: _sha256, build_source_manifest, _read_1m, _resample_1d, load_symbol_1d",yes,data loading/universe/calendar utilities belong in _shared/data,225
xs_momentum_rank_1d_20260709,xs_momentum_rank_1d_20260709/portfolio.py,data_utils,"classes: TargetPosition, PortfolioTarget; functions: equal_weight_allocation, gross_exposure, enforce_gross_cap, daily_loss_breach, monthly_pause_active",yes,data loading/universe/calendar utilities belong in _shared/data,163
xs_momentum_rank_1d_20260709,xs_momentum_rank_1d_20260709/run_backtest.py,data_utils,"functions: _avg_weight_contribution, main",maybe,orchestration helpers can be templated in _shared/templates,113
xs_momentum_rank_1d_20260709,xs_momentum_rank_1d_20260709/strategy.py,entry,strategy entry/run script,maybe,entry files are strategy-specific but can inspire templates,163
xs_momentum_rank_1d_20260709,xs_momentum_rank_1d_20260709/universe.py,data_utils,"classes: UniverseConfig; functions: load_universe_config, daily_usd_volume, trailing_bar_count, liquidity_filter, eligible_symbols_on",yes,data loading/universe/calendar utilities belong in _shared/data,130
xs_momentum_rank_1d_20260709,xs_momentum_rank_1d_20260709/walk_forward.py,data_utils,"classes: WalkForwardSplit, WalkForwardReport; functions: walk_forward_splits, _empty_window_metrics, _window_metrics, _is_warmup_window, _to_naive_utc",yes,data loading/universe/calendar utilities belong in _shared/data,398
xs_pairs_30m,_graveyard/xs_pairs_30m/vpvr_xs_pairs_30m_funding_filter_20260712/data_loader.py,data_utils,"functions: _standardize_columns, _load_30m, _load_15m, _load_funding, load_all",yes,data loading/universe/calendar utilities belong in _shared/data,103
xs_pairs_30m,_graveyard/xs_pairs_30m/vpvr_xs_pairs_30m_funding_filter_20260712/framework_adapter_backtrader.py,anti_pattern,strategy-specific or duplicated code,no,framework adapter duplicated per strategy; framework-specific backtrader coupling; framework-specific freqtrade coupling,550
xs_pairs_30m,_graveyard/xs_pairs_30m/vpvr_xs_pairs_30m_funding_filter_20260712/framework_adapter_freqtrade.py,anti_pattern,strategy-specific or duplicated code,no,framework adapter duplicated per strategy; framework-specific freqtrade coupling,559
xs_pairs_30m,_graveyard/xs_pairs_30m/vpvr_xs_pairs_30m_funding_filter_20260712/run_backtest.py,data_utils,"functions: _summarise_pair, _write_trades, _write_equity, main",maybe,orchestration helpers can be templated in _shared/templates,160
xs_pairs_30m,_graveyard/xs_pairs_30m/vpvr_xs_pairs_30m_funding_filter_20260712/strategy.py,entry,strategy entry/run script,maybe,entry files are strategy-specific but can inspire templates,371
xs_pairs_30m,_graveyard/xs_pairs_30m/vpvr_xs_pairs_30m_funding_filter_20260712/walk_forward.py,data_utils,"classes: WindowResult; functions: _annualisation_factor, _summarise_trades, _slice_data, _window_metrics, _dsr",yes,data loading/universe/calendar utilities belong in _shared/data,375
xs_pairs_30m,_graveyard/xs_pairs_30m/vpvr_xs_pairs_30m_funding_filter_btc_bnb_v5_loose_20260717/data_loader.py,data_utils,"functions: _standardize_columns, _load_30m, _load_funding, load_all, load_funding",yes,data loading/universe/calendar utilities belong in _shared/data,63
xs_pairs_30m,_graveyard/xs_pairs_30m/vpvr_xs_pairs_30m_funding_filter_btc_bnb_v5_loose_20260717/framework_adapter_backtrader.py,anti_pattern,strategy-specific or duplicated code,no,framework adapter duplicated per strategy; framework-specific backtrader coupling; framework-specific freqtrade coupling,653
xs_pairs_30m,_graveyard/xs_pairs_30m/vpvr_xs_pairs_30m_funding_filter_btc_bnb_v5_loose_20260717/framework_adapter_freqtrade.py,anti_pattern,strategy-specific or duplicated code,no,framework adapter duplicated per strategy; framework-specific freqtrade coupling,531
xs_pairs_30m,_graveyard/xs_pairs_30m/vpvr_xs_pairs_30m_funding_filter_btc_bnb_v5_loose_20260717/run_backtest.py,data_utils,"functions: _summarise_pair, _write_trades, _write_equity, main",maybe,orchestration helpers can be templated in _shared/templates,160
xs_pairs_30m,_graveyard/xs_pairs_30m/vpvr_xs_pairs_30m_funding_filter_btc_bnb_v5_loose_20260717/strategy.py,entry,strategy entry/run script,maybe,entry files are strategy-specific but can inspire templates,376
xs_pairs_30m,_graveyard/xs_pairs_30m/vpvr_xs_pairs_30m_funding_filter_btc_bnb_v5_loose_20260717/walk_forward.py,data_utils,"classes: WindowResult; functions: _annualisation_factor, _summarise_trades, _slice_data, _window_metrics, _dsr",yes,data loading/universe/calendar utilities belong in _shared/data,375
xs_pairs_30m,_graveyard/xs_pairs_30m/vpvr_xs_pairs_30m_funding_filter_btc_doge_20260717/data_loader.py,data_utils,"functions: _standardize_columns, _load_30m, _load_funding, load_all, load_funding",yes,data loading/universe/calendar utilities belong in _shared/data,63
xs_pairs_30m,_graveyard/xs_pairs_30m/vpvr_xs_pairs_30m_funding_filter_btc_doge_20260717/framework_adapter_backtrader.py,anti_pattern,strategy-specific or duplicated code,no,framework adapter duplicated per strategy; framework-specific backtrader coupling; framework-specific freqtrade coupling,643
xs_pairs_30m,_graveyard/xs_pairs_30m/vpvr_xs_pairs_30m_funding_filter_btc_doge_20260717/framework_adapter_freqtrade.py,anti_pattern,strategy-specific or duplicated code,no,framework adapter duplicated per strategy; framework-specific freqtrade coupling,525
xs_pairs_30m,_graveyard/xs_pairs_30m/vpvr_xs_pairs_30m_funding_filter_btc_doge_20260717/run_backtest.py,data_utils,"functions: _summarise_pair, _write_trades, _write_equity, main",maybe,orchestration helpers can be templated in _shared/templates,160
xs_pairs_30m,_graveyard/xs_pairs_30m/vpvr_xs_pairs_30m_funding_filter_btc_doge_20260717/strategy.py,entry,strategy entry/run script,maybe,entry files are strategy-specific but can inspire templates,375
xs_pairs_30m,_graveyard/xs_pairs_30m/vpvr_xs_pairs_30m_funding_filter_btc_doge_20260717/walk_forward.py,data_utils,"classes: WindowResult; functions: _annualisation_factor, _summarise_trades, _slice_data, _window_metrics, _dsr",yes,data loading/universe/calendar utilities belong in _shared/data,375
xs_pairs_30m,_graveyard/xs_pairs_30m/vpvr_xs_pairs_30m_funding_filter_btc_sol_regularized_20260712/data_loader.py,data_utils,"functions: _standardize_columns, _load_30m, _load_15m, _load_funding, load_all",yes,data loading/universe/calendar utilities belong in _shared/data,103
xs_pairs_30m,_graveyard/xs_pairs_30m/vpvr_xs_pairs_30m_funding_filter_btc_sol_regularized_20260712/framework_adapter_backtrader.py,anti_pattern,strategy-specific or duplicated code,no,framework adapter duplicated per strategy; framework-specific backtrader coupling; framework-specific freqtrade coupling,704
xs_pairs_30m,_graveyard/xs_pairs_30m/vpvr_xs_pairs_30m_funding_filter_btc_sol_regularized_20260712/framework_adapter_freqtrade.py,anti_pattern,strategy-specific or duplicated code,no,framework adapter duplicated per strategy; framework-specific freqtrade coupling,556
xs_pairs_30m,_graveyard/xs_pairs_30m/vpvr_xs_pairs_30m_funding_filter_btc_sol_regularized_20260712/run_backtest.py,data_utils,"functions: _summarise_pair, _write_trades, _write_equity, main",maybe,orchestration helpers can be templated in _shared/templates,160
xs_pairs_30m,_graveyard/xs_pairs_30m/vpvr_xs_pairs_30m_funding_filter_btc_sol_regularized_20260712/strategy.py,entry,strategy entry/run script,maybe,entry files are strategy-specific but can inspire templates,370
xs_pairs_30m,_graveyard/xs_pairs_30m/vpvr_xs_pairs_30m_funding_filter_btc_sol_regularized_20260712/walk_forward.py,data_utils,"classes: WindowResult; functions: _annualisation_factor, _summarise_trades, _slice_data, _window_metrics, _dsr",yes,data loading/universe/calendar utilities belong in _shared/data,375
xs_pairs_30m,_graveyard/xs_pairs_30m/vpvr_xs_pairs_30m_funding_filter_btc_sol_v10_optimize_20260717/data_loader.py,data_utils,"functions: _standardize_columns, _load_30m, _load_15m, _load_funding, load_all",yes,data loading/universe/calendar utilities belong in _shared/data,103
xs_pairs_30m,_graveyard/xs_pairs_30m/vpvr_xs_pairs_30m_funding_filter_btc_sol_v10_optimize_20260717/framework_adapter_backtrader.py,anti_pattern,strategy-specific or duplicated code,no,framework adapter duplicated per strategy; framework-specific backtrader coupling; framework-specific freqtrade coupling,707
xs_pairs_30m,_graveyard/xs_pairs_30m/vpvr_xs_pairs_30m_funding_filter_btc_sol_v10_optimize_20260717/framework_adapter_freqtrade.py,anti_pattern,strategy-specific or duplicated code,no,framework adapter duplicated per strategy; framework-specific freqtrade coupling,565
xs_pairs_30m,_graveyard/xs_pairs_30m/vpvr_xs_pairs_30m_funding_filter_btc_sol_v10_optimize_20260717/run_backtest.py,data_utils,"functions: _summarise_pair, _write_trades, _write_equity, main",maybe,orchestration helpers can be templated in _shared/templates,160
xs_pairs_30m,_graveyard/xs_pairs_30m/vpvr_xs_pairs_30m_funding_filter_btc_sol_v10_optimize_20260717/strategy.py,entry,strategy entry/run script,maybe,entry files are strategy-specific but can inspire templates,371
xs_pairs_30m,_graveyard/xs_pairs_30m/vpvr_xs_pairs_30m_funding_filter_btc_sol_v10_optimize_20260717/walk_forward.py,data_utils,"classes: WindowResult; functions: _annualisation_factor, _summarise_trades, _slice_data, _window_metrics, _dsr",yes,data loading/universe/calendar utilities belong in _shared/data,375
xs_pairs_30m,_graveyard/xs_pairs_30m/vpvr_xs_pairs_30m_funding_filter_btc_sol_v3_20260712/data_loader.py,data_utils,"functions: _standardize_columns, _load_30m, _load_15m, _load_funding, load_all",yes,data loading/universe/calendar utilities belong in _shared/data,103
xs_pairs_30m,_graveyard/xs_pairs_30m/vpvr_xs_pairs_30m_funding_filter_btc_sol_v3_20260712/framework_adapter_backtrader.py,anti_pattern,strategy-specific or duplicated code,no,framework adapter duplicated per strategy; framework-specific backtrader coupling; framework-specific freqtrade coupling,707
xs_pairs_30m,_graveyard/xs_pairs_30m/vpvr_xs_pairs_30m_funding_filter_btc_sol_v3_20260712/framework_adapter_freqtrade.py,anti_pattern,strategy-specific or duplicated code,no,framework adapter duplicated per strategy; framework-specific freqtrade coupling,557
xs_pairs_30m,_graveyard/xs_pairs_30m/vpvr_xs_pairs_30m_funding_filter_btc_sol_v3_20260712/run_backtest.py,data_utils,"functions: _summarise_pair, _write_trades, _write_equity, main",maybe,orchestration helpers can be templated in _shared/templates,160
xs_pairs_30m,_graveyard/xs_pairs_30m/vpvr_xs_pairs_30m_funding_filter_btc_sol_v3_20260712/strategy.py,entry,strategy entry/run script,maybe,entry files are strategy-specific but can inspire templates,370
xs_pairs_30m,_graveyard/xs_pairs_30m/vpvr_xs_pairs_30m_funding_filter_btc_sol_v3_20260712/walk_forward.py,data_utils,"classes: WindowResult; functions: _annualisation_factor, _summarise_trades, _slice_data, _window_metrics, _dsr",yes,data loading/universe/calendar utilities belong in _shared/data,375
xs_pairs_30m,_graveyard/xs_pairs_30m/vpvr_xs_pairs_30m_funding_filter_eth_sol_20260712/data_loader.py,data_utils,"functions: _standardize_columns, _load_30m, _load_15m, _load_funding, load_all",yes,data loading/universe/calendar utilities belong in _shared/data,102
xs_pairs_30m,_graveyard/xs_pairs_30m/vpvr_xs_pairs_30m_funding_filter_eth_sol_20260712/framework_adapter_backtrader.py,anti_pattern,strategy-specific or duplicated code,no,framework adapter duplicated per strategy; framework-specific backtrader coupling; framework-specific freqtrade coupling,756
xs_pairs_30m,_graveyard/xs_pairs_30m/vpvr_xs_pairs_30m_funding_filter_eth_sol_20260712/framework_adapter_freqtrade.py,anti_pattern,strategy-specific or duplicated code,no,framework adapter duplicated per strategy; framework-specific freqtrade coupling,613
xs_pairs_30m,_graveyard/xs_pairs_30m/vpvr_xs_pairs_30m_funding_filter_eth_sol_20260712/run_backtest.py,data_utils,"functions: _summarise_pair, _write_trades, _write_equity, main",maybe,orchestration helpers can be templated in _shared/templates,160
xs_pairs_30m,_graveyard/xs_pairs_30m/vpvr_xs_pairs_30m_funding_filter_eth_sol_20260712/strategy.py,entry,strategy entry/run script,maybe,entry files are strategy-specific but can inspire templates,372
xs_pairs_30m,_graveyard/xs_pairs_30m/vpvr_xs_pairs_30m_funding_filter_eth_sol_20260712/walk_forward.py,data_utils,"classes: WindowResult; functions: _annualisation_factor, _summarise_trades, _slice_data, _window_metrics, _dsr",yes,data loading/universe/calendar utilities belong in _shared/data,375
xs_pairs_30m,_graveyard/xs_pairs_30m/vpvr_xs_pairs_30m_funding_filter_eth_sol_20260717/data_loader.py,data_utils,"functions: _standardize_columns, _load_30m, _load_funding, load_all, load_funding",yes,data loading/universe/calendar utilities belong in _shared/data,63
xs_pairs_30m,_graveyard/xs_pairs_30m/vpvr_xs_pairs_30m_funding_filter_eth_sol_20260717/framework_adapter_backtrader.py,anti_pattern,strategy-specific or duplicated code,no,framework adapter duplicated per strategy; framework-specific backtrader coupling; framework-specific freqtrade coupling,674
xs_pairs_30m,_graveyard/xs_pairs_30m/vpvr_xs_pairs_30m_funding_filter_eth_sol_20260717/framework_adapter_freqtrade.py,anti_pattern,strategy-specific or duplicated code,no,framework adapter duplicated per strategy; framework-specific freqtrade coupling,606
xs_pairs_30m,_graveyard/xs_pairs_30m/vpvr_xs_pairs_30m_funding_filter_eth_sol_20260717/run_backtest.py,data_utils,"functions: _summarise_pair, _write_trades, _write_equity, main",maybe,orchestration helpers can be templated in _shared/templates,160
xs_pairs_30m,_graveyard/xs_pairs_30m/vpvr_xs_pairs_30m_funding_filter_eth_sol_20260717/strategy.py,entry,strategy entry/run script,maybe,entry files are strategy-specific but can inspire templates,376
xs_pairs_30m,_graveyard/xs_pairs_30m/vpvr_xs_pairs_30m_funding_filter_eth_sol_20260717/walk_forward.py,data_utils,"classes: WindowResult; functions: _annualisation_factor, _summarise_trades, _slice_data, _window_metrics, _dsr",yes,data loading/universe/calendar utilities belong in _shared/data,375
xs_pairs_30m,_graveyard/xs_pairs_30m/vpvr_xs_pairs_30m_funding_filter_eth_sol_v5_loose_20260717/data_loader.py,data_utils,"functions: _standardize_columns, _load_30m, _load_funding, load_all, load_funding",yes,data loading/universe/calendar utilities belong in _shared/data,63
xs_pairs_30m,_graveyard/xs_pairs_30m/vpvr_xs_pairs_30m_funding_filter_eth_sol_v5_loose_20260717/framework_adapter_backtrader.py,anti_pattern,strategy-specific or duplicated code,no,framework adapter duplicated per strategy; framework-specific backtrader coupling; framework-specific freqtrade coupling,743
xs_pairs_30m,_graveyard/xs_pairs_30m/vpvr_xs_pairs_30m_funding_filter_eth_sol_v5_loose_20260717/framework_adapter_freqtrade.py,anti_pattern,strategy-specific or duplicated code,no,framework adapter duplicated per strategy; framework-specific freqtrade coupling,632
xs_pairs_30m,_graveyard/xs_pairs_30m/vpvr_xs_pairs_30m_funding_filter_eth_sol_v5_loose_20260717/run_backtest.py,data_utils,"functions: _summarise_pair, _write_trades, _write_equity, main",maybe,orchestration helpers can be templated in _shared/templates,160
xs_pairs_30m,_graveyard/xs_pairs_30m/vpvr_xs_pairs_30m_funding_filter_eth_sol_v5_loose_20260717/strategy.py,entry,strategy entry/run script,maybe,entry files are strategy-specific but can inspire templates,376
xs_pairs_30m,_graveyard/xs_pairs_30m/vpvr_xs_pairs_30m_funding_filter_eth_sol_v5_loose_20260717/walk_forward.py,data_utils,"classes: WindowResult; functions: _annualisation_factor, _summarise_trades, _slice_data, _window_metrics, _dsr",yes,data loading/universe/calendar utilities belong in _shared/data,375
