,h3_baseline,signal_slope_fav_4,signal_adverse_stop_0_7,signal_slope_fav_4_stop_0_7,pairs_cointegration_1d,vpvr_xs_basis_zscore_15m,vpvr_xs_smart_routing_15m
2024-01-01,0.14285714285714285,0.14285714285714285,0.14285714285714285,0.14285714285714285,0.14285714285714285,0.14285714285714285,0.14285714285714285
2024-01-02,0.14285714285714285,0.14285714285714285,0.14285714285714285,0.14285714285714285,0.14285714285714285,0.14285714285714285,0.14285714285714285
2024-01-03,0.14285714285714285,0.14285714285714285,0.14285714285714285,0.14285714285714285,0.14285714285714285,0.14285714285714285,0.14285714285714285
2024-01-04,0.14285714285714285,0.14285714285714285,0.14285714285714285,0.14285714285714285,0.14285714285714285,0.14285714285714285,0.14285714285714285
2024-01-05,0.14285714285714285,0.14285714285714285,0.14285714285714285,0.14285714285714285,0.14285714285714285,0.14285714285714285,0.14285714285714285
2024-01-06,0.14285714285714285,0.14285714285714285,0.14285714285714285,0.14285714285714285,0.14285714285714285,0.14285714285714285,0.14285714285714285
2024-01-07,0.14285714285714285,0.14285714285714285,0.14285714285714285,0.14285714285714285,0.14285714285714285,0.14285714285714285,0.14285714285714285
2024-01-08,0.14285714285714285,0.14285714285714285,0.14285714285714285,0.14285714285714285,0.14285714285714285,0.14285714285714285,0.14285714285714285
2024-01-09,0.14285714285714285,0.14285714285714285,0.14285714285714285,0.14285714285714285,0.14285714285714285,0.14285714285714285,0.14285714285714285
2024-01-10,0.14285714285714285,0.14285714285714285,0.14285714285714285,0.14285714285714285,0.14285714285714285,0.14285714285714285,0.14285714285714285
2024-01-11,0.14285714285714285,0.14285714285714285,0.14285714285714285,0.14285714285714285,0.14285714285714285,0.14285714285714285,0.14285714285714285
2024-01-12,0.14285714285714285,0.14285714285714285,0.14285714285714285,0.14285714285714285,0.14285714285714285,0.14285714285714285,0.14285714285714285
2024-01-13,0.14285714285714285,0.14285714285714285,0.14285714285714285,0.14285714285714285,0.14285714285714285,0.14285714285714285,0.14285714285714285
2024-01-14,0.14285714285714285,0.14285714285714285,0.14285714285714285,0.14285714285714285,0.14285714285714285,0.14285714285714285,0.14285714285714285
2024-01-15,0.14285714285714285,0.14285714285714285,0.14285714285714285,0.14285714285714285,0.14285714285714285,0.14285714285714285,0.14285714285714285
2024-01-16,0.14285714285714285,0.14285714285714285,0.14285714285714285,0.14285714285714285,0.14285714285714285,0.14285714285714285,0.14285714285714285
2024-01-17,0.14285714285714285,0.14285714285714285,0.14285714285714285,0.14285714285714285,0.14285714285714285,0.14285714285714285,0.14285714285714285
2024-01-18,0.14285714285714285,0.14285714285714285,0.14285714285714285,0.14285714285714285,0.14285714285714285,0.14285714285714285,0.14285714285714285
2024-01-19,0.14285714285714285,0.14285714285714285,0.14285714285714285,0.14285714285714285,0.14285714285714285,0.14285714285714285,0.14285714285714285
2024-01-20,0.14285714285714285,0.14285714285714285,0.14285714285714285,0.14285714285714285,0.14285714285714285,0.14285714285714285,0.14285714285714285
2024-01-21,0.14285714285714285,0.14285714285714285,0.14285714285714285,0.14285714285714285,0.14285714285714285,0.14285714285714285,0.14285714285714285
2024-01-22,0.14285714285714285,0.14285714285714285,0.14285714285714285,0.14285714285714285,0.14285714285714285,0.14285714285714285,0.14285714285714285
2024-01-23,0.14285714285714285,0.14285714285714285,0.14285714285714285,0.14285714285714285,0.14285714285714285,0.14285714285714285,0.14285714285714285
2024-01-24,0.14285714285714285,0.14285714285714285,0.14285714285714285,0.14285714285714285,0.14285714285714285,0.14285714285714285,0.14285714285714285
2024-01-25,0.14285714285714285,0.14285714285714285,0.14285714285714285,0.14285714285714285,0.14285714285714285,0.14285714285714285,0.14285714285714285
2024-01-26,0.14285714285714285,0.14285714285714285,0.14285714285714285,0.14285714285714285,0.14285714285714285,0.14285714285714285,0.14285714285714285
2024-01-27,0.14285714285714285,0.14285714285714285,0.14285714285714285,0.14285714285714285,0.14285714285714285,0.14285714285714285,0.14285714285714285
2024-01-28,0.14285714285714285,0.14285714285714285,0.14285714285714285,0.14285714285714285,0.14285714285714285,0.14285714285714285,0.14285714285714285
2024-01-29,0.14285714285714285,0.14285714285714285,0.14285714285714285,0.14285714285714285,0.14285714285714285,0.14285714285714285,0.14285714285714285
2024-01-30,0.14285714285714285,0.14285714285714285,0.14285714285714285,0.14285714285714285,0.14285714285714285,0.14285714285714285,0.14285714285714285
2024-01-31,0.08410294887422073,0.1202529384448756,0.08525154964301594,0.0959090223337796,0.2452108853377328,0.12406177002864258,0.2452108853377328
2024-02-01,0.0860068206113423,0.1100453970197396,0.08674855304159074,0.09710239419912185,0.2467753211912361,0.12654619274573337,0.2467753211912361
2024-02-02,0.08679849142924972,0.11047029243093177,0.08748793790477429,0.09742872961602225,0.24512941761840173,0.12755571338221866,0.24512941761840173
2024-02-03,0.08682765452352921,0.11089669496602045,0.08835644697737727,0.09669710650860194,0.24411396142261946,0.128994174179232,0.24411396142261946
2024-02-04,0.08832493838778972,0.11103928722211012,0.08854208476854869,0.0915605622201872,0.24468382863522456,0.1311654701309151,0.24468382863522456
2024-02-05,0.08845333332194591,0.11140341275910838,0.08942227762982644,0.09084621382598133,0.2437087157978625,0.1324573308674129,0.2437087157978625
2024-02-06,0.08774588943727289,0.11145877531366156,0.08290104560103012,0.09002809032505786,0.2462086579666113,0.13544888338975503,0.2462086579666113
2024-02-07,0.08787451228621612,0.11272240490500166,0.08285651433080746,0.08798650054375425,0.2457830291929629,0.13699400954829474,0.2457830291929629
2024-02-08,0.08760772096398742,0.1120271036230122,0.08355841689770283,0.08877903485771929,0.24492905283199104,0.13816961799359614,0.24492905283199104
2024-02-09,0.08802007258405668,0.1114053293161761,0.08427804046018919,0.08918425801292391,0.24387632456760683,0.13935965049144042,0.24387632456760683
2024-02-10,0.08871577226226944,0.1115240263970203,0.0843189385106912,0.08944154110229596,0.2428268849653826,0.14034595179695783,0.2428268849653826
2024-02-11,0.08887122048661127,0.11141839592310515,0.08468959383320207,0.0901456733327001,0.24179433977434348,0.1412864368756944,0.24179433977434348
2024-02-12,0.08949818974068777,0.11193990554108396,0.08347049034505614,0.09052915541868935,0.24104329320644466,0.14247567254159357,0.24104329320644466
2024-02-13,0.09022861164243788,0.11179037217606591,0.0839854630568029,0.09001461741850428,0.24017759556052623,0.14362574458513652,0.24017759556052623
2024-02-14,0.09034840250691697,0.11247302207187629,0.08451259891591,0.09007162322689266,0.23902153722410052,0.14455127883020302,0.23902153722410052
2024-02-15,0.09126829436903088,0.11361233974531162,0.08168962588597241,0.08990875834183075,0.23876134734089038,0.1459982869760735,0.23876134734089038
2024-02-16,0.0919275399793324,0.11471609652749731,0.08223485970580247,0.08810489338545376,0.23855740299488062,0.14590180441215272,0.23855740299488062
2024-02-17,0.09094074888006769,0.11458978251866951,0.08152547265356073,0.08888407455110299,0.2384586828956565,0.14714255560528602,0.2384586828956565
2024-02-18,0.09158124296945061,0.11549465054132102,0.07954499485500288,0.0891931217659519,0.23791331535330923,0.14835935916165505,0.23791331535330923
2024-02-19,0.09190903504692272,0.11553887894189896,0.08005042319347336,0.08915390450085516,0.23701005235446496,0.14932765360791989,0.23701005235446496
2024-02-20,0.09182902163042787,0.11651334516622736,0.07962389877271876,0.08973978611542616,0.23660918771752093,0.14907557288015802,0.23660918771752093
2024-02-21,0.09185182174399302,0.11724476892717986,0.07875283038222658,0.09023165584144412,0.2359051571347352,0.15010860883568597,0.2359051571347352
2024-02-22,0.0916371768915919,0.11751606796486239,0.07886585583957863,0.09024105106343698,0.2353036557831503,0.15113253667422955,0.2353036557831503
2024-02-23,0.09269764186401415,0.11428957290231337,0.07817864118899165,0.09108288413868504,0.23577574011540955,0.15219977967517678,0.23577574011540955
2024-02-24,0.09317107417094182,0.11459705556931978,0.07847559908227321,0.0913073483538569,0.23477868415590003,0.15289155451180828,0.23477868415590003
2024-02-25,0.09190439118003609,0.11497214961992952,0.07824937707233111,0.09201190623065496,0.2344405544108325,0.15398106707538325,0.2344405544108325
2024-02-26,0.09214269314018682,0.11487338814959532,0.07869006653031493,0.09158155375283632,0.2338617575863683,0.15498878325433005,0.2338617575863683
2024-02-27,0.09270988846899979,0.11541261608020713,0.07916314409147894,0.09094842082187227,0.23325225812128805,0.15526141429486578,0.23325225812128805
2024-02-28,0.0940347016638633,0.11351503348729727,0.07481102572468372,0.09108627712913543,0.23455643329466647,0.1574400954056874,0.23455643329466647
2024-02-29,0.09470853845872623,0.11309970999424204,0.07512193520350914,0.09171333430760026,0.23453769363303287,0.15628109476985663,0.23453769363303287
2024-03-01,0.09528773914648594,0.11249867872862512,0.07510269934683156,0.09223385102362491,0.234018684597284,0.1568396625598644,0.234018684597284
2024-03-02,0.09655753185593384,0.10957526564183173,0.07298704362279881,0.09166828360524287,0.23520615596041758,0.15879956335335751,0.23520615596041758
2024-03-03,0.09706331269477675,0.10996940215293338,0.07292486803511802,0.09133766150369908,0.2345437028629274,0.15961734988761786,0.2345437028629274
2024-03-04,0.09752923868543466,0.1104824253839639,0.07276212071491574,0.09165652240032021,0.23381100916893932,0.15994767447748678,0.23381100916893932
2024-03-05,0.09843153564623099,0.1110910385862941,0.068873061112151,0.09250878535351871,0.23414205619593026,0.16081146690994477,0.23414205619593026
2024-03-06,0.09954885089419396,0.11174349116659524,0.06795935278843719,0.0934666404895215,0.23498947432017114,0.15730271602090984,0.23498947432017114
2024-03-07,0.09974397980800802,0.11162742573996935,0.06833923712079472,0.09310657507452606,0.23452002121109217,0.15814273983451752,0.23452002121109217
2024-03-08,0.10003618173614799,0.11200904685037456,0.0674428692542791,0.09344544866417596,0.23403561806097378,0.15899521737307484,0.23403561806097378
2024-03-09,0.10044122496454104,0.11211225311250406,0.06769777407889499,0.09381295278055052,0.23327367199146926,0.15938845108057084,0.23327367199146926
2024-03-10,0.10087993810303568,0.1119606950381148,0.06733085804932197,0.0933002314802855,0.23306244835894493,0.1604033806113521,0.23306244835894493
2024-03-11,0.10162108282229755,0.11290326868448393,0.06635423507513015,0.09037674665386047,0.23351407836870347,0.16171651002682097,0.23351407836870347
2024-03-12,0.10173439503681471,0.11150258881340692,0.0663996013279124,0.08992939452126071,0.23371365956379683,0.16300670117301166,0.23371365956379683
2024-03-13,0.10224198311414243,0.11037553947899711,0.06663945683853045,0.09038107350931873,0.2332668075543838,0.16382833195024363,0.2332668075543838
2024-03-14,0.10282391103903275,0.10995396452719498,0.06679315833697236,0.09038331412996317,0.23300533084423733,0.16403499027836205,0.23300533084423733
2024-03-15,0.10318704847106792,0.11007231969884147,0.06689760151999463,0.09069037541346654,0.2322654225724504,0.16462180975172871,0.2322654225724504
2024-03-16,0.10373433254176673,0.11079193600720216,0.06691965322248271,0.0897058377955762,0.23225978138721687,0.16432867765853842,0.23225978138721687
2024-03-17,0.09292730374450289,0.11213220667318652,0.06804821430277172,0.09117883189503158,0.23464357709851005,0.16642628918748728,0.23464357709851005
2024-03-18,0.09139787990185128,0.11259146234271877,0.06846089776574427,0.09114177569470736,0.23457854575747664,0.167250892780025,0.23457854575747664
2024-03-19,0.09168094768286789,0.11334640001616798,0.06846603630184116,0.09116450098941319,0.23467977286987865,0.1659825692699525,0.23467977286987865
2024-03-20,0.08850613705999028,0.11488588211836316,0.06880424515810996,0.08816716894735337,0.23726060560381973,0.16511535550854373,0.23726060560381973
2024-03-21,0.0888242229288608,0.11528537962851843,0.0690326757562426,0.0884986010658923,0.23687733646319495,0.164604447694096,0.23687733646319495
2024-03-22,0.08904390662871876,0.11594330181679657,0.06909770857461445,0.0857897135626109,0.23721217230822,0.16570102480081927,0.23721217230822
2024-03-23,0.08856102350298858,0.11613231397354103,0.06875861217366544,0.08635153809401791,0.2373204277839213,0.16555565668794445,0.2373204277839213
2024-03-24,0.08881825411857697,0.11634117661420727,0.06885329103161882,0.0865404208806652,0.23667185925822437,0.16610313883848293,0.23667185925822437
2024-03-25,0.08900019861028216,0.1166544342858975,0.0684652238227493,0.08650724977824824,0.23627843807265722,0.16681601735750842,0.23627843807265722
2024-03-26,0.08922861330328215,0.1155169276736887,0.06860123858563946,0.08693263169235284,0.23604405972796166,0.16763246928911352,0.23604405972796166
2024-03-27,0.08896191040084364,0.11571375237653904,0.06875913733062135,0.08728431489189097,0.2356226270285132,0.16803563094307863,0.2356226270285132
2024-03-28,0.0894732894891011,0.11612226037704099,0.06883458287889262,0.0858640321320492,0.23561305467030494,0.16847972578230616,0.23561305467030494
2024-03-29,0.08922568161597079,0.11656400037787573,0.06902316548543921,0.08574379439694284,0.2351621158892197,0.16911912634533194,0.2351621158892197
2024-03-30,0.08948022433889743,0.11720950585527018,0.0684873058008775,0.0830464526512776,0.23566781682196805,0.17044087770974126,0.23566781682196805
2024-03-31,0.08961352254720104,0.11739406484390191,0.06845534015337437,0.08322403781814845,0.2351723054214283,0.17096842379451768,0.2351723054214283
2024-04-01,0.08996464442601874,0.1175850321054905,0.06876058452502258,0.08254475491386713,0.2352381660112971,0.17066865200700698,0.2352381660112971
2024-04-02,0.09050614414768937,0.11829218514792596,0.06831427513907136,0.08289258401832497,0.23539352600656743,0.16920775953385345,0.23539352600656743
2024-04-03,0.09094034680215779,0.11863868752993713,0.06799364136940284,0.08203255275361361,0.2352477911521242,0.1698991892406402,0.2352477911521242
2024-04-04,0.09128726526126102,0.11908217465676993,0.06735139560523686,0.08196384085286282,0.23488642165983903,0.1705424803041913,0.23488642165983903
2024-04-05,0.09007012904479302,0.1171234833885952,0.06804803316077435,0.08270508430629324,0.23610204735421203,0.16984917539112007,0.23610204735421203
2024-04-06,0.09054218267970382,0.11582477582553892,0.0667497593861805,0.08323675787773446,0.23661987702470197,0.17040677018143832,0.23661987702470197
2024-04-07,0.08922231172525764,0.1148577163551879,0.06710263028214768,0.08375117989430934,0.23687865723369034,0.17130884727571666,0.23687865723369034
2024-04-08,0.08967892155913741,0.11462549506920726,0.0673486479777241,0.08223673354893764,0.23704042167457412,0.17202935849584527,0.23704042167457412
2024-04-09,0.08977576680541087,0.11476411526213841,0.06752607490505429,0.08241603633766935,0.23652039850176557,0.172477209686196,0.23652039850176557
2024-04-10,0.08959532505322666,0.1145760984629292,0.06730867206599697,0.08246903196420742,0.23641614311913284,0.17321858621537417,0.23641614311913284
2024-04-11,0.08950172763557479,0.11483216364552885,0.06751900275245751,0.08271966778609229,0.23597863080352163,0.1734701765733033,0.23597863080352163
2024-04-12,0.08908580309969262,0.11372508012293109,0.06786281683646911,0.08284764177268598,0.2360506438975342,0.17437737037315285,0.2360506438975342
2024-04-13,0.0893451364949366,0.11403559095168134,0.06755751005439724,0.08260930086276354,0.23573221885078696,0.17498802393464724,0.23573221885078696
2024-04-14,0.08991479932356351,0.11421007787494254,0.06797220210554532,0.08267964386633056,0.236101356578862,0.17302056367189408,0.236101356578862
2024-04-15,0.08843449527140966,0.11415914376183381,0.06770079865730354,0.08312451066230318,0.23636874452520018,0.17384356259674943,0.23636874452520018
2024-04-16,0.0870360486831906,0.11474214432198229,0.06735915125625593,0.08342117922468262,0.23650067953732468,0.17444011743923915,0.23650067953732468
2024-04-17,0.08711663993483468,0.11451022460312157,0.06727434777783481,0.08306308597691944,0.2364182823481038,0.17519913701108178,0.2364182823481038
2024-04-18,0.0866454831110782,0.114991074357366,0.06607924305026298,0.08339384474543216,0.23645763081072813,0.17597509311440448,0.23645763081072813
2024-04-19,0.08673527094254642,0.11482467860831416,0.06487646767480974,0.08378921731311385,0.23648884471659848,0.1767966760280188,0.23648884471659848
2024-04-20,0.0869034981862968,0.11346243022449215,0.06420515716078873,0.08323738657178027,0.23757314921376005,0.17704522942912196,0.23757314921376005
2024-04-21,0.0858319028558433,0.1137145280667923,0.0642368996138315,0.08354549535700398,0.23745697504226296,0.177757224022003,0.23745697504226296
2024-04-22,0.08588958805668784,0.11396912213644944,0.06399003485286314,0.08372979356129419,0.23707652449031744,0.17826841241207048,0.23707652449031744
2024-04-23,0.0862187322801818,0.1142081773001248,0.06407753395324813,0.08285846409829496,0.23701750946817954,0.1786020734317913,0.23701750946817954
2024-04-24,0.08640361217135831,0.11309060200740079,0.06426780014890515,0.0831738674069743,0.23689584899259,0.17927242028018137,0.23689584899259
2024-04-25,0.08597519666603606,0.11349238053541258,0.06365248119014687,0.08348165785619459,0.23673715633594933,0.17992397108031122,0.23673715633594933
2024-04-26,0.08623094491521788,0.11366344883452026,0.06343661252810659,0.08364152925171144,0.23641778566405683,0.18019189314233017,0.23641778566405683
2024-04-27,0.08543446289768523,0.11400264637824885,0.06361733870411469,0.08357657517721928,0.23626659807347206,0.18083578069578793,0.23626659807347206
2024-04-28,0.08499452322092936,0.11527450464147382,0.063628377923538,0.08403969605606455,0.2379033304823056,0.176256237193383,0.2379033304823056
2024-04-29,0.08531001148812176,0.11365705482437097,0.06381087242329031,0.08376311903198311,0.2381405708286924,0.17717780057484908,0.2381405708286924
2024-04-30,0.08547706063486077,0.11394915940615873,0.06359132209432891,0.08385447837112557,0.23780810476816483,0.17751176995719636,0.23780810476816483
2024-05-01,0.08574796168027331,0.11366550304592266,0.06330810091545885,0.08416665578594974,0.2377113608318219,0.17768905690875159,0.2377113608318219
2024-05-02,0.08388314989282002,0.11428840050550608,0.06306161464807443,0.0840240871796572,0.2381299577593506,0.17848283225524106,0.2381299577593506
2024-05-03,0.08388526642416086,0.11454212248593101,0.06319719467096063,0.08389214374655175,0.23781652139986506,0.1788502298726656,0.23781652139986506
2024-05-04,0.08272984257605659,0.11365875430715414,0.06325631161237874,0.08419396917983651,0.2381824420047564,0.1797962383150612,0.2381824420047564
2024-05-05,0.08264471325900088,0.11344543296147845,0.06310283654049006,0.08446320731480608,0.2379909554279213,0.1803618990683819,0.2379909554279213
2024-05-06,0.08153947378972777,0.11377059471362957,0.06334815311727152,0.0846735979728284,0.2379712885915044,0.18072560322353395,0.2379712885915044
2024-05-07,0.08149966224480913,0.11264880328994799,0.06348627039080572,0.08467891699351773,0.23808373497274052,0.18151887713543835,0.23808373497274052
2024-05-08,0.0818740380135112,0.11223644049460914,0.06337350016990878,0.08365032001036958,0.23825229015497523,0.18236112100165092,0.23825229015497523
2024-05-09,0.08156111217893097,0.1123219327098647,0.06352233667960802,0.08382391727210398,0.23803212747572805,0.18270644620803628,0.23803212747572805
2024-05-10,0.08156288403812172,0.11212364472738286,0.06350334852589112,0.08399261839347268,0.23781910859700278,0.183179287121126,0.23781910859700278
2024-05-11,0.08144169020271481,0.11232280275940702,0.06360210627914012,0.08410856200959249,0.23749532400391163,0.18353419074132224,0.23749532400391163
2024-05-12,0.08151850655970833,0.11165855564054593,0.06388947939611123,0.08322633466381707,0.2376693759430858,0.1843683718536458,0.2376693759430858
2024-05-13,0.08171306945759008,0.111612116380474,0.06379810974181191,0.08343155927398502,0.23735810892375667,0.18472892729862575,0.23735810892375667
2024-05-14,0.08181005988344082,0.11183946793284945,0.063938012314113,0.08359515330597064,0.23698995295759673,0.18483740064843263,0.23698995295759673
2024-05-15,0.08222892827698433,0.11122462073557295,0.061640747938195004,0.08386765405979517,0.23754710579255392,0.1859438374043447,0.23754710579255392
2024-05-16,0.08248178233847078,0.11099806042135957,0.06160751396659489,0.08365135764763164,0.2374007059403213,0.18645987374530051,0.2374007059403213
2024-05-17,0.08229089157758653,0.11118774963346056,0.06175233283670557,0.08371515096354824,0.23714220625045496,0.1867694624877892,0.23714220625045496
2024-05-18,0.08219121962910801,0.11101824635731557,0.06174717765298884,0.08376174525941286,0.2370332211285817,0.1872151688440113,0.2370332211285817
2024-05-19,0.08243759982670287,0.10897165685217795,0.06169336232935812,0.08416316374957414,0.23731673123884575,0.18810075476449548,0.23731673123884575
2024-05-20,0.08307151843388333,0.10496611157143315,0.06156282035940675,0.08466830310332801,0.23829333413793802,0.1891445782560727,0.23829333413793802
2024-05-21,0.08371306275275749,0.10686022073475283,0.062419648433939906,0.08627093106198715,0.24196705418839962,0.17680202863976338,0.24196705418839962
2024-05-22,0.0835409167243268,0.10676482439997871,0.06194084559858145,0.08643153486030695,0.2419858742874602,0.1773501298418856,0.2419858742874602
2024-05-23,0.08351326789284819,0.10507228552369552,0.06223811955272424,0.08638954767552857,0.24232685755706249,0.17813306424107847,0.24232685755706249
2024-05-24,0.0837308321956716,0.10559284797061447,0.06209911939126158,0.08654192945055693,0.24279408877024103,0.17644709345141335,0.24279408877024103
2024-05-25,0.08398918017414457,0.10563877558451423,0.06211527508971843,0.0858533758839688,0.24271934427540606,0.17696470471684195,0.24271934427540606
2024-05-26,0.08312361019901812,0.1059378594310373,0.06193578976487799,0.08599288431459093,0.2427190085673086,0.17757183915585842,0.2427190085673086
2024-05-27,0.08329657875133714,0.10604105367658541,0.061737290497976056,0.0861513318834334,0.24247429921764474,0.17782514675537867,0.24247429921764474
2024-05-28,0.08347261788648502,0.10627384767721011,0.06176176393609032,0.08596142924486663,0.24219171414665788,0.1781469129620321,0.24219171414665788
2024-05-29,0.08355991469364529,0.10592788468714373,0.06179812397553263,0.08613188339152246,0.2419917246828648,0.17859874388642633,0.2419917246828648
2024-05-30,0.08375852799079261,0.10616872459997015,0.06166785056170636,0.0862914314935049,0.24178018811382018,0.17855308912638557,0.24178018811382018
2024-05-31,0.08394671543139653,0.10641995444376151,0.061376182541732036,0.0861778967949746,0.2415613298940745,0.17895659099998626,0.2415613298940745
2024-06-01,0.08416527226645518,0.10624460349276668,0.06112240876314956,0.08641449945685184,0.24142645813276387,0.17920029975524904,0.24142645813276387
2024-06-02,0.08444070174844513,0.10537218113822582,0.061060979097151954,0.08639916959110018,0.24145907463839286,0.17980881914829128,0.24145907463839286
2024-06-03,0.08467352913276341,0.10559617632305231,0.060956931081019794,0.0865425364846965,0.2413711115718927,0.1794886038346826,0.2413711115718927
2024-06-04,0.08483986407104431,0.10583489603991657,0.06108615222190938,0.0866811565255361,0.24113545317803387,0.17928702478552577,0.24113545317803387
2024-06-05,0.08519371240406577,0.104729207054851,0.06087280221127806,0.08644021707872576,0.2413645649914709,0.1800349312681376,0.2413645649914709
2024-06-06,0.08510124911042724,0.1049079551559339,0.06096146731281867,0.08658060379444989,0.24104226753449606,0.18036418955737818,0.24104226753449606
2024-06-07,0.08535884391047256,0.10475334010896803,0.06098958870625933,0.0859322305905207,0.24103207268753113,0.18090185130871717,0.24103207268753113
2024-06-08,0.08510869669716362,0.10499449497718603,0.0611261361043699,0.08578741556024852,0.24103057345067938,0.18092210975967332,0.24103057345067938
2024-06-09,0.08545220367917258,0.10491192248451148,0.06138399875020297,0.08382306596923461,0.24138148327050385,0.1816658425758708,0.24138148327050385
2024-06-10,0.08556421361559945,0.1047577037453029,0.06150273621117045,0.08398060940163585,0.24109657973886864,0.182001577548554,0.24109657973886864
2024-06-11,0.08558282006948524,0.10480883697834405,0.06162983848243247,0.08385876375226985,0.24090121969145037,0.18231730133456767,0.24090121969145037
2024-06-12,0.08591236056234018,0.10316702079483317,0.06184954567467478,0.0839334738759364,0.2410863101135417,0.18296497886513202,0.2410863101135417
2024-06-13,0.08583458956166985,0.10316911672476788,0.06187980509694442,0.08390043923740134,0.24091273504493696,0.18339057928934252,0.24091273504493696
2024-06-14,0.08590715042120413,0.10306033308436928,0.061989700046546165,0.0838677828051204,0.24069808960922448,0.18377885442431105,0.24069808960922448
2024-06-15,0.08596439350589923,0.10299315180744226,0.06200634954223435,0.0838784038149077,0.24049080145710353,0.18417609841530946,0.24049080145710353
2024-06-16,0.08607270445328405,0.10281050441667311,0.06209198351597047,0.08395518213101279,0.24026722440235757,0.1845351766783445,0.24026722440235757
2024-06-17,0.08538548294382782,0.10301742508161847,0.062241418681816804,0.08390927032708553,0.2402142864539149,0.18501783005782158,0.2402142864539149
2024-06-18,0.08534790584602295,0.10324009397341842,0.06237211359286436,0.08409165035478994,0.24003018467020748,0.18488786689248923,0.24003018467020748
2024-06-19,0.08542845749923578,0.10352757668532411,0.06252941191609847,0.08315125057058076,0.23998975010920903,0.18538380311034267,0.23998975010920903
2024-06-20,0.085535763886814,0.10358546026814658,0.06261863002789927,0.08316490837268056,0.23975612185259781,0.18558299373926396,0.23975612185259781
2024-06-21,0.0856601329454356,0.10366354566124726,0.06269194755890163,0.08319014657791299,0.23947266528405042,0.18584889668840168,0.23947266528405042
2024-06-22,0.08490083640491858,0.10393768447205415,0.0628939464727679,0.08273474507854653,0.2395593684098218,0.18641405075206915,0.2395593684098218
2024-06-23,0.08509260631583543,0.10378056083394492,0.06276926455377928,0.0817724640161771,0.23976255477286984,0.18705999473452362,0.23976255477286984
2024-06-24,0.08529946690584858,0.10345543534666557,0.06287287212278787,0.0816107541717996,0.23966563757354523,0.1874301963058078,0.23966563757354523
2024-06-25,0.08527089594658968,0.10365005547633879,0.06283683581496477,0.0815377323009332,0.23948666318259967,0.18773115409597424,0.23948666318259967
2024-06-26,0.08549811305380663,0.1030300079292883,0.061619086089769584,0.0817500356569441,0.239800310909862,0.18850213545046743,0.239800310909862
2024-06-27,0.08551628317240018,0.10317783595266006,0.06171385257284347,0.0818051328643233,0.23951153978666498,0.18876381586444313,0.23951153978666498
2024-06-28,0.08537271877983878,0.1033626852342677,0.06179875310661802,0.08195137444510674,0.23927268990428496,0.18896908862559883,0.23927268990428496
2024-06-29,0.08558443917432644,0.10360524877126198,0.061883212074504465,0.08209434143202991,0.2392719410166844,0.18828887651450846,0.2392719410166844
2024-06-30,0.08577627586811012,0.10314354727356138,0.06173543275391378,0.08227779000486848,0.2391701468803046,0.18872666033893704,0.2391701468803046
2024-07-01,0.0856733247478527,0.1033155417279666,0.061546163892790974,0.08243636439070307,0.23897269275398367,0.18908321973271922,0.23897269275398367
2024-07-02,0.08564719634909952,0.1034429285276563,0.06164706883741148,0.08250200778510373,0.2387272645778023,0.18930626934512443,0.2387272645778023
2024-07-03,0.08576591971491855,0.10315585124172326,0.06163447341525732,0.08261257243138279,0.2385682778127513,0.18969462757121555,0.2385682778127513
2024-07-04,0.08577632484608745,0.10324585874821345,0.06168694642325218,0.08271865742330353,0.23832144307204503,0.18992932641505333,0.23832144307204503
2024-07-05,0.08603009887893649,0.10264206741688209,0.0618716995448666,0.08293132340914262,0.23839335485247787,0.18973810104521635,0.23839335485247787
2024-07-06,0.08619668008096813,0.10282575956450427,0.06156135283806664,0.08287215127397575,0.2382197258086735,0.19010460462513817,0.2382197258086735
2024-07-07,0.08636077651360181,0.10251148147178382,0.061679283150332866,0.08288294132693483,0.2380474738178351,0.19047056990167652,0.2380474738178351
2024-07-08,0.08660269178957422,0.10222201468615721,0.06077064297106121,0.08290709444434996,0.2382078888462476,0.1910817784163622,0.2382078888462476
2024-07-09,0.08660467731191195,0.10150155579911875,0.060789564625026736,0.0830439135552277,0.23823749880379522,0.1915852911011245,0.23823749880379522
2024-07-10,0.08663332349712626,0.10081722250532077,0.06077783475317911,0.08286261840856758,0.23847317792170683,0.1919626449923926,0.23847317792170683
2024-07-11,0.0867940335654655,0.10101758169234616,0.060902777524732776,0.08249968122623111,0.23834254623561113,0.19210083352000212,0.23834254623561113
2024-07-12,0.0869006321231206,0.10111547243665372,0.06098363441481351,0.08253616744885121,0.23805460000468845,0.19235489356718394,0.23805460000468845
2024-07-13,0.08706279667599055,0.10059427815215859,0.06097044814499059,0.08270545447235692,0.2379499980586091,0.19276702643728502,0.2379499980586091
2024-07-14,0.08679316777948823,0.10044819437605138,0.060979060434502984,0.08274513574301806,0.23790511154688082,0.1932242185731777,0.23790511154688082
2024-07-15,0.08693938383820068,0.10038298255797254,0.060996576960099504,0.08278177519934328,0.23772152101796123,0.1934562394084614,0.23772152101796123
2024-07-16,0.08712079479168613,0.10045239630627159,0.060804898034890684,0.08253870151196178,0.23762973449961522,0.19382374035595942,0.23762973449961522
2024-07-17,0.08724835202364566,0.10062029796074345,0.06014114531845598,0.08270821064622023,0.23752768866166488,0.194226616727605,0.23752768866166488
2024-07-18,0.0871684891033826,0.10081196028250114,0.0601315493397371,0.08253129852942957,0.23738190887825808,0.19459288498843336,0.23738190887825808
2024-07-19,0.0873059868692077,0.10099041567597011,0.059905559295721104,0.08265555952362581,0.2372204894374571,0.194701499760561,0.2372204894374571
2024-07-20,0.08715356363944726,0.10110975735844412,0.0599290267568674,0.08278647325792593,0.23701239643517127,0.19499638611697268,0.23701239643517127
2024-07-21,0.0873552170478253,0.10072848589499649,0.06003552528860078,0.08239904439179876,0.23708838363034915,0.1953049601160803,0.23708838363034915
2024-07-22,0.08740650848272281,0.10100337270916065,0.05996254410476433,0.0818587559551605,0.23715856173181515,0.1954516952845614,0.23715856173181515
2024-07-23,0.08747464365048334,0.10103425406955702,0.06005581976297354,0.08198541244834527,0.23698026361007185,0.19548934284849706,0.23698026361007185
2024-07-24,0.08719103605946563,0.10013419030129685,0.05999962571673267,0.08219954751789484,0.23733495189510906,0.19580569661439196,0.23733495189510906
2024-07-25,0.08723925517498529,0.10027711680508568,0.05999491204369225,0.08221295888365575,0.23709645742588167,0.19608284224081768,0.23709645742588167
2024-07-26,0.08698246357744582,0.10026697169764794,0.060111430382967006,0.08221375085135739,0.23698314530058934,0.1964590928894031,0.23698314530058934
2024-07-27,0.08714709606921171,0.10006633527855013,0.06000270252477394,0.08225123807975089,0.23695765413581865,0.19661731977607608,0.23695765413581865
2024-07-28,0.08719038359322485,0.10002230043401701,0.06007662458922887,0.08239125091025573,0.2367935866254915,0.1967322672222905,0.2367935866254915
2024-07-29,0.08704377258480157,0.10017926718800352,0.05986572892759969,0.08251585930149044,0.23666123823256746,0.19707289553296972,0.23666123823256746
2024-07-30,0.08718533463246107,0.10009214032247933,0.05997883324510878,0.0823210081675404,0.2365498204158739,0.19732304280066262,0.2365498204158739
2024-07-31,0.08719870058825396,0.09977250447741595,0.06008285717858223,0.08246639449654483,0.23640984290224115,0.19765985745472073,0.23640984290224115
2024-08-01,0.08700226575440559,0.09991472379887682,0.06016862513969035,0.08258363000383413,0.23619438670691456,0.19794198188936396,0.23619438670691456
2024-08-02,0.08692589806124572,0.09999425422498111,0.06025115217819248,0.08268397878812495,0.23596563220444677,0.19821345233856225,0.23596563220444677
2024-08-03,0.08696815659960909,0.100160701436059,0.06019098564996849,0.08256813373546446,0.23586379163598103,0.19838443930693683,0.23586379163598103
2024-08-04,0.08659869936237166,0.10005761555569467,0.06014158399950957,0.08268876672888734,0.23584515178682602,0.19882303077988475,0.23584515178682602
2024-08-05,0.08611326491713178,0.10026019111139883,0.059698982066774785,0.08275073055921818,0.23601235587184866,0.199152119601779,0.23601235587184866
2024-08-06,0.0872757103189932,0.10105219342486142,0.06034908261000295,0.0838569298414686,0.23865510181389923,0.19015588017687526,0.23865510181389923
2024-08-07,0.08722281890628547,0.10118473902099744,0.060419248920215725,0.08389613029963931,0.23843211346504542,0.19041283592277122,0.23843211346504542
2024-08-08,0.08731572135161188,0.1012838522604393,0.06024640955249871,0.0837887200148292,0.23842687236437166,0.19051155209187765,0.23842687236437166
2024-08-09,0.08745416980821039,0.10143478373495356,0.0603265309866277,0.08391958051212574,0.2382655307532232,0.19033387345163622,0.2382655307532232
2024-08-10,0.08754807980399384,0.10163191643920548,0.060366128213606075,0.08338498060208371,0.23824478737409643,0.1905793201929181,0.23824478737409643
2024-08-11,0.08747965864242563,0.10184292250679873,0.060450790293607205,0.08276072686276721,0.2382350254011607,0.19099585089207974,0.2382350254011607
2024-08-12,0.08743859515051074,0.10175764409761329,0.060333334821619594,0.08259725309352844,0.2382620607873716,0.19134905126198476,0.2382620607873716
2024-08-13,0.08749121791141158,0.10189187387842592,0.060413535849004926,0.08256333837865804,0.23805736972779465,0.19152529452691025,0.23805736972779465
2024-08-14,0.08754319574093884,0.10199922266821171,0.06039806909026043,0.08264535814534225,0.23782970100585452,0.19175475234353764,0.23782970100585452
2024-08-15,0.08762334180137035,0.1005411507720042,0.060598759997773664,0.08212706002411375,0.238286289141021,0.19253710912269598,0.238286289141021
2024-08-16,0.0878500094949582,0.09980282264329193,0.060701733800087955,0.08203696644791186,0.23838714289641522,0.1928341818209196,0.23838714289641522
2024-08-17,0.08795052700064118,0.0997390681740939,0.060776445025546876,0.08212763367808508,0.23816512142614024,0.1930760832693524,0.23816512142614024
2024-08-18,0.08803837286773361,0.09986184243465074,0.06081747976867482,0.08196677581092654,0.23798467620561461,0.19334617670678503,0.23798467620561461
2024-08-19,0.08819428196422568,0.09950983260936712,0.06083432974187172,0.0820653960665232,0.23796084824511304,0.19347446312778618,0.23796084824511304
2024-08-20,0.08824267530645026,0.09954494099116085,0.060899160822758626,0.08214681946771271,0.2377317972410461,0.1937028089298254,0.2377317972410461
2024-08-21,0.088367530547663,0.09966023531884809,0.06064952680924688,0.08218892653815271,0.2375729915703656,0.19398779764535806,0.2375729915703656
2024-08-22,0.08846312128827848,0.09943087188601217,0.0607545149140788,0.08231424883717081,0.23748707113683634,0.19406310080078706,0.23748707113683634
2024-08-23,0.08848374589940713,0.09942760186923415,0.060811584949265224,0.08240661602275105,0.23728505014004225,0.194300350979258,0.23728505014004225
2024-08-24,0.08851902516635922,0.09944905148585682,0.06088750126984142,0.08245078350658293,0.23707850784270712,0.19453662288594545,0.23707850784270712
2024-08-25,0.08860098918427431,0.0985840948019247,0.06096121800628018,0.08249762579106862,0.23728302345716523,0.19479002530212175,0.23728302345716523
2024-08-26,0.08865918120351839,0.09869329229385287,0.06103088850689853,0.08257074806975158,0.2370554719388675,0.1949349460482436,0.2370554719388675
2024-08-27,0.08894735631558244,0.09876304162983206,0.0601629610279758,0.08181151897467832,0.2373641795098129,0.19558676303230557,0.2373641795098129
2024-08-28,0.08870945027277699,0.09895605286129876,0.06012854565081742,0.08189868530404791,0.23747524680287627,0.19535677230530638,0.23747524680287627
2024-08-29,0.0888344216123326,0.09894290506794741,0.06022645411955436,0.0817112453170921,0.2373692831660475,0.19554640755097843,0.2373692831660475
2024-08-30,0.08888446037186963,0.09906171576599518,0.060246167167731124,0.08170034344562503,0.23716395170843763,0.19577940983190376,0.23716395170843763
2024-08-31,0.08908096755261886,0.09854964119330792,0.06028841684094563,0.08171457307837729,0.2372016083773034,0.1959631845801434,0.2372016083773034
2024-09-01,0.08918393349019224,0.09822103967369414,0.060326616759539736,0.08184089907346334,0.23710458928813186,0.19621833242684697,0.23710458928813186
2024-09-02,0.08938113801631761,0.0972950316295462,0.060236768425728116,0.08203140575858459,0.2371863751102206,0.1966829059493823,0.2371863751102206
2024-09-03,0.08954414801288688,0.09711506339731205,0.06001287895658667,0.0820162478992155,0.23714007575776033,0.19703151021847823,0.23714007575776033
2024-09-04,0.08966114839342328,0.09700005379276873,0.059955372089110365,0.08210056675099447,0.23699407683331167,0.19729470530707977,0.23699407683331167
2024-09-05,0.089803607412028,0.09636428217617068,0.059958255599178514,0.08220989092202734,0.23700051432328997,0.19766293524401551,0.23700051432328997
2024-09-06,0.09005763091030941,0.09471224276309717,0.06005695354212544,0.08245448457125243,0.23724439551352255,0.19822989718617037,0.23724439551352255
2024-09-07,0.09015587039609023,0.09456109871848922,0.0601330617952034,0.08256028516189878,0.23707342886223295,0.19844282620385237,0.23707342886223295
2024-09-08,0.09028275951754004,0.09467234114488324,0.05978306720395386,0.08267608104512268,0.236933701429203,0.19871834823009418,0.236933701429203
2024-09-09,0.09039641179495636,0.09482940745875358,0.0595092071180676,0.0823726341953428,0.23693739885818763,0.19901754171650443,0.23693739885818763
2024-09-10,0.09044171853656104,0.09439038741222205,0.05959662381686371,0.08252145825307118,0.23704557853234925,0.19895865491658338,0.23704557853234925
2024-09-11,0.0905366735016886,0.09431681033754631,0.059668227611490765,0.0825868093258879,0.23686388439293185,0.19916371043752273,0.23686388439293185
2024-09-12,0.09050846530965749,0.09444764162971057,0.0597230351646186,0.08251395102883319,0.23674794018599324,0.19931102649519375,0.23674794018599324
2024-09-13,0.09062272748544078,0.09447101512404556,0.059822770624422664,0.08212278447169907,0.2366982219546707,0.1995642583850505,0.2366982219546707
2024-09-14,0.09060963032078412,0.09455956586456463,0.05989700551365734,0.0819426306377326,0.23657774897207226,0.19983566971911673,0.23657774897207226
2024-09-15,0.0907197372079912,0.09465347573902363,0.059834608736339216,0.08188998983135891,0.23641198872040572,0.2000782110444755,0.23641198872040572
2024-09-16,0.09100249308680054,0.09496097338350154,0.05998060659664193,0.08211255884184089,0.2367260890148114,0.1984911900615922,0.2367260890148114
2024-09-17,0.09114881066926966,0.09474480311467624,0.05997980962491457,0.08215300646016623,0.23665412248172832,0.19866532516751675,0.23665412248172832
2024-09-18,0.091317887880433,0.09491754959239235,0.05994115382655574,0.08216832182216126,0.23664980707418995,0.19835547273007784,0.23664980707418995
2024-09-19,0.09142255775535589,0.09501709332759035,0.059928268499603074,0.08226091506153783,0.23647007887678478,0.19843100760234342,0.23647007887678478
2024-09-20,0.09137709508079554,0.09511516077825662,0.05999052799165138,0.08235885366272347,0.23630459122321046,0.19854918004015207,0.23630459122321046
2024-09-21,0.0909920963453391,0.09527291516101384,0.06011761109139084,0.08243311511617543,0.23638075721390428,0.1984227478582722,0.23638075721390428
2024-09-22,0.0910374105673049,0.09537426738846075,0.0601969707292216,0.08255253417880004,0.23632565082983362,0.19818751547654548,0.23632565082983362
2024-09-23,0.09116982998745912,0.09528403445758482,0.060105273998871174,0.08248829826058503,0.23623585132648858,0.1984808606425228,0.23623585132648858
2024-09-24,0.09126127058649534,0.09538973370329076,0.060152907242782556,0.08234365355156538,0.2360750083358145,0.198702418244237,0.2360750083358145
2024-09-25,0.09131021957973937,0.09545718472723484,0.06018099596734835,0.08239465429963837,0.2358806718191177,0.19889560178780366,0.2358806718191177
2024-09-26,0.0914174078116145,0.09556739232654379,0.06008101175423323,0.08237396635401338,0.23571825897837706,0.19912370379684086,0.23571825897837706
2024-09-27,0.09147741731238888,0.09565499170904894,0.06013289011880327,0.0824348262187397,0.23549788472705854,0.19930410518690214,0.23549788472705854
2024-09-28,0.09157276117795826,0.09566893606768256,0.060165554590491666,0.08252703044992218,0.23533323502554473,0.19939924766285583,0.23533323502554473
2024-09-29,0.09163442683547415,0.09574714713059,0.060129232745966495,0.08255576914617373,0.23515836170850632,0.19961670072478288,0.23515836170850632
2024-09-30,0.09154682500241047,0.09588119661766942,0.06021316062984597,0.08264838766106163,0.2350574288737604,0.19959557234149164,0.2350574288737604
2024-10-01,0.09173619346035503,0.09514565846663187,0.060208868815674374,0.08276923387233942,0.23511607451148564,0.19990789636202805,0.23511607451148564
2024-10-02,0.09185480026319129,0.09480914091476615,0.06004727753666146,0.0828864656540022,0.23513859973610968,0.20012511615915954,0.23513859973610968
2024-10-03,0.09191259384390972,0.09488961852439619,0.060119812669158904,0.0829867993120771,0.23499635601087832,0.2000984636287015,0.23499635601087832
2024-10-04,0.09200287728067176,0.09487564743208853,0.060159870138134695,0.08306010222418855,0.2348033372074963,0.20029482850992383,0.2348033372074963
2024-10-05,0.09214351869333849,0.09480701508025793,0.059889346076811914,0.08318537836988535,0.23478467065707134,0.20040540046556365,0.23478467065707134
2024-10-06,0.09224793367782229,0.09462997703141782,0.05992815979954931,0.08323056603836071,0.23465633770864847,0.200650688035553,0.23465633770864847
2024-10-07,0.09234233588883807,0.09471078664034457,0.059827667576069714,0.08330470168868569,0.23447846678273074,0.20085757464060044,0.23447846678273074
2024-10-08,0.09245845292676658,0.09477946086361862,0.05990289266476168,0.08307178860200996,0.234356049546762,0.20107530584931918,0.234356049546762
2024-10-09,0.09263393766461564,0.09439756261432522,0.05980367631191851,0.08295602960296738,0.23441463442827162,0.20137952494963002,0.23441463442827162
2024-10-10,0.09271552417533373,0.09434492971728492,0.059656073540085536,0.08304041957297069,0.2343098079377791,0.2016234371187669,0.2343098079377791
2024-10-11,0.09277646018118718,0.09445516955932284,0.0596907769136669,0.08255929042043676,0.23428181045893004,0.20195468200752614,0.23428181045893004
2024-10-12,0.09276493680986675,0.09434944298167511,0.05976554754025212,0.08259654800664044,0.23416463292887135,0.20219425880382302,0.23416463292887135
2024-10-13,0.09282791682027654,0.09439782303678099,0.05980628545595623,0.0826705592210241,0.2339663173668371,0.20236478073228795,0.2339663173668371
2024-10-14,0.09290339390802133,0.09446781443962285,0.05983184298983063,0.08270025896206337,0.23377317526663322,0.20255033916719542,0.23377317526663322
2024-10-15,0.09298425811681248,0.0945821097122493,0.059609350309707376,0.08276095878704287,0.23365269309742148,0.20275793687934507,0.23365269309742148
2024-10-16,0.09318527808699797,0.09477372990056394,0.05914620610982319,0.0829076440503108,0.23375266588286994,0.20248181008656418,0.23375266588286994
2024-10-17,0.09314791481311586,0.09487662487213076,0.05909131744879258,0.0829704415992402,0.23360500410451987,0.2027036930576809,0.23360500410451987
2024-10-18,0.09326543134441416,0.09500610225450279,0.0586729694399202,0.08299045224925708,0.2335441552202643,0.2029767342713772,0.2335441552202643
2024-10-19,0.09331205885010471,0.09508458984332102,0.05872065887426179,0.08306226640218298,0.2333528750623548,0.20311467590541998,0.2333528750623548
2024-10-20,0.09338636278236218,0.09479838713500277,0.05875899918287085,0.08300555323062599,0.23331275922368347,0.20342517922177134,0.23331275922368347
2024-10-21,0.09356567849479978,0.09387364521315289,0.058798833858471615,0.08317146161778882,0.23360013892895964,0.20339010295786752,0.23360013892895964
2024-10-22,0.09355541643604993,0.09395616920438196,0.05880575711400559,0.08324620006716561,0.23342714371652185,0.20358216974535323,0.23342714371652185
2024-10-23,0.09351844600794638,0.09404912261647233,0.05883340393564819,0.08328099048248863,0.2332838527476747,0.20375033146209504,0.2332838527476747
2024-10-24,0.09327235917900266,0.09415733087881868,0.058864414194243396,0.08331442795923227,0.23320903357666348,0.20397340063537597,0.23320903357666348
2024-10-25,0.09323069609265397,0.09424278438373686,0.05875778946424655,0.08340797861238905,0.23308015149553682,0.2042004484558999,0.23308015149553682
2024-10-26,0.0932791380933509,0.09387372392775578,0.05886394655691508,0.08323255221530156,0.2331117367623195,0.2045271656820377,0.2331117367623195
2024-10-27,0.09327910042861211,0.09393880529200128,0.05891232176046467,0.08331045247979177,0.23294576395825067,0.2046677921226288,0.23294576395825067
2024-10-28,0.09334987584396108,0.09351279954797785,0.05898492814526546,0.08340201122594738,0.232894014662998,0.20496235591085216,0.232894014662998
2024-10-29,0.09350806582067098,0.09327600024312158,0.058826229354058075,0.08336990234138689,0.23290847031067646,0.2052028616194095,0.23290847031067646
2024-10-30,0.0934728327403985,0.09325518338704011,0.058878894017408055,0.0833084623273063,0.23283011211343332,0.20542440330098044,0.23283011211343332
2024-10-31,0.09356103275965004,0.09333357425484091,0.05874520746590395,0.08337802217119977,0.2326793915191644,0.20562338031007657,0.2326793915191644
2024-11-01,0.09354164167201547,0.09344944556767869,0.05863153461482331,0.0833260452950745,0.2325862635447219,0.20587880576096418,0.2325862635447219
2024-11-02,0.09363719674579471,0.09337105177679464,0.058638322798677076,0.08333978535288232,0.23245989309964174,0.2060938571265679,0.23245989309964174
2024-11-03,0.0935495747697227,0.09346908223476931,0.05848309666870681,0.08343104991665072,0.2323619877109447,0.20634322098826108,0.2323619877109447
2024-11-04,0.09361486473080682,0.0932819834516487,0.05850524702126371,0.08354414466797493,0.23230025883880676,0.20645324245069227,0.23230025883880676
2024-11-05,0.09370788052485729,0.09334170908561824,0.05858324717673326,0.08332653535881238,0.23223886312502634,0.2065629016039261,0.23223886312502634
2024-11-06,0.09387340428182947,0.09296830488962415,0.05868662433612151,0.08320943722450674,0.232274113930456,0.2067140014070062,0.232274113930456
2024-11-07,0.09406820417624942,0.09291392242671324,0.058776713689422555,0.08334610917292802,0.23238474753688598,0.2061255554609148,0.23238474753688598
2024-11-08,0.09431737704576247,0.09312327638473915,0.058930569604926826,0.08355405045323683,0.2326268678181965,0.20482099087494177,0.2326268678181965
2024-11-09,0.09427368798115662,0.0927490870459933,0.058918483227728406,0.08367256662617607,0.2326390469839589,0.2051080811510278,0.2326390469839589
2024-11-10,0.09435832043277745,0.09279717515931236,0.058971356645449606,0.08370589992217982,0.23247682301627587,0.20521360180772905,0.23247682301627587
2024-11-11,0.09447217784743034,0.09283752876831655,0.05900011905300952,0.0838255786618991,0.23250786622094757,0.20484886322744936,0.23250786622094757
2024-11-12,0.0941338674808415,0.09307116271958851,0.05895513738825951,0.0837807398627858,0.23275700693377938,0.2045450786809659,0.23275700693377938
2024-11-13,0.09403420204533447,0.09339254142277872,0.05897853120215246,0.08401122235583133,0.23319490951139743,0.2031936839511081,0.23319490951139743
2024-11-14,0.09409932496633881,0.09345729752293319,0.058751020128983464,0.08392573779320954,0.23318390523964877,0.20339880910923747,0.23318390523964877
2024-11-15,0.09400055031568369,0.09344507531739178,0.05859559905697103,0.08379858811156898,0.2332115150661214,0.20373715706614168,0.2332115150661214
2024-11-16,0.09413614922413964,0.09337691710281977,0.05827254971510504,0.08390396919596521,0.23323960722937725,0.203831200303216,0.23323960722937725
2024-11-17,0.09400428809760854,0.0933816509308791,0.05827749632348009,0.08396979941490026,0.23315352229758762,0.2040597206379567,0.23315352229758762
2024-11-18,0.09353802476997344,0.09350256885755633,0.05835470050866436,0.08405988834135815,0.23310526392342265,0.20433428967560252,0.23310526392342265
2024-11-19,0.09331526576393556,0.09342953849554829,0.05822294049557281,0.08405835401000887,0.233144234693398,0.20468543184813842,0.233144234693398
2024-11-20,0.09338763666521277,0.09344717426663539,0.05826813476547168,0.08411129377927608,0.23306792701673146,0.20464990648994114,0.23306792701673146
2024-11-21,0.0933180021078712,0.09308284185797243,0.0582889740211579,0.08411521186074207,0.23316823742183812,0.20485849530858008,0.23316823742183812
2024-11-22,0.09342827947764262,0.09310743075679875,0.05827741054270671,0.08404491121269966,0.2330913509248301,0.20495926616049195,0.2330913509248301
2024-11-23,0.09317727158159572,0.0929448949194693,0.05836690928711843,0.08425668741143301,0.23332160878198635,0.20461101923641084,0.23332160878198635
2024-11-24,0.09315752903302221,0.0931081769336578,0.05834772221219982,0.08437122609679336,0.23337635598652393,0.204262633751279,0.23337635598652393
2024-11-25,0.09319796022037409,0.09310347908286815,0.058167850131908026,0.08434937013602502,0.23355386366618258,0.2040736130964595,0.23355386366618258
2024-11-26,0.09313507906181051,0.09316679406308621,0.05813971091734989,0.08435374232487029,0.23346131772922094,0.20428203817444113,0.23346131772922094
2024-11-27,0.09320293272358082,0.09291327987339186,0.05820215418970905,0.0844286584282276,0.23339816291942103,0.20445664894624851,0.23339816291942103
2024-11-28,0.09303092995407047,0.09294789444469716,0.05826499703584848,0.08451020169186688,0.23329849545490697,0.20464898596370312,0.23329849545490697
2024-11-29,0.09305724061924933,0.09297201986204424,0.058319212624293126,0.08438616011334946,0.23319835298193514,0.20486866081719363,0.23319835298193514
2024-11-30,0.09312211888794063,0.0929022135759733,0.058340635515424656,0.08445101105600632,0.23307289264611447,0.2050382356724262,0.23307289264611447
2024-12-01,0.09308865449031331,0.09306818569377467,0.05843626343524987,0.08460211035370545,0.23314129415979012,0.20452219770737648,0.23314129415979012
2024-12-02,0.09319774258302743,0.09295653039575914,0.058507405040548556,0.08456739307759513,0.2330853466314721,0.2046002356401255,0.2330853466314721
2024-12-03,0.09312171560179461,0.0929817642118081,0.05853354039023689,0.08463300832995177,0.2329711701897709,0.20478763108666678,0.2329711701897709
2024-12-04,0.09315284616548114,0.09304743244537582,0.05849885924778931,0.08466864382128435,0.2328328055612003,0.20496660719766874,0.2328328055612003
2024-12-05,0.0932143303942296,0.0929443583539145,0.05840888748180338,0.08476730162669431,0.23276572644182814,0.20513366925970206,0.23276572644182814
2024-12-06,0.09315280964899789,0.09311064731763316,0.05853670988026953,0.08497356673330722,0.23298903695756568,0.20424819250466072,0.23298903695756568
2024-12-07,0.09308011250381482,0.09259338428338607,0.058031366319034126,0.08495263499071218,0.23335559442857232,0.20463131304590818,0.23335559442857232
2024-12-08,0.09308088888914606,0.09264925483195013,0.05807393161123931,0.08501830208042106,0.23319430654610102,0.2047890094950414,0.23319430654610102
2024-12-09,0.09312086886828722,0.09273133441392281,0.0581247863226883,0.08496607310584595,0.23306338524628853,0.20493016679667866,0.23306338524628853
2024-12-10,0.09333723252118514,0.09297602084990275,0.058129830160558255,0.08518048242261606,0.23340914694929588,0.20355814014714604,0.23340914694929588
2024-12-11,0.09351760673723218,0.09277555151599363,0.05825255081684924,0.08466798158582658,0.23357996277034185,0.20362638380341466,0.23357996277034185
2024-12-12,0.09360429855419175,0.09227129127589168,0.05832842477314431,0.08477624519372078,0.23355870832865544,0.20390232354574056,0.23355870832865544
2024-12-13,0.09371290992421688,0.09234079688535832,0.05838992416123911,0.08478315780237254,0.233521423633622,0.20373036395956912,0.233521423633622
2024-12-14,0.09377513106289302,0.09240816025565694,0.05845339581414293,0.08477259883692531,0.2334940710432495,0.2036025719438828,0.2334940710432495
2024-12-15,0.09336318326607815,0.09223580620029166,0.0583387658538961,0.0847804347444991,0.23363554019814264,0.20401072953894964,0.23363554019814264
2024-12-16,0.09343737563730987,0.09201870698777409,0.05836076743506572,0.08482111870345799,0.23357797566269298,0.20420607991100642,0.23357797566269298
2024-12-17,0.0934909130032105,0.0920807335430179,0.0583155705205207,0.08488518386487597,0.23345655115803213,0.2043144967523106,0.23345655115803213
2024-12-18,0.09338390186144303,0.09210398160002904,0.05802064767615832,0.08498127546580866,0.23345600655503218,0.20459818028649657,0.23345600655503218
2024-12-19,0.09320002579399671,0.09217967170204142,0.058014562972896144,0.08501229388714188,0.23343105848663917,0.20473132867064558,0.23343105848663917
2024-12-20,0.093063440963211,0.09217675763410488,0.05806447118132101,0.08506205115507304,0.2333443944525314,0.20494449016122723,0.2333443944525314
2024-12-21,0.09304040490240664,0.0922429202329373,0.05814810811112433,0.08524601382123051,0.2336086313841409,0.2041052901640195,0.2336086313841409
2024-12-22,0.09158813114513126,0.09246004593297821,0.05828178467608544,0.08538563057824262,0.23385069001192776,0.2045830276437068,0.23385069001192776
2024-12-23,0.09154607203883208,0.09255772307509157,0.058224644580259104,0.0852842812882466,0.23379106315464554,0.20480515270827956,0.23379106315464554
2024-12-24,0.09148577889193636,0.09262674944861832,0.058220248187379406,0.08535779240725269,0.23366651434449404,0.2049764023758252,0.23366651434449404
2024-12-25,0.09157533371731708,0.09261416818486295,0.05814061652658004,0.08539197696155275,0.2335762869126575,0.20512533078437206,0.2335762869126575
2024-12-26,0.09152295370711577,0.09273478449419574,0.058057450022654555,0.08525781603346709,0.23356241789549484,0.20530215995157708,0.23356241789549484
2024-12-27,0.09117790915547502,0.09284760833018467,0.05803363243677348,0.08536276053886392,0.23352992808305867,0.2055182333725855,0.23352992808305867
2024-12-28,0.09115942506380761,0.0929012805696731,0.05807926081985702,0.08540967472718297,0.23339805814662454,0.20565424252623016,0.23339805814662454
2024-12-29,0.09103776410488865,0.09286743650878707,0.05806312652547996,0.08542567124390549,0.23335974010337746,0.205886521410184,0.23335974010337746
2024-12-30,0.09114447759877907,0.09281743806770236,0.05812986796406835,0.08547778091967301,0.23331352406291553,0.2058033873239463,0.23331352406291553
2024-12-31,0.09117990621738516,0.09289771755114021,0.058123228505442937,0.0855446557104785,0.23320009680833387,0.20585429839888547,0.23320009680833387
