bar,equity
0,100000.000000
1,100000.000000
2,100000.000000
3,100000.000000
4,100000.000000
5,100000.000000
6,100000.000000
7,100000.000000
8,100000.000000
9,100000.000000
10,100000.000000
11,100000.000000
12,100000.000000
13,100000.000000
14,100000.000000
15,100000.000000
16,100000.000000
17,100000.000000
18,100000.000000
19,100000.000000
20,100000.000000
21,100000.000000
22,100000.000000
23,100000.000000
24,100000.000000
25,100000.000000
26,100000.000000
27,100000.000000
28,100000.000000
29,100000.000000
30,100000.000000
31,100000.000000
32,100000.000000
33,100000.000000
34,100000.000000
35,100000.000000
36,100000.000000
37,100000.000000
38,100000.000000
39,100000.000000
40,100000.000000
41,100000.000000
42,100000.000000
43,100000.000000
44,100000.000000
45,100000.000000
46,100000.000000
47,100000.000000
48,100000.000000
49,100000.000000
50,100000.000000
51,100000.000000
52,100000.000000
53,100000.000000
54,100000.000000
55,100000.000000
56,100000.000000
57,100000.000000
58,100000.000000
59,100000.000000
60,100000.000000
61,100000.000000
62,100000.000000
63,100000.000000
64,100000.000000
65,100000.000000
66,100000.000000
67,100000.000000
68,100000.000000
69,100000.000000
70,100000.000000
71,100000.000000
72,100000.000000
73,100000.000000
74,100000.000000
75,100000.000000
76,100000.000000
77,100000.000000
78,100000.000000
79,100000.000000
80,100000.000000
81,100000.000000
82,100000.000000
83,100000.000000
84,100000.000000
85,100000.000000
86,100000.000000
87,100000.000000
88,100000.000000
89,100000.000000
90,100000.000000
91,100000.000000
92,100000.000000
93,100000.000000
94,100000.000000
95,100000.000000
96,100000.000000
97,100000.000000
98,100000.000000
99,100000.000000
100,100000.000000
101,100000.000000
102,100000.000000
103,100000.000000
104,100000.000000
105,100000.000000
106,100000.000000
107,100000.000000
108,100000.000000
109,100000.000000
110,100000.000000
111,100000.000000
112,100000.000000
113,100000.000000
114,100000.000000
115,100000.000000
116,100000.000000
117,100000.000000
118,100000.000000
119,100000.000000
120,100000.000000
121,100000.000000
122,100000.000000
123,100000.000000
124,100000.000000
125,100000.000000
126,100000.000000
127,100000.000000
128,100000.000000
129,100000.000000
130,100000.000000
131,100000.000000
132,100000.000000
133,100000.000000
134,100000.000000
135,100000.000000
136,100000.000000
137,100000.000000
138,100000.000000
139,100000.000000
140,100000.000000
141,100000.000000
142,100000.000000
143,100000.000000
144,100000.000000
145,100000.000000
146,100000.000000
147,100000.000000
148,100000.000000
149,100000.000000
150,100000.000000
151,100000.000000
152,100000.000000
153,100000.000000
154,100000.000000
155,100000.000000
156,100000.000000
157,100000.000000
158,100000.000000
159,100000.000000
160,100000.000000
161,100000.000000
162,100000.000000
163,100000.000000
164,100000.000000
165,100000.000000
166,100000.000000
167,100000.000000
168,100000.000000
169,100000.000000
170,100000.000000
171,100000.000000
172,100000.000000
173,100000.000000
174,100000.000000
175,100000.000000
176,100000.000000
177,100000.000000
178,100000.000000
179,100000.000000
180,100000.000000
181,100000.000000
182,100000.000000
183,100000.000000
184,100000.000000
185,100000.000000
186,100000.000000
187,100000.000000
188,100000.000000
189,100000.000000
190,100000.000000
191,100000.000000
192,100000.000000
193,100000.000000
194,100000.000000
195,100000.000000
196,100000.000000
197,100000.000000
198,100000.000000
199,100000.000000
200,100000.000000
201,100000.000000
202,100000.000000
203,100000.000000
204,100000.000000
205,100000.000000
206,100000.000000
207,100000.000000
208,98947.080003
209,98007.001399
210,99236.435751
211,99053.579579
212,98436.859290
213,98896.517494
214,98838.318704
215,96384.282054
216,99109.594547
217,98577.008792
218,99193.533037
219,96992.395579
220,98498.013077
221,100266.190716
222,101355.391246
223,103564.272260
224,103561.835454
225,103561.835454
226,103561.835454
227,103561.835454
228,103561.835454
229,103561.835454
230,103561.835454
231,103561.835454
232,103561.835454
233,103561.835454
234,103561.835454
235,103561.835454
236,103561.835454
237,103561.835454
238,103561.835454
239,103561.835454
240,103561.835454
241,103561.835454
242,103561.835454
243,103561.835454
244,103561.835454
245,103561.835454
246,103561.835454
247,103561.835454
248,103561.835454
249,103561.835454
250,103561.835454
251,103561.835454
252,103561.835454
253,103561.835454
254,103561.835454
255,103561.835454
256,103561.835454
257,103561.835454
258,103561.835454
259,103561.835454
260,103561.835454
261,103561.835454
262,103561.835454
263,103561.835454
264,103561.835454
265,103561.835454
266,103561.835454
267,103561.835454
268,103561.835454
269,103561.835454
270,103561.835454
271,103561.835454
272,103561.835454
273,103561.835454
274,103561.835454
275,103561.835454
276,103561.835454
277,103561.835454
278,103561.835454
279,103561.835454
280,103561.835454
281,103561.835454
282,103561.835454
283,103561.835454
284,103561.835454
285,103561.835454
286,103561.835454
287,103561.835454
288,103561.835454
289,103561.835454
290,103561.835454
291,103561.835454
292,103561.835454
293,100742.610732
294,101277.468353
295,101250.218353
296,102786.809511
297,102288.084735
298,102677.323801
299,100995.296149
300,100215.780754
301,100211.326719
302,100211.326719
303,100211.326719
304,100211.326719
305,100211.326719
306,100211.326719
307,100211.326719
308,100211.326719
309,100211.326719
310,100211.326719
311,100211.326719
312,100211.326719
313,100211.326719
314,100211.326719
315,100211.326719
316,100211.326719
317,100211.326719
318,100211.326719
319,100211.326719
320,100211.326719
321,100211.326719
322,100211.326719
323,100211.326719
324,100211.326719
325,100211.326719
326,100211.326719
327,100211.326719
328,100211.326719
329,100211.326719
330,100211.326719
331,100211.326719
332,100211.326719
333,100211.326719
334,100211.326719
335,100211.326719
336,100211.326719
337,100211.326719
338,100211.326719
339,100211.326719
340,100211.326719
341,100211.326719
342,100211.326719
343,100211.326719
344,100211.326719
345,100211.326719
346,100211.326719
347,100211.326719
348,100211.326719
349,100211.326719
350,100211.326719
351,100211.326719
352,100211.326719
353,100211.326719
354,100211.326719
355,100211.326719
356,100211.326719
357,100211.326719
358,100211.326719
359,100211.326719
360,100211.326719
361,100211.326719
362,100211.326719
363,100211.326719
364,100211.326719
365,100211.326719
366,100211.326719
367,100211.326719
368,100211.326719
369,100211.326719
370,100211.326719
371,100211.326719
372,100211.326719
373,100211.326719
374,100211.326719
375,100211.326719
376,100211.326719
377,100211.326719
378,100211.326719
379,100211.326719
380,100211.326719
381,100211.326719
382,100211.326719
383,100211.326719
384,100211.326719
385,100211.326719
386,100211.326719
387,100211.326719
388,100211.326719
389,100211.326719
390,100211.326719
391,100211.326719
392,100211.326719
393,100211.326719
394,100211.326719
395,100211.326719
396,100211.326719
397,100211.326719
398,100211.326719
399,100211.326719
400,100211.326719
401,100211.326719
402,100211.326719
403,100211.326719
404,100211.326719
405,100211.326719
406,100211.326719
407,100211.326719
408,100211.326719
409,100211.326719
410,100211.326719
411,100211.326719
412,100211.326719
413,100211.326719
414,100211.326719
415,100211.326719
416,100211.326719
417,100211.326719
418,100211.326719
419,100211.326719
420,100211.326719
421,100211.326719
422,100211.326719
423,100211.326719
424,100211.326719
425,100211.326719
426,100211.326719
427,100211.326719
428,100211.326719
429,100211.326719
430,100211.326719
431,100211.326719
432,100211.326719
433,100211.326719
434,100211.326719
435,100211.326719
436,100211.326719
437,100211.326719
438,100211.326719
439,100211.326719
440,100211.326719
441,100211.326719
442,100211.326719
443,100211.326719
444,100211.326719
445,100211.326719
446,100211.326719
447,100211.326719
448,100211.326719
449,100211.326719
450,100211.326719
451,100211.326719
452,100211.326719
453,100211.326719
454,100211.326719
455,100211.326719
456,100211.326719
457,100211.326719
458,100211.326719
459,100211.326719
460,100211.326719
461,100211.326719
462,100211.326719
463,100211.326719
464,100211.326719
465,100211.326719
466,100211.326719
467,100211.326719
468,100211.326719
469,100211.326719
470,100211.326719
471,100211.326719
472,100211.326719
473,100211.326719
474,100211.326719
475,100211.326719
476,100211.326719
477,100211.326719
478,100211.326719
479,100211.326719
480,100211.326719
481,100211.326719
482,100211.326719
483,100211.326719
484,100211.326719
485,100211.326719
486,100211.326719
487,100211.326719
488,100211.326719
489,100211.326719
490,100211.326719
491,100211.326719
492,100211.326719
493,100211.326719
494,100211.326719
495,100211.326719
496,100211.326719
497,100211.326719
498,100211.326719
499,100211.326719
500,100211.326719
501,100211.326719
502,100211.326719
503,100211.326719
504,100211.326719
505,100211.326719
506,100211.326719
507,100211.326719
508,100211.326719
509,100211.326719
510,100211.326719
511,100211.326719
512,100211.326719
513,100211.326719
514,100211.326719
515,100211.326719
516,100211.326719
517,100211.326719
518,100211.326719
519,100211.326719
520,100211.326719
521,100211.326719
522,100211.326719
523,100211.326719
524,100211.326719
525,100211.326719
526,100211.326719
527,100211.326719
528,100211.326719
529,100211.326719
530,100211.326719
531,100211.326719
532,100211.326719
533,100211.326719
534,100211.326719
535,100211.326719
536,100211.326719
537,100211.326719
538,100211.326719
539,100211.326719
540,100211.326719
541,100211.326719
542,100211.326719
543,100211.326719
544,99265.857066
545,99537.775512
546,97873.767440
547,98886.817419
548,100210.746863
549,100204.066146
550,100204.066146
551,100204.066146
552,100204.066146
553,100204.066146
554,100204.066146
555,100204.066146
556,100204.066146
557,100204.066146
558,100204.066146
559,100204.066146
560,100204.066146
561,100204.066146
562,100204.066146
563,100204.066146
564,100204.066146
565,100204.066146
566,100204.066146
567,100204.066146
568,100204.066146
569,100204.066146
570,100204.066146
571,100204.066146
572,100204.066146
573,100204.066146
574,100204.066146
575,100204.066146
576,100204.066146
577,100204.066146
578,100204.066146
579,100204.066146
580,100204.066146
581,100204.066146
582,100204.066146
583,100204.066146
584,100204.066146
585,100204.066146
586,100204.066146
587,100204.066146
588,100204.066146
589,100204.066146
590,100204.066146
591,100204.066146
592,100204.066146
593,100204.066146
594,100204.066146
595,100204.066146
596,100204.066146
597,100204.066146
598,100204.066146
599,100204.066146
600,100204.066146
601,100204.066146
602,100204.066146
603,100204.066146
604,100204.066146
605,100204.066146
606,100204.066146
607,100204.066146
608,100204.066146
609,100204.066146
610,100204.066146
611,100204.066146
612,100204.066146
613,100204.066146
614,100204.066146
615,100204.066146
616,100204.066146
617,100204.066146
618,100204.066146
619,100204.066146
620,100204.066146
621,100204.066146
622,100204.066146
623,100204.066146
624,100204.066146
625,100204.066146
626,100204.066146
627,100204.066146
628,100204.066146
629,100204.066146
630,100204.066146
631,100204.066146
632,100204.066146
633,100204.066146
634,100204.066146
635,100204.066146
636,100204.066146
637,100204.066146
638,100204.066146
639,100204.066146
640,100204.066146
641,100204.066146
642,100204.066146
643,100204.066146
644,100204.066146
645,100204.066146
646,100204.066146
647,100204.066146
648,100204.066146
649,100204.066146
650,100204.066146
651,100204.066146
652,100204.066146
653,100204.066146
654,100204.066146
655,100204.066146
656,100204.066146
657,100204.066146
658,100204.066146
659,100204.066146
660,100204.066146
661,100204.066146
662,100204.066146
663,100204.066146
664,100204.066146
665,100204.066146
666,100204.066146
667,100204.066146
668,100204.066146
669,100204.066146
670,100204.066146
671,100204.066146
672,100204.066146
673,100204.066146
674,100204.066146
675,100204.066146
676,100204.066146
677,100204.066146
678,100204.066146
679,100204.066146
680,100204.066146
681,100204.066146
682,100204.066146
683,100204.066146
684,100204.066146
685,100204.066146
686,100204.066146
687,100204.066146
688,100204.066146
689,100204.066146
690,100204.066146
691,100204.066146
692,100204.066146
693,100204.066146
694,100204.066146
695,100204.066146
696,100204.066146
697,100204.066146
698,100204.066146
699,100204.066146
700,100204.066146
701,100204.066146
702,100204.066146
703,100204.066146
704,100204.066146
705,100204.066146
706,100204.066146
707,100204.066146
708,100204.066146
709,100204.066146
710,100204.066146
711,100204.066146
712,100204.066146
713,100204.066146
714,100204.066146
715,100204.066146
716,100204.066146
717,100204.066146
718,100204.066146
719,100204.066146
720,100204.066146
721,100204.066146
722,100204.066146
723,100204.066146
724,100204.066146
725,100204.066146
726,100204.066146
727,100204.066146
728,100204.066146
729,100204.066146
730,100755.944253
731,97454.568804
732,96955.514061
733,94397.835128
734,97908.683005
735,99835.562606
736,99550.779191
737,99545.801652
738,99545.801652
739,99545.801652
740,99545.801652
741,99545.801652
742,99545.801652
743,99545.801652
744,99545.801652
745,99545.801652
746,99545.801652
747,99545.801652
748,99545.801652
749,99545.801652
750,99545.801652
751,99545.801652
752,99545.801652
753,99545.801652
754,99545.801652
755,99545.801652
756,99545.801652
757,99545.801652
758,99545.801652
759,99545.801652
760,99545.801652
761,99545.801652
762,99545.801652
763,99545.801652
764,99545.801652
765,99545.801652
766,99545.801652
767,99545.801652
768,99545.801652
769,99545.801652
770,99545.801652
771,99545.801652
772,99545.801652
773,99545.801652
774,99545.801652
775,99545.801652
776,99545.801652
777,99545.801652
778,99545.801652
779,99545.801652
780,99545.801652
781,99545.801652
782,99545.801652
783,99545.801652
784,99545.801652
785,99545.801652
786,99545.801652
787,99545.801652
788,99545.801652
789,99545.801652
790,99545.801652
791,99545.801652
792,99545.801652
793,99545.801652
794,99545.801652
795,99545.801652
796,99545.801652
797,99545.801652
798,99545.801652
799,99545.801652
800,99545.801652
801,99545.801652
802,99545.801652
803,99545.801652
804,99545.801652
805,99545.801652
806,99545.801652
807,99545.801652
808,99545.801652
809,99545.801652
810,99545.801652
811,99545.801652
812,99545.801652
813,99545.801652
814,99545.801652
815,99545.801652
816,99545.801652
817,99545.801652
818,99545.801652
819,99545.801652
820,99545.801652
821,99545.801652
822,99545.801652
823,99545.801652
824,99545.801652
825,99545.801652
826,99545.801652
827,99545.801652
828,99545.801652
829,99545.801652
830,99545.801652
831,99545.801652
832,99545.801652
833,99545.801652
834,99545.801652
835,99545.801652
836,99545.801652
837,99545.801652
838,99545.801652
839,99545.801652
840,99545.801652
841,99073.524788
842,98399.680412
843,98346.586727
844,99211.041857
845,98958.217066
846,98468.213262
847,97830.665650
848,96460.054050
849,96455.766937
850,96455.766937
851,96455.766937
852,96455.766937
853,96455.766937
854,96455.766937
855,96455.766937
856,96455.766937
857,96455.766937
858,96455.766937
859,96455.766937
860,96455.766937
861,96455.766937
862,96455.766937
863,96455.766937
864,96455.766937
865,96455.766937
866,96455.766937
867,96455.766937
868,96455.766937
869,96455.766937
870,96455.766937
871,96455.766937
872,96455.766937
873,96455.766937
874,96455.766937
875,96455.766937
876,96455.766937
877,96455.766937
878,96455.766937
879,96455.766937
880,96455.766937
881,96455.766937
882,96455.766937
883,96455.766937
884,96455.766937
885,96455.766937
886,96455.766937
887,96455.766937
888,96455.766937
889,96455.766937
890,96455.766937
891,96455.766937
892,96455.766937
893,96455.766937
894,96455.766937
895,96455.766937
896,96455.766937
897,96455.766937
898,96455.766937
899,96455.766937
900,96455.766937
901,96455.766937
902,96455.766937
903,96455.766937
904,96455.766937
905,96455.766937
906,96455.766937
907,96455.766937
908,96455.766937
909,96455.766937
910,96455.766937
911,96455.766937
912,96455.766937
913,96455.766937
914,96455.766937
915,95603.546206
916,95211.914866
917,92746.577170
918,94318.504911
919,94222.994576
920,94216.713044
921,94216.713044
922,94216.713044
923,94216.713044
924,94216.713044
925,94216.713044
926,94216.713044
927,94216.713044
928,94216.713044
929,94216.713044
930,94216.713044
931,94216.713044
932,94216.713044
933,94216.713044
934,94216.713044
935,94216.713044
936,94216.713044
937,94216.713044
938,94216.713044
939,94216.713044
940,94216.713044
941,94216.713044
942,94216.713044
943,94216.713044
944,94216.713044
945,94216.713044
946,94216.713044
947,94216.713044
948,94216.713044
949,95675.175569
950,96432.736159
951,93381.963458
952,94469.698876
953,94462.141300
954,94462.141300
955,94462.141300
956,94462.141300
957,94462.141300
958,94462.141300
959,94462.141300
960,94462.141300
961,94462.141300
962,94462.141300
963,94462.141300
964,94462.141300
965,94462.141300
966,94462.141300
967,94462.141300
968,94462.141300
969,94462.141300
970,94462.141300
971,94462.141300
972,94462.141300
973,94462.141300
974,94462.141300
975,94462.141300
976,94462.141300
977,94462.141300
978,94462.141300
979,94462.141300
980,94462.141300
981,94462.141300
982,94462.141300
983,94462.141300
984,94462.141300
985,94462.141300
986,94462.141300
987,94462.141300
988,94462.141300
989,94462.141300
990,94462.141300
991,94462.141300
992,94462.141300
993,94462.141300
994,94462.141300
995,94462.141300
996,94462.141300
997,94462.141300
998,94462.141300
999,94462.141300
1000,94462.141300
1001,94462.141300
1002,94462.141300
1003,94462.141300
1004,94462.141300
1005,94462.141300
1006,94462.141300
1007,94462.141300
1008,94462.141300
1009,94462.141300
1010,94462.141300
1011,94462.141300
1012,94462.141300
1013,94462.141300
1014,94462.141300
1015,94462.141300
1016,94462.141300
1017,94462.141300
1018,94462.141300
1019,94462.141300
1020,94462.141300
1021,94462.141300
1022,94462.141300
1023,94462.141300
1024,94462.141300
1025,94462.141300
1026,94462.141300
1027,94462.141300
1028,94462.141300
1029,94462.141300
1030,94462.141300
1031,94462.141300
1032,94462.141300
1033,94462.141300
1034,94462.141300
1035,94462.141300
1036,94462.141300
1037,94462.141300
1038,94462.141300
1039,94462.141300
1040,94462.141300
1041,94462.141300
1042,94462.141300
1043,94462.141300
1044,94462.141300
1045,94462.141300
1046,94462.141300
1047,94462.141300
1048,94462.141300
1049,94462.141300
1050,94462.141300
1051,94462.141300
1052,94462.141300
1053,94462.141300
1054,94462.141300
1055,94462.141300
1056,94462.141300
1057,94462.141300
1058,94462.141300
1059,94462.141300
1060,94462.141300
1061,94462.141300
1062,94462.141300
1063,94462.141300
1064,94462.141300
1065,94462.141300
1066,94462.141300
1067,94462.141300
1068,94462.141300
1069,94462.141300
1070,94462.141300
1071,94462.141300
1072,94462.141300
1073,94462.141300
1074,94462.141300
1075,94462.141300
1076,94462.141300
1077,94462.141300
1078,94462.141300
1079,94462.141300
1080,94462.141300
1081,94462.141300
1082,94462.141300
1083,94462.141300
1084,94462.141300
1085,94462.141300
1086,94462.141300
1087,94462.141300
1088,94462.141300
1089,94462.141300
1090,94462.141300
1091,94462.141300
1092,94462.141300
1093,94462.141300
1094,94462.141300
1095,94462.141300
1096,94462.141300
1097,94462.141300
1098,94462.141300
1099,94462.141300
1100,94462.141300
1101,94462.141300
1102,94462.141300
1103,94462.141300
1104,94462.141300
1105,94462.141300
1106,94462.141300
1107,94462.141300
1108,94462.141300
1109,94462.141300
1110,94462.141300
1111,94462.141300
1112,94462.141300
1113,94462.141300
1114,94462.141300
1115,94462.141300
1116,94462.141300
1117,94462.141300
1118,94462.141300
1119,94462.141300
1120,94462.141300
1121,94462.141300
1122,94462.141300
1123,94462.141300
1124,94462.141300
1125,94462.141300
1126,94462.141300
1127,94462.141300
1128,94462.141300
1129,94462.141300
1130,94462.141300
1131,94462.141300
1132,94462.141300
1133,94462.141300
1134,94462.141300
1135,94462.141300
1136,94462.141300
1137,94462.141300
1138,94462.141300
1139,94462.141300
1140,94462.141300
1141,94462.141300
1142,94462.141300
1143,94462.141300
1144,94462.141300
1145,94462.141300
1146,94462.141300
1147,94462.141300
1148,94462.141300
1149,94462.141300
1150,94462.141300
1151,94462.141300
1152,94462.141300
1153,94462.141300
1154,94462.141300
1155,94462.141300
1156,94462.141300
1157,94462.141300
1158,94462.141300
1159,94462.141300
1160,94462.141300
1161,94462.141300
1162,94462.141300
1163,94462.141300
1164,94462.141300
1165,94462.141300
1166,94462.141300
1167,94462.141300
1168,94462.141300
1169,94462.141300
1170,94462.141300
1171,94462.141300
1172,94462.141300
1173,94462.141300
1174,94462.141300
1175,94462.141300
1176,94462.141300
1177,94462.141300
1178,94462.141300
1179,94462.141300
1180,94462.141300
1181,94462.141300
1182,94462.141300
1183,94462.141300
1184,94462.141300
1185,94462.141300
1186,94462.141300
1187,94462.141300
1188,94462.141300
1189,94462.141300
1190,94462.141300
1191,94462.141300
1192,94462.141300
1193,94462.141300
1194,94462.141300
1195,94462.141300
1196,94462.141300
1197,94462.141300
1198,94462.141300
1199,94462.141300
1200,94462.141300
1201,94462.141300
1202,94462.141300
1203,94462.141300
1204,94462.141300
1205,94462.141300
1206,94462.141300
1207,94462.141300
1208,94462.141300
1209,94462.141300
1210,94462.141300
1211,94462.141300
1212,94462.141300
1213,94462.141300
1214,94462.141300
1215,94462.141300
1216,94462.141300
1217,94462.141300
1218,94462.141300
1219,94462.141300
1220,94462.141300
1221,94462.141300
1222,94462.141300
1223,94462.141300
1224,94462.141300
1225,94462.141300
1226,94462.141300
1227,94462.141300
1228,94462.141300
1229,94462.141300
1230,94462.141300
1231,94462.141300
1232,94462.141300
1233,94462.141300
1234,94462.141300
1235,94462.141300
1236,94462.141300
1237,94462.141300
1238,94462.141300
1239,94462.141300
1240,94462.141300
1241,94462.141300
1242,94462.141300
1243,94462.141300
1244,94462.141300
1245,94462.141300
1246,94462.141300
1247,94462.141300
1248,94462.141300
1249,94462.141300
1250,94462.141300
1251,94462.141300
1252,94462.141300
1253,94462.141300
1254,94462.141300
1255,94462.141300
1256,94462.141300
1257,94462.141300
1258,94462.141300
1259,94462.141300
1260,94462.141300
1261,94462.141300
1262,94462.141300
1263,94462.141300
1264,94462.141300
1265,94462.141300
1266,94462.141300
1267,94462.141300
1268,94462.141300
1269,94462.141300
1270,94462.141300
1271,94462.141300
1272,94462.141300
1273,94462.141300
1274,94462.141300
1275,94462.141300
1276,94462.141300
1277,94462.141300
1278,94462.141300
1279,94462.141300
1280,94462.141300
1281,94462.141300
1282,94462.141300
1283,94462.141300
1284,94462.141300
1285,94462.141300
1286,94462.141300
1287,94462.141300
1288,94462.141300
1289,94462.141300
1290,94462.141300
1291,94462.141300
1292,94462.141300
1293,94462.141300
1294,94462.141300
1295,94462.141300
1296,94462.141300
1297,94462.141300
1298,94462.141300
1299,94462.141300
1300,94462.141300
1301,94462.141300
1302,94462.141300
1303,94462.141300
1304,94462.141300
1305,94462.141300
1306,94462.141300
1307,94462.141300
1308,94462.141300
1309,94462.141300
1310,94462.141300
1311,94462.141300
1312,94462.141300
1313,94462.141300
1314,94462.141300
1315,94462.141300
1316,94462.141300
1317,94462.141300
1318,94462.141300
1319,94462.141300
1320,94462.141300
1321,94462.141300
1322,94462.141300
1323,94462.141300
1324,94462.141300
1325,94462.141300
1326,94462.141300
1327,94462.141300
1328,94462.141300
1329,94462.141300
1330,94462.141300
1331,94462.141300
1332,94462.141300
1333,94462.141300
1334,94462.141300
1335,94462.141300
1336,94462.141300
1337,94462.141300
1338,94462.141300
1339,94462.141300
1340,94462.141300
1341,94462.141300
1342,94462.141300
1343,94462.141300
1344,94462.141300
1345,94462.141300
1346,94462.141300
1347,94462.141300
1348,94462.141300
1349,94462.141300
1350,94462.141300
1351,94462.141300
1352,94462.141300
1353,94462.141300
1354,94462.141300
1355,94462.141300
1356,94462.141300
1357,94462.141300
1358,94462.141300
1359,94462.141300
1360,94462.141300
1361,94462.141300
1362,94462.141300
1363,94462.141300
1364,94462.141300
1365,94462.141300
1366,94462.141300
1367,94462.141300
1368,94462.141300
1369,94462.141300
1370,94462.141300
1371,94462.141300
1372,94462.141300
1373,94462.141300
1374,94462.141300
1375,94462.141300
1376,94462.141300
1377,94462.141300
1378,94462.141300
1379,94462.141300
1380,94462.141300
1381,94462.141300
1382,94462.141300
1383,94462.141300
1384,94462.141300
1385,94462.141300
1386,94462.141300
1387,94462.141300
1388,94462.141300
1389,94462.141300
1390,94462.141300
1391,94462.141300
1392,94462.141300
1393,94462.141300
1394,94462.141300
1395,94462.141300
1396,94462.141300
1397,94462.141300
1398,94462.141300
1399,94462.141300
1400,94462.141300
1401,94462.141300
1402,94462.141300
1403,94462.141300
1404,94462.141300
1405,94462.141300
1406,94462.141300
1407,94462.141300
1408,94462.141300
1409,94462.141300
1410,94462.141300
1411,94462.141300
1412,94462.141300
1413,94462.141300
1414,94462.141300
1415,94462.141300
1416,94462.141300
1417,94462.141300
1418,94462.141300
1419,94462.141300
1420,94462.141300
1421,94462.141300
1422,94462.141300
1423,94462.141300
1424,94462.141300
1425,94462.141300
1426,94462.141300
1427,94462.141300
1428,94462.141300
1429,94462.141300
1430,94462.141300
1431,94462.141300
1432,94462.141300
1433,94462.141300
1434,94462.141300
1435,94462.141300
1436,94462.141300
1437,94462.141300
1438,94462.141300
1439,94462.141300
1440,94462.141300
1441,94462.141300
1442,94462.141300
1443,94462.141300
1444,94462.141300
1445,94462.141300
1446,94462.141300
1447,94462.141300
1448,94462.141300
1449,94462.141300
1450,94462.141300
1451,94462.141300
1452,94462.141300
1453,94462.141300
1454,94462.141300
1455,94462.141300
1456,94462.141300
1457,94462.141300
1458,94462.141300
1459,94462.141300
1460,94462.141300
1461,94462.141300
1462,94462.141300
1463,94462.141300
1464,94462.141300
1465,94462.141300
1466,94462.141300
1467,94462.141300
1468,94462.141300
1469,94462.141300
1470,94462.141300
1471,94462.141300
1472,94462.141300
1473,94462.141300
1474,94462.141300
1475,94462.141300
1476,94462.141300
1477,94462.141300
1478,94462.141300
1479,94462.141300
1480,94462.141300
1481,94462.141300
1482,94462.141300
1483,94462.141300
1484,94462.141300
1485,94462.141300
1486,94462.141300
1487,94462.141300
1488,94462.141300
1489,94462.141300
1490,94462.141300
1491,94462.141300
1492,94462.141300
1493,94462.141300
1494,94462.141300
1495,94462.141300
1496,94462.141300
1497,94462.141300
1498,94462.141300
1499,94462.141300
1500,94462.141300
1501,94462.141300
1502,94462.141300
1503,94462.141300
1504,94462.141300
1505,94462.141300
1506,94462.141300
1507,94462.141300
1508,94462.141300
1509,94462.141300
1510,94462.141300
1511,94462.141300
1512,94462.141300
1513,94462.141300
1514,94462.141300
1515,94462.141300
1516,94462.141300
1517,94462.141300
1518,94462.141300
1519,94462.141300
1520,94462.141300
1521,94462.141300
1522,94462.141300
1523,94462.141300
1524,94462.141300
1525,94462.141300
1526,94462.141300
1527,94462.141300
1528,94462.141300
1529,94462.141300
1530,94462.141300
1531,94462.141300
1532,94462.141300
1533,94462.141300
1534,94462.141300
1535,94462.141300
1536,94462.141300
1537,94462.141300
1538,94462.141300
1539,94462.141300
1540,94462.141300
1541,94462.141300
1542,94462.141300
1543,94462.141300
1544,94462.141300
1545,94462.141300
1546,94462.141300
1547,94462.141300
1548,94462.141300
1549,94462.141300
1550,94462.141300
1551,94462.141300
1552,94462.141300
1553,94462.141300
1554,94462.141300
1555,94462.141300
1556,94462.141300
1557,94462.141300
1558,94462.141300
1559,94462.141300
1560,94462.141300
1561,94462.141300
1562,94462.141300
1563,94462.141300
1564,94462.141300
1565,94462.141300
1566,94462.141300
1567,94462.141300
1568,94462.141300
1569,94462.141300
1570,94462.141300
1571,94462.141300
1572,94462.141300
1573,94462.141300
1574,94462.141300
1575,94462.141300
1576,94462.141300
1577,94462.141300
1578,94462.141300
1579,94462.141300
1580,94462.141300
1581,94462.141300
1582,94462.141300
1583,94462.141300
1584,94462.141300
1585,94462.141300
1586,94462.141300
1587,94462.141300
1588,94462.141300
1589,94462.141300
1590,94462.141300
1591,94462.141300
1592,94462.141300
1593,94462.141300
1594,94462.141300
1595,94462.141300
1596,94462.141300
1597,94462.141300
1598,94462.141300
1599,94462.141300
1600,94462.141300
1601,94462.141300
1602,94462.141300
1603,94462.141300
1604,94462.141300
1605,94462.141300
1606,94462.141300
1607,94462.141300
1608,94462.141300
1609,94462.141300
1610,94462.141300
1611,94462.141300
1612,94462.141300
1613,94462.141300
1614,94462.141300
1615,94462.141300
1616,94462.141300
1617,94462.141300
1618,94462.141300
1619,94462.141300
1620,94462.141300
1621,94462.141300
1622,94462.141300
1623,94462.141300
1624,94462.141300
1625,94462.141300
1626,94462.141300
1627,94462.141300
1628,94462.141300
1629,94462.141300
1630,94462.141300
1631,94462.141300
1632,94462.141300
1633,94462.141300
1634,94462.141300
1635,94462.141300
1636,94462.141300
1637,94462.141300
1638,94462.141300
1639,94462.141300
1640,94462.141300
1641,94462.141300
1642,94462.141300
1643,94462.141300
1644,94462.141300
1645,94462.141300
1646,94462.141300
1647,94462.141300
1648,94462.141300
1649,94462.141300
1650,94462.141300
1651,94462.141300
1652,94462.141300
1653,94462.141300
1654,94462.141300
1655,94462.141300
1656,94462.141300
1657,95241.696575
1658,95169.554386
1659,95156.865112
1660,95156.865112
1661,95156.865112
1662,95156.865112
1663,95156.865112
1664,95156.865112
1665,95156.865112
1666,95156.865112
1667,95156.865112
1668,95156.865112
1669,95156.865112
1670,95156.865112
1671,95156.865112
1672,95156.865112
1673,95156.865112
1674,95156.865112
1675,95156.865112
1676,95156.865112
1677,95156.865112
1678,95156.865112
1679,95156.865112
1680,95156.865112
1681,95156.865112
1682,95156.865112
1683,95156.865112
1684,95156.865112
1685,95156.865112
1686,95156.865112
1687,95156.865112
1688,95156.865112
1689,95156.865112
1690,95156.865112
1691,95156.865112
1692,95156.865112
1693,95156.865112
1694,95156.865112
1695,95156.865112
1696,95156.865112
1697,95156.865112
1698,95156.865112
1699,95156.865112
1700,95156.865112
1701,95156.865112
1702,95156.865112
1703,95156.865112
1704,95156.865112
1705,95156.865112
1706,95156.865112
1707,95156.865112
1708,95156.865112
1709,95156.865112
1710,95156.865112
1711,95156.865112
1712,95156.865112
1713,95156.865112
1714,95156.865112
1715,95156.865112
1716,95156.865112
1717,95156.865112
1718,95156.865112
1719,95156.865112
1720,95156.865112
1721,95156.865112
1722,95156.865112
1723,95156.865112
1724,95156.865112
1725,95156.865112
1726,95156.865112
1727,95156.865112
1728,95156.865112
1729,95156.865112
1730,95156.865112
1731,95156.865112
1732,95156.865112
1733,95156.865112
1734,95156.865112
1735,95156.865112
1736,95156.865112
1737,95156.865112
1738,95156.865112
1739,95156.865112
1740,95156.865112
1741,95156.865112
1742,95156.865112
1743,95156.865112
1744,95156.865112
1745,95156.865112
1746,95156.865112
1747,95156.865112
1748,95156.865112
1749,95156.865112
1750,95156.865112
1751,95156.865112
1752,95156.865112
1753,95156.865112
1754,95156.865112
1755,95156.865112
1756,95156.865112
1757,95156.865112
1758,95156.865112
1759,95156.865112
1760,95156.865112
1761,95156.865112
1762,95156.865112
1763,95156.865112
1764,95156.865112
1765,95156.865112
1766,95156.865112
1767,95156.865112
1768,95156.865112
1769,95156.865112
1770,95156.865112
1771,95156.865112
1772,95156.865112
1773,95156.865112
1774,95156.865112
1775,95156.865112
1776,95156.865112
1777,95156.865112
1778,95156.865112
1779,95156.865112
1780,95156.865112
1781,95156.865112
1782,95156.865112
1783,95156.865112
1784,95156.865112
1785,95156.865112
1786,95156.865112
1787,95156.865112
1788,95156.865112
1789,95156.865112
1790,95156.865112
1791,94395.881192
1792,93583.995800
1793,93571.517934
1794,93571.517934
1795,93571.517934
1796,93571.517934
1797,93571.517934
1798,93571.517934
1799,93571.517934
1800,93571.517934
1801,93571.517934
1802,93571.517934
1803,93571.517934
1804,93571.517934
1805,93571.517934
1806,93571.517934
1807,93571.517934
1808,93571.517934
1809,93571.517934
1810,93571.517934
1811,93571.517934
1812,93571.517934
1813,93571.517934
1814,93571.517934
1815,93571.517934
1816,93571.517934
1817,93571.517934
1818,93571.517934
1819,93571.517934
1820,93571.517934
1821,93571.517934
1822,93571.517934
1823,93571.517934
1824,93571.517934
1825,93571.517934
1826,93571.517934
1827,93571.517934
1828,93571.517934
1829,93571.517934
1830,93571.517934
1831,93571.517934
1832,93571.517934
1833,93571.517934
1834,93571.517934
1835,93571.517934
1836,93571.517934
1837,93571.517934
1838,93571.517934
1839,93571.517934
1840,93571.517934
1841,93571.517934
1842,93571.517934
1843,93571.517934
1844,93571.517934
1845,93571.517934
1846,93571.517934
1847,93571.517934
1848,93571.517934
1849,93571.517934
1850,93571.517934
1851,93571.517934
1852,93571.517934
1853,93571.517934
1854,93571.517934
1855,93571.517934
1856,93571.517934
1857,93571.517934
1858,93571.517934
1859,93571.517934
1860,93571.517934
1861,93571.517934
1862,93571.517934
1863,93571.517934
1864,93571.517934
1865,93571.517934
1866,93571.517934
1867,93571.517934
1868,93571.517934
1869,93571.517934
1870,93571.517934
1871,93571.517934
1872,93571.517934
1873,93571.517934
1874,93571.517934
1875,93571.517934
1876,93571.517934
1877,93571.517934
1878,93571.517934
1879,93571.517934
1880,93571.517934
1881,93571.517934
1882,93571.517934
1883,93571.517934
1884,93571.517934
1885,93571.517934
1886,93571.517934
1887,93571.517934
1888,93571.517934
1889,93571.517934
1890,93571.517934
1891,93571.517934
1892,93571.517934
1893,93571.517934
1894,93571.517934
1895,93571.517934
1896,93571.517934
1897,93571.517934
1898,93571.517934
1899,93571.517934
1900,93571.517934
1901,93571.517934
1902,93571.517934
1903,93571.517934
1904,93571.517934
1905,93571.517934
1906,93571.517934
1907,93571.517934
1908,93571.517934
1909,93571.517934
1910,93571.517934
1911,93571.517934
1912,93571.517934
1913,93571.517934
1914,93571.517934
1915,93571.517934
1916,93571.517934
1917,93571.517934
1918,93571.517934
1919,93571.517934
1920,93571.517934
1921,93571.517934
1922,93571.517934
1923,93571.517934
1924,93571.517934
1925,93571.517934
1926,93571.517934
1927,93571.517934
1928,93571.517934
1929,93571.517934
1930,93571.517934
1931,93571.517934
1932,93571.517934
1933,93571.517934
1934,93571.517934
1935,93571.517934
1936,93571.517934
1937,93571.517934
1938,93571.517934
1939,93571.517934
1940,93571.517934
1941,93571.517934
1942,93571.517934
1943,93571.517934
1944,93571.517934
1945,93571.517934
1946,93571.517934
1947,93571.517934
1948,93571.517934
1949,93571.517934
1950,93571.517934
1951,93571.517934
1952,93571.517934
1953,93571.517934
1954,93571.517934
1955,93571.517934
1956,93571.517934
1957,93571.517934
1958,93571.517934
1959,93571.517934
1960,93571.517934
1961,93571.517934
1962,93571.517934
1963,93571.517934
1964,93571.517934
1965,93571.517934
1966,93571.517934
1967,93571.517934
1968,93571.517934
1969,93571.517934
1970,93571.517934
1971,93571.517934
1972,93571.517934
1973,93571.517934
1974,93571.517934
1975,93571.517934
1976,93571.517934
1977,93571.517934
1978,93571.517934
1979,93571.517934
1980,93571.517934
1981,93571.517934
1982,93571.517934
1983,93571.517934
1984,93571.517934
1985,93571.517934
1986,93571.517934
1987,93571.517934
1988,93571.517934
1989,93571.517934
1990,93571.517934
1991,93571.517934
1992,93571.517934
1993,93571.517934
1994,93571.517934
1995,93571.517934
1996,93571.517934
1997,93571.517934
1998,93571.517934
1999,93571.517934
2000,93571.517934
2001,93571.517934
2002,93571.517934
2003,93571.517934
2004,93571.517934
2005,93571.517934
2006,93571.517934
2007,93571.517934
2008,93571.517934
2009,93571.517934
2010,93571.517934
2011,93571.517934
2012,93571.517934
2013,93571.517934
2014,93571.517934
2015,93571.517934
2016,93571.517934
2017,93571.517934
2018,93571.517934
2019,93571.517934
2020,93571.517934
2021,93571.517934
2022,93571.517934
2023,93571.517934
2024,93571.517934
2025,93571.517934
2026,93571.517934
2027,93571.517934
2028,93571.517934
2029,93571.517934
2030,93571.517934
2031,93571.517934
2032,93571.517934
2033,93571.517934
2034,93571.517934
2035,93571.517934
2036,93571.517934
2037,93571.517934
2038,93571.517934
2039,93571.517934
2040,93571.517934
2041,93571.517934
2042,93571.517934
2043,93571.517934
2044,93571.517934
2045,93571.517934
2046,93571.517934
2047,93571.517934
2048,93571.517934
2049,93571.517934
2050,93571.517934
2051,93571.517934
2052,93571.517934
2053,93571.517934
2054,93571.517934
2055,93571.517934
2056,93571.517934
2057,93571.517934
2058,93571.517934
2059,93571.517934
2060,93571.517934
2061,93571.517934
2062,93571.517934
2063,93571.517934
2064,93571.517934
2065,93571.517934
2066,93571.517934
2067,93571.517934
2068,93571.517934
2069,93571.517934
2070,93571.517934
2071,93571.517934
2072,93571.517934
2073,93571.517934
2074,93571.517934
2075,93571.517934
2076,93571.517934
2077,93571.517934
2078,93571.517934
2079,93571.517934
2080,93571.517934
2081,93571.517934
2082,93571.517934
2083,93571.517934
2084,93571.517934
2085,93571.517934
2086,93571.517934
2087,93571.517934
2088,93571.517934
2089,93571.517934
2090,93571.517934
2091,93571.517934
2092,93571.517934
2093,93571.517934
2094,93571.517934
2095,93571.517934
2096,93571.517934
2097,93571.517934
2098,93571.517934
2099,93571.517934
2100,93571.517934
2101,93571.517934
2102,93571.517934
2103,93571.517934
2104,93571.517934
2105,93571.517934
2106,93571.517934
2107,93571.517934
2108,93571.517934
2109,93571.517934
2110,93571.517934
2111,93571.517934
2112,93571.517934
2113,93571.517934
2114,93571.517934
2115,93571.517934
2116,93571.517934
2117,93571.517934
2118,93571.517934
2119,93571.517934
2120,93058.414719
2121,93039.803036
2122,93039.803036
2123,93039.803036
2124,93039.803036
2125,93131.204502
2126,93134.551359
2127,97708.729860
2128,98502.854490
2129,98253.539378
2130,97892.479322
2131,99673.456890
2132,99204.894935
2133,100609.302038
2134,98528.066924
2135,96649.450135
2136,95686.690702
2137,96022.326313
2138,94327.556875
2139,94325.041473
2140,94325.041473
2141,94325.041473
2142,94325.041473
2143,94325.041473
2144,94325.041473
2145,94325.041473
2146,94325.041473
2147,94325.041473
2148,94325.041473
2149,94325.041473
2150,94325.041473
2151,94325.041473
2152,94325.041473
2153,94325.041473
2154,94325.041473
2155,94325.041473
2156,94325.041473
2157,94325.041473
2158,94325.041473
2159,94325.041473
2160,94325.041473
2161,94325.041473
2162,94325.041473
2163,94325.041473
2164,94325.041473
2165,94325.041473
2166,94325.041473
2167,94325.041473
2168,94325.041473
2169,94325.041473
2170,94325.041473
2171,94325.041473
2172,94325.041473
2173,94325.041473
2174,94325.041473
2175,94325.041473
2176,94325.041473
2177,94325.041473
2178,94325.041473
2179,94325.041473
2180,94325.041473
2181,94325.041473
2182,94325.041473
2183,94325.041473
2184,94325.041473
2185,94325.041473
2186,94325.041473
2187,94325.041473
2188,94325.041473
2189,94325.041473
2190,94325.041473
2191,94325.041473
2192,94325.041473
2193,94325.041473
2194,94325.041473
2195,94325.041473
2196,94325.041473
2197,94325.041473
2198,94325.041473
2199,94325.041473
2200,94325.041473
2201,94325.041473
2202,94325.041473
2203,94325.041473
2204,94325.041473
2205,94325.041473
2206,94325.041473
2207,94325.041473
2208,94325.041473
2209,94325.041473
2210,94325.041473
2211,94325.041473
2212,94325.041473
2213,94325.041473
2214,94325.041473
2215,94325.041473
2216,94325.041473
2217,94325.041473
2218,94325.041473
2219,94325.041473
2220,94325.041473
2221,94325.041473
2222,94325.041473
2223,94325.041473
2224,94325.041473
2225,94325.041473
2226,94325.041473
2227,94325.041473
2228,94325.041473
2229,94325.041473
2230,94325.041473
2231,94325.041473
2232,94325.041473
2233,94325.041473
2234,94325.041473
2235,94325.041473
2236,94325.041473
2237,94325.041473
2238,94325.041473
2239,94325.041473
2240,94325.041473
2241,94325.041473
2242,94325.041473
2243,94325.041473
2244,94325.041473
2245,94325.041473
2246,94325.041473
2247,94325.041473
2248,94325.041473
2249,94325.041473
2250,94325.041473
2251,94325.041473
2252,94325.041473
2253,94325.041473
2254,94325.041473
2255,94325.041473
2256,94325.041473
2257,94325.041473
2258,94325.041473
2259,94325.041473
2260,94325.041473
2261,94325.041473
2262,94325.041473
2263,94325.041473
2264,94325.041473
2265,94325.041473
2266,94325.041473
2267,94325.041473
2268,94325.041473
2269,94325.041473
2270,94325.041473
2271,94325.041473
2272,94325.041473
2273,94325.041473
2274,94325.041473
2275,94325.041473
2276,94325.041473
2277,94325.041473
2278,94325.041473
2279,94325.041473
2280,94325.041473
2281,94325.041473
2282,94325.041473
2283,94325.041473
2284,94325.041473
2285,94325.041473
2286,94325.041473
2287,94325.041473
2288,94325.041473
2289,94325.041473
2290,94325.041473
2291,94325.041473
2292,94325.041473
2293,94325.041473
2294,94325.041473
2295,94325.041473
2296,94325.041473
2297,94325.041473
2298,94325.041473
2299,94325.041473
2300,94325.041473
2301,94325.041473
2302,94325.041473
2303,94325.041473
2304,94325.041473
2305,94325.041473
2306,94325.041473
2307,94325.041473
2308,94325.041473
2309,94325.041473
2310,94325.041473
2311,94325.041473
2312,94325.041473
2313,94325.041473
2314,94325.041473
2315,94325.041473
2316,94325.041473
2317,94325.041473
2318,94325.041473
2319,94325.041473
2320,94325.041473
2321,94325.041473
2322,94325.041473
2323,94325.041473
2324,94325.041473
2325,94325.041473
2326,94325.041473
2327,94325.041473
2328,94325.041473
2329,94325.041473
2330,94325.041473
2331,94325.041473
2332,94325.041473
2333,94325.041473
2334,94325.041473
2335,94325.041473
2336,94325.041473
2337,94325.041473
2338,94325.041473
2339,94325.041473
2340,94325.041473
2341,94325.041473
2342,94325.041473
2343,94325.041473
2344,94325.041473
2345,94325.041473
2346,94325.041473
2347,94325.041473
2348,94325.041473
2349,94325.041473
2350,94325.041473
2351,94325.041473
2352,94325.041473
2353,94325.041473
2354,94325.041473
2355,94325.041473
2356,94325.041473
2357,94325.041473
2358,94325.041473
2359,94325.041473
2360,94325.041473
2361,94325.041473
2362,94325.041473
2363,94325.041473
2364,94325.041473
2365,94325.041473
2366,94325.041473
2367,94325.041473
2368,94325.041473
2369,94325.041473
2370,94325.041473
2371,94325.041473
2372,94325.041473
2373,94325.041473
2374,94325.041473
2375,94325.041473
2376,94325.041473
2377,94325.041473
2378,94325.041473
2379,94325.041473
2380,94325.041473
2381,94325.041473
2382,94325.041473
2383,94325.041473
2384,94325.041473
2385,94325.041473
2386,94325.041473
2387,94970.092279
2388,94200.994973
2389,95351.188207
2390,96089.499830
2391,97022.032253
2392,96776.965959
2393,96293.434653
2394,96288.619981
2395,96288.619981
2396,96288.619981
2397,96288.619981
2398,96288.619981
2399,96288.619981
2400,96288.619981
2401,96288.619981
2402,96288.619981
2403,96288.619981
2404,96288.619981
2405,96288.619981
2406,96288.619981
2407,96288.619981
2408,96288.619981
2409,96288.619981
2410,96288.619981
2411,96288.619981
2412,96288.619981
2413,96288.619981
2414,96288.619981
2415,96212.583451
2416,94619.818119
2417,90562.774783
2418,89249.819658
2419,93234.847825
2420,93228.632169
2421,93228.632169
2422,93228.632169
2423,93228.632169
2424,93228.632169
2425,93228.632169
2426,93228.632169
2427,93228.632169
2428,93228.632169
2429,93228.632169
2430,93228.632169
2431,93228.632169
2432,93228.632169
2433,93228.632169
2434,93228.632169
2435,93228.632169
2436,93228.632169
2437,93228.632169
2438,93228.632169
2439,93228.632169
2440,93228.632169
2441,93228.632169
2442,93228.632169
2443,93228.632169
2444,93228.632169
2445,93228.632169
2446,93228.632169
2447,93399.961866
2448,93989.578626
2449,95342.653893
2450,95333.119627
2451,95333.119627
2452,95333.119627
2453,95333.119627
2454,95333.119627
2455,95333.119627
2456,95333.119627
2457,95333.119627
2458,95333.119627
2459,95333.119627
2460,95333.119627
2461,95333.119627
2462,95333.119627
2463,95333.119627
2464,95333.119627
2465,95333.119627
2466,95333.119627
2467,95333.119627
2468,95333.119627
2469,95333.119627
2470,95333.119627
2471,95333.119627
2472,95333.119627
2473,95333.119627
2474,95333.119627
2475,95333.119627
2476,95333.119627
2477,95333.119627
2478,95333.119627
2479,95333.119627
2480,95333.119627
2481,95333.119627
2482,95333.119627
2483,95333.119627
2484,95333.119627
2485,95333.119627
2486,95333.119627
2487,95333.119627
2488,95333.119627
2489,95333.119627
2490,95333.119627
2491,95333.119627
2492,95333.119627
2493,95333.119627
2494,95333.119627
2495,95333.119627
2496,95333.119627
2497,95333.119627
2498,95333.119627
2499,95333.119627
2500,95333.119627
2501,95333.119627
2502,95333.119627
2503,95333.119627
2504,95333.119627
2505,95333.119627
2506,95333.119627
2507,95333.119627
2508,95333.119627
2509,95333.119627
2510,95333.119627
2511,95333.119627
2512,95333.119627
2513,95333.119627
2514,95333.119627
2515,95333.119627
2516,95333.119627
2517,95333.119627
2518,95333.119627
2519,95333.119627
2520,95333.119627
2521,95333.119627
2522,95333.119627
2523,95333.119627
2524,95333.119627
2525,95333.119627
2526,95333.119627
2527,95333.119627
2528,95333.119627
2529,95333.119627
2530,95333.119627
2531,95333.119627
2532,95333.119627
2533,95333.119627
2534,95333.119627
2535,95333.119627
2536,95333.119627
2537,95333.119627
2538,95333.119627
2539,95333.119627
2540,95333.119627
2541,95333.119627
2542,95333.119627
2543,95333.119627
2544,95333.119627
2545,95333.119627
2546,95333.119627
2547,95333.119627
2548,95333.119627
2549,95333.119627
2550,95333.119627
2551,95333.119627
2552,95333.119627
2553,95333.119627
2554,95333.119627
2555,95333.119627
2556,95333.119627
2557,95333.119627
2558,95333.119627
2559,95333.119627
2560,95333.119627
2561,95333.119627
2562,95333.119627
2563,95333.119627
2564,95333.119627
2565,95333.119627
2566,95333.119627
2567,95333.119627
2568,95333.119627
2569,95333.119627
2570,95333.119627
2571,95333.119627
2572,95333.119627
2573,95333.119627
2574,95333.119627
2575,95333.119627
2576,95333.119627
2577,95333.119627
2578,95333.119627
2579,95333.119627
2580,95333.119627
2581,95333.119627
2582,95333.119627
2583,95333.119627
2584,95333.119627
2585,95333.119627
2586,95333.119627
2587,95333.119627
2588,95333.119627
2589,95333.119627
2590,95333.119627
2591,95333.119627
2592,95333.119627
2593,95333.119627
2594,95333.119627
2595,95333.119627
2596,95333.119627
2597,95333.119627
2598,95333.119627
2599,95333.119627
2600,95333.119627
2601,95333.119627
2602,95333.119627
2603,95333.119627
2604,95333.119627
2605,95333.119627
2606,95333.119627
2607,95333.119627
2608,95333.119627
2609,95333.119627
2610,95333.119627
2611,95333.119627
2612,95333.119627
2613,95333.119627
2614,95333.119627
2615,95333.119627
2616,95333.119627
2617,95333.119627
2618,95333.119627
2619,95333.119627
2620,95333.119627
2621,95333.119627
2622,95333.119627
2623,95333.119627
2624,95333.119627
2625,95333.119627
2626,95333.119627
2627,95333.119627
2628,95333.119627
2629,95333.119627
2630,95333.119627
2631,95333.119627
2632,95333.119627
2633,95333.119627
2634,95333.119627
2635,95333.119627
2636,95333.119627
2637,95333.119627
2638,95333.119627
2639,95333.119627
2640,95333.119627
2641,95333.119627
2642,95333.119627
2643,95333.119627
2644,95333.119627
2645,95333.119627
2646,95333.119627
2647,95333.119627
2648,95333.119627
2649,95333.119627
2650,95333.119627
2651,95333.119627
2652,95333.119627
2653,95333.119627
2654,95333.119627
2655,95333.119627
2656,95333.119627
2657,95333.119627
2658,95333.119627
2659,95333.119627
2660,95333.119627
2661,95333.119627
2662,95333.119627
2663,95333.119627
2664,95333.119627
2665,95333.119627
2666,95333.119627
2667,95333.119627
2668,95333.119627
2669,95333.119627
2670,95333.119627
2671,95333.119627
2672,95333.119627
2673,95333.119627
2674,95333.119627
2675,95333.119627
2676,95333.119627
2677,95333.119627
2678,95333.119627
2679,95333.119627
2680,95333.119627
2681,95333.119627
2682,95333.119627
2683,95333.119627
2684,95333.119627
2685,95333.119627
2686,95333.119627
2687,95333.119627
2688,95333.119627
2689,95333.119627
2690,95333.119627
2691,95333.119627
2692,95333.119627
2693,95333.119627
2694,95333.119627
2695,95333.119627
2696,95333.119627
2697,95333.119627
2698,95333.119627
2699,95333.119627
2700,95333.119627
2701,95333.119627
2702,95333.119627
2703,95333.119627
2704,95333.119627
2705,95333.119627
2706,95333.119627
2707,95333.119627
2708,95333.119627
2709,95333.119627
2710,95333.119627
2711,95333.119627
2712,95333.119627
2713,95333.119627
2714,95333.119627
2715,95333.119627
2716,95333.119627
2717,95333.119627
2718,95333.119627
2719,95333.119627
2720,95333.119627
2721,95333.119627
2722,95333.119627
2723,95333.119627
2724,95333.119627
2725,95333.119627
2726,95333.119627
2727,95333.119627
2728,95333.119627
2729,95333.119627
2730,95333.119627
2731,95333.119627
2732,95333.119627
2733,95333.119627
2734,95333.119627
2735,95333.119627
2736,95333.119627
2737,95333.119627
2738,95333.119627
2739,95333.119627
2740,95333.119627
2741,95333.119627
2742,95333.119627
2743,95333.119627
2744,95333.119627
2745,95333.119627
2746,95333.119627
2747,95333.119627
2748,95333.119627
2749,95333.119627
2750,95333.119627
2751,95333.119627
2752,95333.119627
2753,95333.119627
2754,95333.119627
2755,95333.119627
2756,95333.119627
2757,95333.119627
2758,95333.119627
2759,95333.119627
2760,95333.119627
2761,95333.119627
2762,95333.119627
2763,95333.119627
2764,95333.119627
2765,95333.119627
2766,95333.119627
2767,95333.119627
2768,95333.119627
2769,95333.119627
2770,95333.119627
2771,95333.119627
2772,95333.119627
2773,95333.119627
2774,95333.119627
2775,95333.119627
2776,95333.119627
2777,95333.119627
2778,95333.119627
2779,95333.119627
2780,95333.119627
2781,95333.119627
2782,95333.119627
2783,95333.119627
2784,95333.119627
2785,95333.119627
2786,95333.119627
2787,95333.119627
2788,95333.119627
2789,95333.119627
2790,95333.119627
2791,95333.119627
2792,95333.119627
2793,95333.119627
2794,95333.119627
2795,95333.119627
2796,95333.119627
2797,95333.119627
2798,95333.119627
2799,95333.119627
2800,95333.119627
2801,95333.119627
2802,95333.119627
2803,95333.119627
2804,95333.119627
2805,95333.119627
2806,95333.119627
2807,95333.119627
2808,95333.119627
2809,95333.119627
2810,95333.119627
2811,95333.119627
2812,95333.119627
2813,95333.119627
2814,95333.119627
2815,95333.119627
2816,95333.119627
2817,95333.119627
2818,95333.119627
2819,95333.119627
2820,95333.119627
2821,95333.119627
2822,95333.119627
2823,95333.119627
2824,95333.119627
2825,95333.119627
2826,95333.119627
2827,95333.119627
2828,95333.119627
2829,95333.119627
2830,95333.119627
2831,95333.119627
2832,95333.119627
2833,95333.119627
2834,95333.119627
2835,95333.119627
2836,95333.119627
2837,95333.119627
2838,95333.119627
2839,95333.119627
2840,95333.119627
2841,95333.119627
2842,95333.119627
2843,95333.119627
2844,95333.119627
2845,95333.119627
2846,95333.119627
2847,97242.535895
2848,93440.885696
2849,90728.573900
2850,93482.617546
2851,93475.138937
2852,93475.138937
2853,93475.138937
2854,93475.138937
2855,93475.138937
2856,93475.138937
2857,93475.138937
2858,93475.138937
2859,93475.138937
2860,93475.138937
2861,93475.138937
2862,93475.138937
2863,93475.138937
2864,93475.138937
2865,93475.138937
2866,93475.138937
2867,93475.138937
2868,93475.138937
2869,93475.138937
2870,93475.138937
2871,93475.138937
2872,93475.138937
2873,93475.138937
2874,93475.138937
2875,93475.138937
2876,93475.138937
2877,93475.138937
2878,93475.138937
2879,93475.138937
2880,93475.138937
2881,93475.138937
2882,93475.138937
2883,93475.138937
2884,93475.138937
2885,93475.138937
2886,93475.138937
2887,93475.138937
2888,93475.138937
2889,93475.138937
2890,93475.138937
2891,93475.138937
2892,93475.138937
2893,93475.138937
2894,93475.138937
2895,93475.138937
2896,93475.138937
2897,93475.138937
2898,93475.138937
2899,93475.138937
2900,93475.138937
2901,93475.138937
2902,93475.138937
2903,93475.138937
2904,93475.138937
2905,93475.138937
2906,93475.138937
2907,93475.138937
2908,93475.138937
2909,93475.138937
2910,93475.138937
2911,93475.138937
2912,93475.138937
2913,93475.138937
2914,93475.138937
2915,93475.138937
2916,93475.138937
2917,93475.138937
2918,93475.138937
2919,93475.138937
2920,93475.138937
2921,93475.138937
2922,93475.138937
2923,93475.138937
2924,93475.138937
2925,93475.138937
2926,93475.138937
2927,93475.138937
2928,93475.138937
2929,93475.138937
2930,93475.138937
2931,93475.138937
2932,93475.138937
2933,93475.138937
2934,93475.138937
2935,93475.138937
2936,93475.138937
2937,93475.138937
2938,93475.138937
2939,93475.138937
2940,93475.138937
2941,93475.138937
2942,93475.138937
2943,93475.138937
2944,93475.138937
2945,93475.138937
2946,93475.138937
2947,93475.138937
2948,93475.138937
2949,93475.138937
2950,93475.138937
2951,93475.138937
2952,93475.138937
2953,93475.138937
2954,93475.138937
2955,93475.138937
2956,93475.138937
2957,93475.138937
2958,93475.138937
2959,93475.138937
2960,93475.138937
2961,93475.138937
2962,93475.138937
2963,93475.138937
2964,93475.138937
2965,93475.138937
2966,93475.138937
2967,93475.138937
2968,93475.138937
2969,93475.138937
2970,93475.138937
2971,93475.138937
2972,93475.138937
2973,93475.138937
2974,93475.138937
2975,93475.138937
2976,93475.138937
2977,93475.138937
2978,93475.138937
2979,93475.138937
2980,93475.138937
2981,93475.138937
2982,93475.138937
2983,93475.138937
2984,93475.138937
2985,93475.138937
2986,93475.138937
2987,93475.138937
2988,93475.138937
2989,93475.138937
2990,93475.138937
2991,93475.138937
2992,93475.138937
2993,93475.138937
2994,93475.138937
2995,93475.138937
2996,93475.138937
2997,93475.138937
2998,93475.138937
2999,93475.138937
3000,93475.138937
3001,93475.138937
3002,93475.138937
3003,93475.138937
3004,93475.138937
3005,93475.138937
3006,93475.138937
3007,93475.138937
3008,93475.138937
3009,93475.138937
3010,93475.138937
3011,93475.138937
3012,93475.138937
3013,93475.138937
3014,93475.138937
3015,93475.138937
3016,93475.138937
3017,93475.138937
3018,93475.138937
3019,93475.138937
3020,93475.138937
3021,93475.138937
3022,93475.138937
3023,93475.138937
3024,93475.138937
3025,93475.138937
3026,93475.138937
3027,93475.138937
3028,93475.138937
3029,93475.138937
3030,93475.138937
3031,93475.138937
3032,93475.138937
3033,93475.138937
3034,93475.138937
3035,93475.138937
3036,93475.138937
3037,93475.138937
3038,93475.138937
3039,93475.138937
3040,93475.138937
3041,93475.138937
3042,93475.138937
3043,93475.138937
3044,93475.138937
3045,93475.138937
3046,93475.138937
3047,93475.138937
3048,93475.138937
3049,93475.138937
3050,93475.138937
3051,93475.138937
3052,93475.138937
3053,93475.138937
3054,93475.138937
3055,93475.138937
3056,93475.138937
3057,93475.138937
3058,93475.138937
3059,93475.138937
3060,93475.138937
3061,93475.138937
3062,93475.138937
3063,93475.138937
3064,93475.138937
3065,93475.138937
3066,93475.138937
3067,93475.138937
3068,93475.138937
3069,93475.138937
3070,93475.138937
3071,93475.138937
3072,93475.138937
3073,93475.138937
3074,93475.138937
3075,93475.138937
3076,93475.138937
3077,93475.138937
3078,93475.138937
3079,93475.138937
3080,93475.138937
3081,93475.138937
3082,93475.138937
3083,93475.138937
3084,93475.138937
3085,93475.138937
3086,93475.138937
3087,93475.138937
3088,93475.138937
3089,93475.138937
3090,93475.138937
3091,93475.138937
3092,93475.138937
3093,93475.138937
3094,93475.138937
3095,93475.138937
3096,93475.138937
3097,93475.138937
3098,93475.138937
3099,93475.138937
3100,93475.138937
3101,93475.138937
3102,93475.138937
3103,93475.138937
3104,93475.138937
3105,93475.138937
3106,93475.138937
3107,93475.138937
3108,93475.138937
3109,93475.138937
3110,93475.138937
3111,93475.138937
3112,93475.138937
3113,93475.138937
3114,93475.138937
3115,93475.138937
3116,93475.138937
3117,93475.138937
3118,93475.138937
3119,93475.138937
3120,93475.138937
3121,93475.138937
3122,93475.138937
3123,93475.138937
3124,93475.138937
3125,93475.138937
3126,93475.138937
3127,93475.138937
3128,93475.138937
3129,93475.138937
3130,93475.138937
3131,93475.138937
3132,93475.138937
3133,93475.138937
3134,93475.138937
3135,93475.138937
3136,93475.138937
3137,89599.984771
3138,89688.120333
3139,92586.422526
3140,93131.595061
3141,95520.527996
3142,91064.063309
3143,94432.230008
3144,93535.525887
3145,93531.368753
3146,93531.368753
3147,93531.368753
3148,93531.368753
3149,93531.368753
3150,93531.368753
3151,93531.368753
3152,93531.368753
3153,93531.368753
3154,93531.368753
3155,93531.368753
3156,93531.368753
3157,93531.368753
3158,93531.368753
3159,93531.368753
3160,93531.368753
3161,93531.368753
3162,93531.368753
3163,93531.368753
3164,93531.368753
3165,93531.368753
3166,93531.368753
3167,93531.368753
3168,93531.368753
3169,93531.368753
3170,93531.368753
3171,93531.368753
3172,93531.368753
3173,93531.368753
3174,93531.368753
3175,93531.368753
3176,93531.368753
3177,93531.368753
3178,93531.368753
3179,93531.368753
3180,93531.368753
3181,93531.368753
3182,93531.368753
3183,93531.368753
3184,93531.368753
3185,93531.368753
3186,93531.368753
3187,93531.368753
3188,93531.368753
3189,93531.368753
3190,93531.368753
3191,93531.368753
3192,93531.368753
3193,93531.368753
3194,93531.368753
3195,93531.368753
3196,93531.368753
3197,93531.368753
3198,93531.368753
3199,93531.368753
3200,93531.368753
3201,93531.368753
3202,93531.368753
3203,93531.368753
3204,93531.368753
3205,93531.368753
3206,93531.368753
3207,93531.368753
3208,93531.368753
3209,93531.368753
3210,93531.368753
3211,93531.368753
3212,93531.368753
3213,93531.368753
3214,93531.368753
3215,93531.368753
3216,93531.368753
3217,93531.368753
3218,93531.368753
3219,93531.368753
3220,93531.368753
3221,93531.368753
3222,93531.368753
3223,93531.368753
3224,93531.368753
3225,93531.368753
3226,93531.368753
3227,93531.368753
3228,93531.368753
3229,93531.368753
3230,93531.368753
3231,93531.368753
3232,93531.368753
3233,93531.368753
3234,93531.368753
3235,93531.368753
3236,93531.368753
3237,93531.368753
3238,93531.368753
3239,93531.368753
3240,93531.368753
3241,93531.368753
3242,93531.368753
3243,93531.368753
3244,93531.368753
3245,93531.368753
3246,93531.368753
3247,93531.368753
3248,93531.368753
3249,93531.368753
3250,93531.368753
3251,93531.368753
3252,93531.368753
3253,93531.368753
3254,93531.368753
3255,93531.368753
3256,93531.368753
3257,93531.368753
3258,93531.368753
3259,93531.368753
3260,93531.368753
3261,93531.368753
3262,93531.368753
3263,93531.368753
3264,93531.368753
3265,93531.368753
3266,93531.368753
3267,93531.368753
3268,93531.368753
3269,93531.368753
3270,93531.368753
3271,93531.368753
3272,93531.368753
3273,93531.368753
3274,93531.368753
3275,93531.368753
3276,93531.368753
3277,93531.368753
3278,93531.368753
3279,93531.368753
3280,93531.368753
3281,93531.368753
3282,93531.368753
3283,93531.368753
3284,93531.368753
3285,93531.368753
3286,93531.368753
3287,93531.368753
3288,93531.368753
3289,93531.368753
3290,93531.368753
3291,93531.368753
3292,93531.368753
3293,93531.368753
3294,93531.368753
3295,93531.368753
3296,93531.368753
3297,93531.368753
3298,93531.368753
3299,93531.368753
3300,93531.368753
3301,93531.368753
3302,93531.368753
3303,93531.368753
3304,93531.368753
3305,93531.368753
3306,93531.368753
3307,93531.368753
3308,93531.368753
3309,93531.368753
3310,93531.368753
3311,93531.368753
3312,93531.368753
3313,93531.368753
3314,93531.368753
3315,93531.368753
3316,93531.368753
3317,93531.368753
3318,93531.368753
3319,93531.368753
3320,93531.368753
3321,93531.368753
3322,93531.368753
3323,93531.368753
3324,93531.368753
3325,93531.368753
3326,93531.368753
3327,93531.368753
3328,93531.368753
3329,93531.368753
3330,93531.368753
3331,93531.368753
3332,93531.368753
3333,93531.368753
3334,93531.368753
3335,93531.368753
3336,93531.368753
3337,93531.368753
3338,93531.368753
3339,93531.368753
3340,93531.368753
3341,93531.368753
3342,93531.368753
3343,93531.368753
3344,93531.368753
3345,93531.368753
3346,93531.368753
3347,93531.368753
3348,93531.368753
3349,93531.368753
3350,93531.368753
3351,93531.368753
3352,93531.368753
3353,93531.368753
3354,93531.368753
3355,93531.368753
3356,93531.368753
3357,93531.368753
3358,93531.368753
3359,93531.368753
3360,93531.368753
3361,93531.368753
3362,93531.368753
3363,93531.368753
3364,93531.368753
3365,93531.368753
3366,93531.368753
3367,93531.368753
3368,93531.368753
3369,93531.368753
3370,93531.368753
3371,93531.368753
3372,93531.368753
3373,93531.368753
3374,93531.368753
3375,93531.368753
3376,93531.368753
3377,93531.368753
3378,93531.368753
3379,93531.368753
3380,93531.368753
3381,93531.368753
3382,93531.368753
3383,93531.368753
3384,93531.368753
3385,93531.368753
3386,93531.368753
3387,93531.368753
3388,93531.368753
3389,93531.368753
3390,93531.368753
3391,96074.963449
3392,94488.327956
3393,95465.602280
3394,95946.194258
3395,96456.663080
3396,97938.354263
3397,93585.491298
3398,92934.550782
3399,93843.154505
3400,94136.559101
3401,94133.135954
3402,94133.135954
3403,94133.135954
3404,94133.135954
3405,94133.135954
3406,94133.135954
3407,94133.135954
3408,94133.135954
3409,94133.135954
3410,94133.135954
3411,94133.135954
3412,94133.135954
3413,94133.135954
3414,94133.135954
3415,94133.135954
3416,94133.135954
3417,94133.135954
3418,94133.135954
3419,94133.135954
3420,94133.135954
3421,94133.135954
3422,94133.135954
3423,94133.135954
3424,94133.135954
3425,94133.135954
3426,94133.135954
3427,94133.135954
3428,94133.135954
3429,94133.135954
3430,94133.135954
3431,94133.135954
3432,94133.135954
3433,94133.135954
3434,94133.135954
3435,94133.135954
3436,94133.135954
3437,94133.135954
3438,94133.135954
3439,94133.135954
3440,94133.135954
3441,94133.135954
3442,94133.135954
3443,94133.135954
3444,94133.135954
3445,94133.135954
3446,94133.135954
3447,94133.135954
3448,94133.135954
3449,94133.135954
3450,94133.135954
3451,94133.135954
3452,94133.135954
3453,94133.135954
3454,94133.135954
3455,94133.135954
3456,94133.135954
3457,94133.135954
3458,94133.135954
3459,94133.135954
3460,94133.135954
3461,94133.135954
3462,94133.135954
3463,94133.135954
3464,94133.135954
3465,94133.135954
3466,94133.135954
3467,94133.135954
3468,94133.135954
3469,94133.135954
3470,94133.135954
3471,94133.135954
3472,94133.135954
3473,94133.135954
3474,94133.135954
3475,94133.135954
3476,94133.135954
3477,94133.135954
3478,94133.135954
3479,94133.135954
3480,94133.135954
3481,94133.135954
3482,94133.135954
3483,94133.135954
3484,94133.135954
3485,94133.135954
3486,94133.135954
3487,94133.135954
3488,94133.135954
3489,94133.135954
3490,94133.135954
3491,94133.135954
3492,94133.135954
3493,94133.135954
3494,94133.135954
3495,94133.135954
3496,94133.135954
3497,94133.135954
3498,94133.135954
3499,94133.135954
3500,94133.135954
3501,94133.135954
3502,94133.135954
3503,94133.135954
3504,94133.135954
3505,94133.135954
3506,94133.135954
3507,94133.135954
3508,94133.135954
3509,94133.135954
3510,94133.135954
3511,94133.135954
3512,94133.135954
3513,94133.135954
3514,94133.135954
3515,94133.135954
3516,94133.135954
3517,94133.135954
3518,94133.135954
3519,94133.135954
3520,94133.135954
3521,94133.135954
3522,94133.135954
3523,94133.135954
3524,94133.135954
3525,94133.135954
3526,94133.135954
3527,94133.135954
3528,94133.135954
3529,94133.135954
3530,94133.135954
3531,94133.135954
3532,94133.135954
3533,94133.135954
3534,94133.135954
3535,94133.135954
3536,94133.135954
3537,94133.135954
3538,94133.135954
3539,94133.135954
3540,94133.135954
3541,94133.135954
3542,94133.135954
3543,94133.135954
3544,94133.135954
3545,94133.135954
3546,94133.135954
3547,94133.135954
3548,94133.135954
3549,94133.135954
3550,94133.135954
3551,94133.135954
3552,94133.135954
3553,94133.135954
3554,94133.135954
3555,94133.135954
3556,94133.135954
3557,94133.135954
3558,94133.135954
3559,94133.135954
3560,94133.135954
3561,94133.135954
3562,94133.135954
3563,94133.135954
3564,94133.135954
3565,94133.135954
3566,94133.135954
3567,94133.135954
3568,94133.135954
3569,94133.135954
3570,94133.135954
3571,94133.135954
3572,94133.135954
3573,94133.135954
3574,94133.135954
3575,94133.135954
3576,94133.135954
3577,94133.135954
3578,94133.135954
3579,94133.135954
3580,94133.135954
3581,94133.135954
3582,94133.135954
3583,94133.135954
3584,94133.135954
3585,94133.135954
3586,94133.135954
3587,94133.135954
3588,94133.135954
3589,94133.135954
3590,94133.135954
3591,94133.135954
3592,94133.135954
3593,94133.135954
3594,94133.135954
3595,94133.135954
3596,94133.135954
3597,94133.135954
3598,94133.135954
3599,94133.135954
3600,94133.135954
3601,94133.135954
3602,94133.135954
3603,94133.135954
3604,94133.135954
3605,94133.135954
3606,94133.135954
3607,94133.135954
3608,94133.135954
3609,94133.135954
3610,94133.135954
3611,94133.135954
3612,94133.135954
3613,94133.135954
3614,94133.135954
3615,94133.135954
3616,94133.135954
3617,94133.135954
3618,94133.135954
3619,94133.135954
3620,94133.135954
3621,94133.135954
3622,94133.135954
3623,94133.135954
3624,94133.135954
3625,94133.135954
3626,94133.135954
3627,94133.135954
3628,94133.135954
3629,94133.135954
3630,94133.135954
3631,94133.135954
3632,94133.135954
3633,94133.135954
3634,94133.135954
3635,94133.135954
3636,94133.135954
3637,94133.135954
3638,94133.135954
3639,94133.135954
3640,94133.135954
3641,94133.135954
3642,94133.135954
3643,94133.135954
3644,94133.135954
3645,94133.135954
3646,94133.135954
3647,94133.135954
3648,94133.135954
3649,94133.135954
3650,94133.135954
3651,94133.135954
3652,94133.135954
3653,94133.135954
3654,94133.135954
3655,94133.135954
3656,94133.135954
3657,94133.135954
3658,94133.135954
3659,94133.135954
3660,94133.135954
3661,94133.135954
3662,94133.135954
3663,94133.135954
3664,94133.135954
3665,94133.135954
3666,94133.135954
3667,94133.135954
3668,94133.135954
3669,94133.135954
3670,94133.135954
3671,94133.135954
3672,94133.135954
3673,94133.135954
3674,94133.135954
3675,94133.135954
3676,94133.135954
3677,94133.135954
3678,94133.135954
3679,94133.135954
3680,94133.135954
3681,94133.135954
3682,94133.135954
3683,94133.135954
3684,94133.135954
3685,94133.135954
3686,94133.135954
3687,94133.135954
3688,94133.135954
3689,94133.135954
3690,94133.135954
3691,94133.135954
3692,94133.135954
3693,94133.135954
3694,94133.135954
3695,94133.135954
3696,94133.135954
3697,94133.135954
3698,94133.135954
3699,94133.135954
3700,94133.135954
3701,94133.135954
3702,94133.135954
3703,94133.135954
3704,94133.135954
3705,94133.135954
3706,94133.135954
3707,94133.135954
3708,94133.135954
3709,94133.135954
3710,94133.135954
3711,94133.135954
3712,94133.135954
3713,94133.135954
3714,94133.135954
3715,94133.135954
3716,94133.135954
3717,94133.135954
3718,94133.135954
3719,94133.135954
3720,94133.135954
3721,94133.135954
3722,94133.135954
3723,94133.135954
3724,94133.135954
3725,94133.135954
3726,94133.135954
3727,94133.135954
3728,94133.135954
3729,94133.135954
3730,94133.135954
3731,94133.135954
3732,94133.135954
3733,94133.135954
3734,94133.135954
3735,94133.135954
3736,94133.135954
3737,94133.135954
3738,94133.135954
3739,94133.135954
3740,94133.135954
3741,94133.135954
3742,94133.135954
3743,94133.135954
3744,94133.135954
3745,94133.135954
3746,94133.135954
3747,94133.135954
3748,94133.135954
3749,94133.135954
3750,94133.135954
3751,94133.135954
3752,94133.135954
3753,94133.135954
3754,94133.135954
3755,94133.135954
3756,94133.135954
3757,94133.135954
3758,94133.135954
3759,94133.135954
3760,94133.135954
3761,94133.135954
3762,94133.135954
3763,94133.135954
3764,94133.135954
3765,94133.135954
3766,94133.135954
3767,94133.135954
3768,94133.135954
3769,94133.135954
3770,94133.135954
3771,94133.135954
3772,94133.135954
3773,94133.135954
3774,94133.135954
3775,94133.135954
3776,94133.135954
3777,94133.135954
3778,94133.135954
3779,94133.135954
3780,94133.135954
3781,94133.135954
3782,94133.135954
3783,94133.135954
3784,94133.135954
3785,94133.135954
3786,94133.135954
3787,94133.135954
3788,94133.135954
3789,94133.135954
3790,94133.135954
3791,94133.135954
3792,94133.135954
3793,94133.135954
3794,94133.135954
3795,94133.135954
3796,94133.135954
3797,94133.135954
3798,94133.135954
3799,94133.135954
3800,94133.135954
3801,94133.135954
3802,94133.135954
3803,94133.135954
3804,94133.135954
3805,94133.135954
3806,94133.135954
3807,94133.135954
3808,94133.135954
3809,94133.135954
3810,94133.135954
3811,94133.135954
3812,94133.135954
3813,94133.135954
3814,94133.135954
3815,94133.135954
3816,94133.135954
3817,94133.135954
3818,94133.135954
3819,94133.135954
3820,94133.135954
3821,94133.135954
3822,94133.135954
3823,94133.135954
3824,94133.135954
3825,94133.135954
3826,94133.135954
3827,94133.135954
3828,94133.135954
3829,94133.135954
3830,94133.135954
3831,94133.135954
3832,94133.135954
3833,94133.135954
3834,94133.135954
3835,94133.135954
3836,94133.135954
3837,94133.135954
3838,94133.135954
3839,94133.135954
3840,94133.135954
3841,94133.135954
3842,94133.135954
3843,94133.135954
3844,94133.135954
3845,94133.135954
3846,94133.135954
3847,94133.135954
3848,94133.135954
3849,94133.135954
3850,94133.135954
3851,94133.135954
3852,94133.135954
3853,94133.135954
3854,94133.135954
3855,94133.135954
3856,94133.135954
3857,94133.135954
3858,94133.135954
3859,94133.135954
3860,94133.135954
3861,94133.135954
3862,94133.135954
3863,94133.135954
3864,94133.135954
3865,94133.135954
3866,94133.135954
3867,94133.135954
3868,94133.135954
3869,94133.135954
3870,94133.135954
3871,94133.135954
3872,94133.135954
3873,94133.135954
3874,94133.135954
3875,94133.135954
3876,94133.135954
3877,94133.135954
3878,94133.135954
3879,94133.135954
3880,94133.135954
3881,94133.135954
3882,94133.135954
3883,94133.135954
3884,94133.135954
3885,94133.135954
3886,94133.135954
3887,94133.135954
3888,94133.135954
3889,94133.135954
3890,94133.135954
3891,94133.135954
3892,94133.135954
3893,94133.135954
3894,94133.135954
3895,94133.135954
3896,94133.135954
3897,94133.135954
3898,94133.135954
3899,94133.135954
3900,94133.135954
3901,94133.135954
3902,94133.135954
3903,94133.135954
3904,94133.135954
3905,94133.135954
3906,94133.135954
3907,94133.135954
3908,94133.135954
3909,94133.135954
3910,94133.135954
3911,94133.135954
3912,94133.135954
3913,94133.135954
3914,94133.135954
3915,94133.135954
3916,94133.135954
3917,94133.135954
3918,94133.135954
3919,94133.135954
3920,94133.135954
3921,94133.135954
3922,94133.135954
3923,94133.135954
3924,94133.135954
3925,94133.135954
3926,94133.135954
3927,94133.135954
3928,94133.135954
3929,94133.135954
3930,94133.135954
3931,94133.135954
3932,94133.135954
3933,94133.135954
3934,94133.135954
3935,94133.135954
3936,94133.135954
3937,94133.135954
3938,94133.135954
3939,94133.135954
3940,94133.135954
3941,94133.135954
3942,94133.135954
3943,94133.135954
3944,94133.135954
3945,94133.135954
3946,94133.135954
3947,94133.135954
3948,94133.135954
3949,94133.135954
3950,94133.135954
3951,94133.135954
3952,94133.135954
3953,94133.135954
3954,94133.135954
3955,94133.135954
3956,94133.135954
3957,94133.135954
3958,94133.135954
3959,94133.135954
3960,94133.135954
3961,94133.135954
3962,94133.135954
3963,94133.135954
3964,94133.135954
3965,94133.135954
3966,94133.135954
3967,94133.135954
3968,94133.135954
3969,94133.135954
3970,94133.135954
3971,94133.135954
3972,94133.135954
3973,94133.135954
3974,94133.135954
3975,94133.135954
3976,94133.135954
3977,94133.135954
3978,94133.135954
3979,94133.135954
3980,94133.135954
3981,94133.135954
3982,94133.135954
3983,94133.135954
3984,94133.135954
3985,94133.135954
3986,94133.135954
3987,94133.135954
3988,94133.135954
3989,94133.135954
3990,94133.135954
3991,94133.135954
3992,94133.135954
3993,94133.135954
3994,94133.135954
3995,94133.135954
3996,94133.135954
3997,94133.135954
3998,94133.135954
3999,94133.135954
4000,94133.135954
4001,94133.135954
4002,94133.135954
4003,94133.135954
4004,94133.135954
4005,94133.135954
4006,94133.135954
4007,94133.135954
4008,94133.135954
4009,94133.135954
4010,94133.135954
4011,94133.135954
4012,94133.135954
4013,94133.135954
4014,94133.135954
4015,94133.135954
4016,94133.135954
4017,94133.135954
4018,94133.135954
4019,94133.135954
4020,94133.135954
4021,94133.135954
4022,94133.135954
4023,94133.135954
4024,94133.135954
4025,94133.135954
4026,94133.135954
4027,94133.135954
4028,94133.135954
4029,94133.135954
4030,94133.135954
4031,94133.135954
4032,94133.135954
4033,94133.135954
4034,94133.135954
4035,94133.135954
4036,94133.135954
4037,94133.135954
4038,94133.135954
4039,94133.135954
4040,94133.135954
4041,94133.135954
4042,94133.135954
4043,94133.135954
4044,94133.135954
4045,94133.135954
4046,94133.135954
4047,94133.135954
4048,94133.135954
4049,94133.135954
4050,94133.135954
4051,94133.135954
4052,94133.135954
4053,94133.135954
4054,94133.135954
4055,94133.135954
4056,94133.135954
4057,94133.135954
4058,94133.135954
4059,94133.135954
4060,94133.135954
4061,94133.135954
4062,94133.135954
4063,94133.135954
4064,94133.135954
4065,94133.135954
4066,94133.135954
4067,94133.135954
4068,94133.135954
4069,94133.135954
4070,94133.135954
4071,94133.135954
4072,94133.135954
4073,94133.135954
4074,94133.135954
4075,94133.135954
4076,94133.135954
4077,94133.135954
4078,94133.135954
4079,94133.135954
4080,94133.135954
4081,94133.135954
4082,94133.135954
4083,94133.135954
4084,94133.135954
4085,94133.135954
4086,94133.135954
4087,94133.135954
4088,94133.135954
4089,94133.135954
4090,94133.135954
4091,94133.135954
4092,94133.135954
4093,94133.135954
4094,94133.135954
4095,94133.135954
4096,94133.135954
4097,94133.135954
4098,94133.135954
4099,94133.135954
4100,94133.135954
4101,94133.135954
4102,94133.135954
4103,94133.135954
4104,94133.135954
4105,94133.135954
4106,94133.135954
4107,94133.135954
4108,94133.135954
4109,94133.135954
4110,94133.135954
4111,94133.135954
4112,94133.135954
4113,94133.135954
4114,94133.135954
4115,94133.135954
4116,94133.135954
4117,94133.135954
4118,94133.135954
4119,94133.135954
4120,94133.135954
4121,94133.135954
4122,94133.135954
4123,94133.135954
4124,94133.135954
4125,94133.135954
4126,94133.135954
4127,94133.135954
4128,94133.135954
4129,94133.135954
4130,94133.135954
4131,94133.135954
4132,94133.135954
4133,94133.135954
4134,94133.135954
4135,94133.135954
4136,94133.135954
4137,94133.135954
4138,94133.135954
4139,94133.135954
4140,96174.355737
4141,101358.668047
4142,104314.410057
4143,104964.578877
4144,103865.310121
4145,106512.773114
4146,106506.686670
4147,106506.686670
4148,106506.686670
4149,106506.686670
4150,106506.686670
4151,106506.686670
4152,106506.686670
4153,106506.686670
4154,106506.686670
4155,106506.686670
4156,106506.686670
4157,106506.686670
4158,106506.686670
4159,106506.686670
4160,106506.686670
4161,106506.686670
4162,106506.686670
4163,106506.686670
4164,106506.686670
4165,106506.686670
4166,106506.686670
4167,106506.686670
4168,106506.686670
4169,106506.686670
4170,106506.686670
4171,106506.686670
4172,106506.686670
4173,106506.686670
4174,106506.686670
4175,106506.686670
4176,106506.686670
4177,106506.686670
4178,106506.686670
4179,106506.686670
4180,106506.686670
4181,106506.686670
4182,106506.686670
4183,106506.686670
4184,106506.686670
4185,106506.686670
4186,106506.686670
4187,106506.686670
4188,106506.686670
4189,106506.686670
4190,106506.686670
4191,106506.686670
4192,106506.686670
4193,106506.686670
4194,106506.686670
4195,106506.686670
4196,106506.686670
4197,106506.686670
4198,106506.686670
4199,106506.686670
4200,106506.686670
4201,106506.686670
4202,106506.686670
4203,106506.686670
4204,106506.686670
4205,106506.686670
4206,106506.686670
4207,106506.686670
4208,106506.686670
4209,106506.686670
4210,106506.686670
4211,106506.686670
4212,106506.686670
4213,106506.686670
4214,106506.686670
4215,106506.686670
4216,106506.686670
4217,106506.686670
4218,106506.686670
4219,106506.686670
4220,106506.686670
4221,106506.686670
4222,106506.686670
4223,106506.686670
4224,106506.686670
4225,106506.686670
4226,106506.686670
4227,106506.686670
4228,106506.686670
4229,106506.686670
4230,106506.686670
4231,106506.686670
4232,106506.686670
4233,106506.686670
4234,106506.686670
4235,106506.686670
4236,106506.686670
4237,106506.686670
4238,106506.686670
4239,106506.686670
4240,106506.686670
4241,106506.686670
4242,106506.686670
4243,106506.686670
4244,106506.686670
4245,106506.686670
4246,106506.686670
4247,106506.686670
4248,106506.686670
4249,106506.686670
4250,106506.686670
4251,106506.686670
4252,106506.686670
4253,106506.686670
4254,106506.686670
4255,106506.686670
4256,106506.686670
4257,106506.686670
4258,106506.686670
4259,106506.686670
4260,106506.686670
4261,106506.686670
4262,106506.686670
4263,106506.686670
4264,106506.686670
4265,106506.686670
4266,106506.686670
4267,106506.686670
4268,106506.686670
4269,106506.686670
4270,106506.686670
4271,106506.686670
4272,106506.686670
4273,106506.686670
4274,106506.686670
4275,106506.686670
4276,106506.686670
4277,106506.686670
4278,106506.686670
4279,106506.686670
4280,106506.686670
4281,106506.686670
4282,106506.686670
4283,106506.686670
4284,106506.686670
4285,106506.686670
4286,106506.686670
4287,106506.686670
4288,106506.686670
4289,106506.686670
4290,106506.686670
4291,106506.686670
4292,106506.686670
4293,106506.686670
4294,106506.686670
4295,106506.686670
4296,106506.686670
4297,106506.686670
4298,106506.686670
4299,106506.686670
4300,106506.686670
4301,106506.686670
4302,106506.686670
4303,106506.686670
4304,106506.686670
4305,106506.686670
4306,106506.686670
4307,106506.686670
4308,106506.686670
4309,106506.686670
4310,106506.686670
4311,106506.686670
4312,106506.686670
4313,106506.686670
4314,106506.686670
4315,106506.686670
4316,106506.686670
4317,106506.686670
4318,106506.686670
4319,106506.686670
4320,106506.686670
4321,106506.686670
4322,106506.686670
4323,106506.686670
4324,106506.686670
4325,106506.686670
4326,106506.686670
4327,106506.686670
4328,106506.686670
4329,106506.686670
4330,106506.686670
4331,106506.686670
4332,106506.686670
4333,106506.686670
4334,106506.686670
4335,106506.686670
4336,106506.686670
4337,106506.686670
4338,106506.686670
4339,106506.686670
4340,106506.686670
4341,106506.686670
4342,106506.686670
4343,106506.686670
4344,106506.686670
4345,106506.686670
4346,106506.686670
4347,106506.686670
4348,106506.686670
4349,106506.686670
4350,106506.686670
4351,106506.686670
4352,106506.686670
4353,106506.686670
4354,106506.686670
4355,106506.686670
4356,106506.686670
4357,106506.686670
4358,106506.686670
4359,106506.686670
4360,106506.686670
4361,106506.686670
4362,106506.686670
4363,106506.686670
4364,106506.686670
4365,106506.686670
4366,106506.686670
4367,106506.686670
4368,106506.686670
4369,106506.686670
4370,106506.686670
4371,106506.686670
4372,106506.686670
4373,106506.686670
4374,106506.686670
4375,106506.686670
4376,106506.686670
4377,106506.686670
4378,106506.686670
4379,106506.686670
4380,106506.686670
4381,106506.686670
4382,106506.686670
4383,106506.686670
4384,106506.686670
4385,106506.686670
4386,106506.686670
4387,106506.686670
4388,106506.686670
4389,106506.686670
4390,106506.686670
4391,106506.686670
4392,106506.686670
4393,106506.686670
4394,106506.686670
4395,106506.686670
4396,106506.686670
4397,106506.686670
4398,106506.686670
4399,106506.686670
4400,106506.686670
4401,106506.686670
4402,106506.686670
4403,106506.686670
4404,106506.686670
4405,106506.686670
4406,106506.686670
4407,106506.686670
4408,106506.686670
4409,106506.686670
4410,106506.686670
4411,106506.686670
4412,106506.686670
4413,106506.686670
4414,106506.686670
4415,106506.686670
4416,106506.686670
4417,106506.686670
4418,106506.686670
4419,106506.686670
4420,106506.686670
4421,106506.686670
4422,106506.686670
4423,106506.686670
4424,106506.686670
4425,106506.686670
4426,106506.686670
4427,106506.686670
4428,106506.686670
4429,106506.686670
4430,106506.686670
4431,106506.686670
4432,106506.686670
4433,106506.686670
4434,106506.686670
4435,106506.686670
4436,106506.686670
4437,106506.686670
4438,106506.686670
4439,106506.686670
4440,106506.686670
4441,106506.686670
4442,106506.686670
4443,106506.686670
4444,106506.686670
4445,106506.686670
4446,106506.686670
4447,106506.686670
4448,106506.686670
4449,106506.686670
4450,106506.686670
4451,106506.686670
4452,106506.686670
4453,106506.686670
4454,106506.686670
4455,106506.686670
4456,106506.686670
4457,106506.686670
4458,106506.686670
4459,106506.686670
4460,106506.686670
4461,106506.686670
4462,106506.686670
4463,106506.686670
4464,106506.686670
4465,106506.686670
4466,106506.686670
4467,106506.686670
4468,106506.686670
4469,106506.686670
4470,106506.686670
4471,106506.686670
4472,106506.686670
4473,106506.686670
4474,106506.686670
4475,106506.686670
4476,106506.686670
4477,106506.686670
4478,106506.686670
4479,106506.686670
4480,106506.686670
4481,106506.686670
4482,106506.686670
4483,106506.686670
4484,106506.686670
4485,106506.686670
4486,106506.686670
4487,106506.686670
4488,106506.686670
4489,106506.686670
4490,106506.686670
4491,106506.686670
4492,106506.686670
4493,106506.686670
4494,106506.686670
4495,106506.686670
4496,106506.686670
4497,106506.686670
4498,106506.686670
4499,106506.686670
4500,106506.686670
4501,106506.686670
4502,106506.686670
4503,106506.686670
4504,106506.686670
4505,106506.686670
4506,106506.686670
4507,106506.686670
4508,106506.686670
4509,106506.686670
4510,106506.686670
4511,106506.686670
4512,106506.686670
4513,106506.686670
4514,106506.686670
4515,106506.686670
4516,106506.686670
4517,106506.686670
4518,106506.686670
4519,106506.686670
4520,106506.686670
4521,106506.686670
4522,106506.686670
4523,106506.686670
4524,106506.686670
4525,106506.686670
4526,106506.686670
4527,106506.686670
4528,106506.686670
4529,106506.686670
4530,106506.686670
4531,106506.686670
4532,106506.686670
4533,106506.686670
4534,106506.686670
4535,106506.686670
4536,106506.686670
4537,106506.686670
4538,106506.686670
4539,106506.686670
4540,106506.686670
4541,106506.686670
4542,106506.686670
4543,106506.686670
4544,106506.686670
4545,106506.686670
4546,106506.686670
4547,106506.686670
4548,106506.686670
4549,106506.686670
4550,106506.686670
4551,106506.686670
4552,106506.686670
4553,106506.686670
4554,106506.686670
4555,106506.686670
4556,106506.686670
4557,106506.686670
4558,106506.686670
4559,106506.686670
4560,106506.686670
4561,106506.686670
4562,106506.686670
4563,106506.686670
4564,106506.686670
4565,106506.686670
4566,106506.686670
4567,106506.686670
4568,106506.686670
4569,106506.686670
4570,106506.686670
4571,106506.686670
4572,106506.686670
4573,106506.686670
4574,106506.686670
4575,106506.686670
4576,106506.686670
4577,106506.686670
4578,106506.686670
4579,106506.686670
4580,106506.686670
4581,106506.686670
4582,106506.686670
4583,106506.686670
4584,106506.686670
4585,106506.686670
4586,106506.686670
4587,106506.686670
4588,106506.686670
4589,106506.686670
4590,106506.686670
4591,106506.686670
4592,106506.686670
4593,106506.686670
4594,106506.686670
4595,106506.686670
4596,106506.686670
4597,106506.686670
4598,106506.686670
4599,106506.686670
4600,106506.686670
4601,106506.686670
4602,106506.686670
4603,106506.686670
4604,106506.686670
4605,106506.686670
4606,106506.686670
4607,106506.686670
4608,106506.686670
4609,106506.686670
4610,106506.686670
4611,106506.686670
4612,106506.686670
4613,106506.686670
4614,106506.686670
4615,106506.686670
4616,106506.686670
4617,106506.686670
4618,106506.686670
4619,106506.686670
4620,106506.686670
4621,106506.686670
4622,106506.686670
4623,106506.686670
4624,106506.686670
4625,106506.686670
4626,106506.686670
4627,106506.686670
4628,106506.686670
4629,106506.686670
4630,106506.686670
4631,106506.686670
4632,106506.686670
4633,106506.686670
4634,106506.686670
4635,106506.686670
4636,106506.686670
4637,106506.686670
4638,106506.686670
4639,106506.686670
4640,106506.686670
4641,106506.686670
4642,106506.686670
4643,106506.686670
4644,106506.686670
4645,106506.686670
4646,106506.686670
4647,106506.686670
4648,106506.686670
4649,106506.686670
4650,106506.686670
4651,106506.686670
4652,106506.686670
4653,106506.686670
4654,106506.686670
4655,106506.686670
4656,106506.686670
4657,106506.686670
4658,106506.686670
4659,106506.686670
4660,106506.686670
4661,106506.686670
4662,106506.686670
4663,106506.686670
4664,106506.686670
4665,106506.686670
4666,106506.686670
4667,106506.686670
4668,106506.686670
4669,106506.686670
4670,106506.686670
4671,106506.686670
4672,106506.686670
4673,106506.686670
4674,106506.686670
4675,106506.686670
4676,106506.686670
4677,106506.686670
4678,106506.686670
4679,106506.686670
4680,106506.686670
4681,106506.686670
4682,106506.686670
4683,106506.686670
4684,106506.686670
4685,106506.686670
4686,106506.686670
4687,106506.686670
4688,106506.686670
4689,106506.686670
4690,106506.686670
4691,106506.686670
4692,106506.686670
4693,106506.686670
4694,106506.686670
4695,106506.686670
4696,106506.686670
4697,106506.686670
4698,106506.686670
4699,106506.686670
4700,106506.686670
4701,106506.686670
4702,106506.686670
4703,106506.686670
4704,106506.686670
4705,106506.686670
4706,106506.686670
4707,106506.686670
4708,106506.686670
4709,106506.686670
4710,106506.686670
4711,106506.686670
4712,106506.686670
4713,106506.686670
4714,106506.686670
4715,106506.686670
4716,106506.686670
4717,106506.686670
4718,106506.686670
4719,106506.686670
4720,106506.686670
4721,106506.686670
4722,106506.686670
4723,106506.686670
4724,106506.686670
4725,106506.686670
4726,106506.686670
4727,106506.686670
4728,106506.686670
4729,106506.686670
4730,106506.686670
4731,106506.686670
4732,106506.686670
4733,106506.686670
4734,106506.686670
4735,106506.686670
4736,106506.686670
4737,106506.686670
4738,106506.686670
4739,106506.686670
4740,106506.686670
4741,106506.686670
4742,106506.686670
4743,106506.686670
4744,106506.686670
4745,106506.686670
4746,106506.686670
4747,106506.686670
4748,106506.686670
4749,106506.686670
4750,106506.686670
4751,106506.686670
4752,106506.686670
4753,106506.686670
4754,106506.686670
4755,106506.686670
4756,106506.686670
4757,106506.686670
4758,106506.686670
4759,106506.686670
4760,106506.686670
4761,106506.686670
4762,106506.686670
4763,106506.686670
4764,106506.686670
4765,106506.686670
4766,106506.686670
4767,106506.686670
4768,106506.686670
4769,106506.686670
4770,106506.686670
4771,106506.686670
4772,106506.686670
4773,106506.686670
4774,106506.686670
4775,106506.686670
4776,106506.686670
4777,106506.686670
4778,106506.686670
4779,106506.686670
4780,106506.686670
4781,106506.686670
4782,106506.686670
4783,106506.686670
4784,106506.686670
4785,106506.686670
4786,106506.686670
4787,106506.686670
4788,106506.686670
4789,106506.686670
4790,106506.686670
4791,106506.686670
4792,106506.686670
4793,106506.686670
4794,106506.686670
4795,106506.686670
4796,106506.686670
4797,106506.686670
4798,106506.686670
4799,106506.686670
4800,106506.686670
4801,106506.686670
4802,106506.686670
4803,106506.686670
4804,106506.686670
4805,106506.686670
4806,106506.686670
4807,106506.686670
4808,106506.686670
4809,106506.686670
4810,106506.686670
4811,106506.686670
4812,106506.686670
4813,106506.686670
4814,106506.686670
4815,106506.686670
4816,106506.686670
4817,106506.686670
4818,106506.686670
4819,106506.686670
4820,106506.686670
4821,106506.686670
4822,106506.686670
4823,106506.686670
4824,106506.686670
4825,106506.686670
4826,106506.686670
4827,106506.686670
4828,106506.686670
4829,106506.686670
4830,106506.686670
4831,106506.686670
4832,106506.686670
4833,106506.686670
4834,106506.686670
4835,106506.686670
4836,106506.686670
4837,106506.686670
4838,106506.686670
4839,106506.686670
4840,106506.686670
4841,106506.686670
4842,106506.686670
4843,106506.686670
4844,106506.686670
4845,106506.686670
4846,106506.686670
4847,106506.686670
4848,106506.686670
4849,106506.686670
4850,106506.686670
4851,106506.686670
4852,106506.686670
4853,106506.686670
4854,106506.686670
4855,106506.686670
4856,106506.686670
4857,106506.686670
4858,106506.686670
4859,106506.686670
4860,106506.686670
4861,106506.686670
4862,106506.686670
4863,106506.686670
4864,106506.686670
4865,106506.686670
4866,106506.686670
4867,106506.686670
4868,106506.686670
4869,106506.686670
4870,106506.686670
4871,106506.686670
4872,106506.686670
4873,106506.686670
4874,106506.686670
4875,106506.686670
4876,106506.686670
4877,106506.686670
4878,106506.686670
4879,106506.686670
4880,106506.686670
4881,106506.686670
4882,106506.686670
4883,106506.686670
4884,106506.686670
4885,106506.686670
4886,106506.686670
4887,106506.686670
4888,106506.686670
4889,106506.686670
4890,106506.686670
4891,106506.686670
4892,106506.686670
4893,106506.686670
4894,106506.686670
4895,106506.686670
4896,106506.686670
4897,106506.686670
4898,106506.686670
4899,106506.686670
4900,106506.686670
4901,106506.686670
4902,106506.686670
4903,106506.686670
4904,106506.686670
4905,106506.686670
4906,106506.686670
4907,106506.686670
4908,106506.686670
4909,106506.686670
4910,106506.686670
4911,106506.686670
4912,106506.686670
4913,106506.686670
4914,106506.686670
4915,106506.686670
4916,106506.686670
4917,106506.686670
4918,106506.686670
4919,106506.686670
4920,106506.686670
4921,106506.686670
4922,106506.686670
4923,106506.686670
4924,106506.686670
4925,106506.686670
4926,106506.686670
4927,106506.686670
4928,106506.686670
4929,106506.686670
4930,106506.686670
4931,106506.686670
4932,106506.686670
4933,106506.686670
4934,106506.686670
4935,106506.686670
4936,106506.686670
4937,106506.686670
4938,106506.686670
4939,106506.686670
4940,106506.686670
4941,106506.686670
4942,106506.686670
4943,106506.686670
4944,106506.686670
4945,106506.686670
4946,106506.686670
4947,106506.686670
4948,106506.686670
4949,106506.686670
4950,106506.686670
4951,106506.686670
4952,106506.686670
4953,106506.686670
4954,106506.686670
4955,106506.686670
