,equal,risk_parity,correlation_off
2024-08-24,99971.82177186354,100023.85181960613,100023.90701448523
2024-08-25,100115.00212580727,100033.19217563904,100033.23325689539
2024-08-26,100085.21375373226,100030.49643062976,100030.5445786023
2024-08-27,99795.4508469139,100062.54450809564,100062.0609292516
2024-08-28,99725.0399709508,100056.89957656838,100056.40929729212
2024-08-29,99665.53500092724,100054.01709391856,100053.56085572725
2024-08-30,99707.98438872235,100041.45675009633,100041.06524329215
2024-08-31,99846.77527668144,100050.28104849545,100049.87466973794
2024-09-01,99816.64403287382,100048.49282360755,100048.09671912163
2024-09-02,99853.49688731658,100054.1759494169,100053.75629958294
2024-09-03,99828.28612913821,100052.39347524088,100051.97641032208
2024-09-04,99769.62028544,100057.14628279445,100056.72736278932
2024-09-05,99764.78663330077,100058.14637264221,100057.75612870915
2024-09-06,99821.71996884266,100062.27598102608,100061.84788930127
2024-09-07,99866.0558003085,100078.5297390799,100078.07076821127
2024-09-08,99831.20219875952,100079.30999787322,100078.90357037468
2024-09-09,99597.25207255699,100056.94135354923,100056.5530670867
2024-09-10,99647.1504377879,100059.19216648933,100058.77174319336
2024-09-11,99782.12449712069,100064.16537706686,100063.66160184043
2024-09-12,99777.9078148053,100073.8369231612,100073.36575156575
2024-09-13,99636.50952092104,100062.91627843743,100062.4919235441
2024-09-14,99634.08481974201,100062.6884370874,100062.26315517303
2024-09-15,99434.15378910837,100043.55393832429,100043.0449263827
2024-09-16,99427.14764326348,100041.39581770002,100040.85265980283
2024-09-17,99325.42009574936,100031.36116700462,100030.7694473784
2024-09-18,99388.760499549,100003.34429895155,100002.66267518098
2024-09-19,99217.33581293997,99991.75271789728,99991.10093385038
2024-09-20,98893.32673931512,99993.27208204601,99992.63536231953
2024-09-21,98934.6469391197,99953.81577635845,99952.9437517635
2024-09-22,98938.76385967962,99954.63715348914,99953.77578327066
2024-09-23,99027.77391789123,99960.73624054616,99959.8604756689
2024-09-24,98980.38267391366,99958.81807325884,99957.97781033456
2024-09-25,99013.02683450008,99961.3406673415,99960.50114442715
2024-09-26,98979.0641400145,99958.87152759149,99958.05617371431
2024-09-27,98917.65281251678,99953.56018567244,99952.73156344754
2024-09-28,98884.8418550282,99967.22214374575,99966.38887463478
2024-09-29,98657.51911191855,99951.19348368456,99950.38772414412
2024-09-30,98645.9878737141,99943.30439458527,99942.53125631856
2024-10-01,98523.21376090463,99934.12516175819,99933.35633900888
2024-10-02,98603.4724468037,99955.24753105426,99954.37497045433
2024-10-03,98611.14427089693,99955.89014340192,99955.01453521349
2024-10-04,98734.61561614451,99961.89045065102,99961.03103630093
2024-10-05,98803.65736255434,99966.51404684868,99965.64097967118
2024-10-06,98833.88663653024,99968.45918168926,99967.5785042447
2024-10-07,98803.68124363654,99946.33092236161,99945.46546693717
2024-10-08,98815.42154460782,99938.68761394614,99937.79332303639
2024-10-09,98932.73285426805,99946.54924657092,99945.63206811371
2024-10-10,99068.51729526259,99954.57234942031,99953.6063207772
2024-10-11,99234.87182634986,99975.1056996797,99974.05671198583
2024-10-12,99299.50608190891,99978.4785764917,99977.3972511399
2024-10-13,99278.1727432086,99976.67242453864,99975.60070252747
2024-10-14,99346.26706023134,99979.76999009118,99978.65467559505
2024-10-15,99269.24019616473,99970.97669305767,99969.79959025896
2024-10-16,99436.82661674373,99980.93180233632,99979.69633702705
2024-10-17,99437.79213274174,99989.80680364712,99988.58277528768
2024-10-18,99409.72650435152,99989.4400263811,99988.25299823825
2024-10-19,99321.08633108648,99983.37446063221,99982.21938795551
2024-10-20,99142.46986781253,99988.18409670507,99986.80852193359
2024-10-21,99292.94216537256,99997.41616357508,99995.99398180924
2024-10-22,99426.25972762225,100000.96320174907,99999.473308695
2024-10-23,99174.3678178515,99975.67746487567,99974.21864240596
2024-10-24,99339.3243977265,99985.17536899766,99983.6524919531
2024-10-25,99197.21340531964,99975.91294922738,99974.42224322625
2024-10-26,99366.53604247332,99993.16465762787,99991.66476172868
2024-10-27,99484.36372880447,100000.04686813781,99998.50360113403
2024-10-28,99484.63557995785,99998.43117938287,99996.8535745847
2024-10-29,99411.41296595853,100034.50878675713,100032.57788600647
2024-10-30,99411.56781435534,100034.3107817888,100032.39256313299
2024-10-31,99570.61194766453,100038.73638020875,100036.76887706578
2024-11-01,99622.71248602077,100034.5721398054,100032.6081580881
2024-11-02,99466.54556669544,100025.68287352807,100023.78075382079
2024-11-03,99438.12278716498,100026.34913657967,100024.50626570289
2024-11-04,99476.91591193115,100023.78211572615,100021.88538951757
2024-11-05,99554.4279016389,100034.5417791646,100032.66689537831
2024-11-06,99437.15600800092,100022.49696035146,100020.55599272392
2024-11-07,99621.38375755599,100040.66674190301,100038.81348836602
2024-11-08,99435.61983093031,100028.77287311139,100026.96552245163
2024-11-09,99484.43225530692,100029.66324412746,100027.87674824713
2024-11-10,99487.23971651324,100025.41136121454,100023.53117981133
2024-11-11,99084.81661527453,99997.07916875633,99995.2453544148
2024-11-12,99545.97209173135,100032.06589819546,100030.22905569225
2024-11-13,99859.66583037886,100129.88278811496,100127.88711012612
2024-11-14,100091.14781526316,100141.11873744673,100139.05289761444
2024-11-15,100101.79357257178,100134.23033822703,100132.11152347516
2024-11-16,100309.84852742888,100145.80062651499,100143.59491571796
2024-11-17,100011.37437979877,100128.50460055622,100126.40800858282
2024-11-18,100281.63564748637,100141.17532094065,100138.98494099325
2024-11-19,100456.58013480004,100154.40423308735,100152.21467997273
2024-11-20,100632.50997144624,100162.30697517689,100160.00540453951
2024-11-21,100585.92281654633,100157.6540869805,100155.32835296252
2024-11-22,100781.28637041688,100163.94545637976,100161.44359238897
2024-11-23,100873.77797051129,100163.30844033358,100160.67897761005
2024-11-24,100615.99118217666,100144.04713551894,100141.41910106866
2024-11-25,100817.04521281942,100149.14657335376,100146.47219141354
2024-11-26,100710.67622178636,100141.54209530137,100138.87557474923
2024-11-27,100977.57968285268,100157.99243389006,100155.2505963824
2024-11-28,101136.00297733332,100231.4589367374,100228.92008814588
2024-11-29,101114.67220650324,100231.25703483234,100228.74743328684
2024-11-30,101206.76203722785,100231.39627666489,100228.74501648746
2024-12-01,101323.29133739695,100240.55116076607,100237.90912926507
2024-12-02,101507.38947092861,100250.49557598813,100247.77365394823
2024-12-03,101441.54400746022,100247.1120730031,100244.42218481586
2024-12-04,101598.49896368144,100257.76415508412,100255.05201471061
2024-12-05,101547.7286554644,100261.59115982025,100259.03863281889
2024-12-06,101378.95450788652,100254.80483962603,100252.3738940073
2024-12-07,101507.53455057196,100257.4677228908,100254.99534703817
2024-12-08,101650.63242208447,100266.9694577059,100264.47253489852
2024-12-09,101604.17081394212,100294.61388195104,100292.12314646372
2024-12-10,101645.08563027208,100300.5887090372,100298.15933066639
2024-12-11,101738.61800850174,100297.27008273688,100294.8163631661
2024-12-12,101622.6998284313,100284.29492717375,100281.80888746193
2024-12-13,101624.92683801445,100288.16171698362,100285.7533036318
2024-12-14,101298.48481030663,100269.07127517686,100266.77264329407
2024-12-15,101267.7099972296,100268.65817998801,100266.39912900254
2024-12-16,101251.34943596392,100269.43259091488,100267.21544179882
2024-12-17,101070.3732213176,100270.34099498797,100268.16943035217
2024-12-18,101385.28207114304,100290.71511366116,100288.47615550489
2024-12-19,101649.32547670827,100378.89142498608,100376.85719700858
2024-12-20,101651.98842452632,100411.16978835211,100409.25154648168
2024-12-21,101112.23815299242,100381.21789502668,100379.51566547005
2024-12-22,101324.18119776745,100394.23518807755,100392.4728492761
2024-12-23,101526.59033357039,100405.64577455932,100403.82363656002
2024-12-24,101542.9658858751,100399.4251606259,100397.63903852901
2024-12-25,101417.54945344219,100394.18621225227,100392.48656542895
2024-12-26,101779.17633900688,100416.28939803984,100414.48657325917
2024-12-27,101968.96480871234,100428.36338470696,100426.51733233343
2024-12-28,101719.56773281445,100381.62467200111,100380.18015317709
2024-12-29,101665.47861915056,100349.99118516949,100348.40476669144
2024-12-30,101751.64078597579,100360.34504123556,100358.67855951168
2024-12-31,101568.11149004677,100332.14000959758,100330.49111664576
2025-01-01,101661.82212094235,100337.04733287403,100335.35479865117
2025-01-02,101459.46849316127,100327.80185317136,100326.2316349454
2025-01-03,101383.38776455926,100321.49052722253,100319.91827328896
2025-01-04,101561.10887878235,100330.93649108276,100329.30540658487
2025-01-05,101569.08341899025,100331.30559189964,100329.6697752745
2025-01-06,101645.79915181495,100335.83860208368,100334.17788190264
2025-01-07,101752.44380907156,100338.74273787408,100336.97622688493
2025-01-08,101553.15923942463,100328.38703094189,100326.71447747212
2025-01-09,101651.40454850586,100333.57047604276,100331.85296253269
2025-01-10,101641.6976720895,100319.48473510299,100317.81553106132
2025-01-11,101692.76115582688,100323.17959865129,100321.50810237846
2025-01-12,101817.57376581541,100331.62291678615,100329.93357198336
2025-01-13,101748.43303046525,100316.37920873066,100314.4779078359
2025-01-14,101853.98185012204,100322.41936172599,100320.47997257441
2025-01-15,101509.66869139833,100298.89477606185,100296.9989529005
2025-01-16,101665.39519522044,100308.67441033742,100306.74007469985
2025-01-17,101575.93974053611,100304.02823735605,100302.13621194418
2025-01-18,101230.58074226794,100300.13907559236,100298.25325616424
2025-01-19,100882.19365047484,100279.33084612468,100277.64830542727
2025-01-20,101283.23758278713,100269.52357949952,100267.73088884195
2025-01-21,101494.66754372054,100282.90096917367,100281.12140171038
2025-01-22,101752.49429376036,100303.73191120883,100301.85559453699
2025-01-23,102159.63069663823,100330.01294479729,100328.05239118318
2025-01-24,102139.74121023277,100330.51795949011,100328.6028165058
2025-01-25,101916.24480065334,100315.9080796292,100314.10397702374
2025-01-26,101820.02667593127,100310.46859669592,100308.70036161342
2025-01-27,101930.75028146691,100310.48026509941,100308.56795351491
2025-01-28,101992.18135371196,100313.70422559687,100311.7851714036
2025-01-29,102466.42898727818,100448.00302544316,100444.89236055245
2025-01-30,102642.73537168893,100457.06761154877,100453.87328685493
2025-01-31,102434.59455865929,100434.98480354245,100431.6748796233
2025-02-01,102164.7007237709,100418.75919688432,100415.52818618513
2025-02-02,101938.81467478139,100396.7963223818,100393.45644525683
2025-02-03,102354.39863287854,100428.7681449967,100425.45036247926
2025-02-04,102381.29070393271,100422.29889700806,100418.98023719362
2025-02-05,102424.78666827788,100373.13252705708,100369.58805588647
2025-02-06,102365.19372085617,100375.45223957874,100372.04889298565
2025-02-07,102553.0860622598,100384.79024463338,100381.2908783372
2025-02-08,102627.41412651972,100389.01325788326,100385.48719517735
2025-02-09,102697.79732314261,100395.57596138553,100392.07844241316
2025-02-10,102765.84360046266,100396.83944660074,100393.4160364335
2025-02-11,102991.25307766863,100411.60220996004,100408.13953839245
2025-02-12,103166.52665937718,100425.83423726204,100422.39930016999
2025-02-13,103337.82932506583,100435.7114796987,100432.21952360777
2025-02-14,103327.66813516668,100438.42739061244,100435.00801526122
2025-02-15,103401.66100611119,100443.74660736424,100440.32484061427
2025-02-16,103495.94420719151,100449.47864454072,100446.03200026765
2025-02-17,102958.7459797279,100403.01107069594,100399.5070675073
2025-02-18,102533.38513118337,100376.32427781497,100372.97535469146
2025-02-19,102631.55185400114,100381.001154446,100377.612510183
2025-02-20,102489.24217781248,100372.437307946,100369.08956101083
2025-02-21,102713.689378917,100390.74879786927,100387.59788979591
2025-02-22,103046.59443159551,100409.02935336997,100405.74642900293
2025-02-23,103109.66758117595,100416.0954455557,100412.81891192083
2025-02-24,102730.71995638718,100391.41218042698,100388.20260619212
2025-02-25,102573.27087071589,100379.36628873606,100376.14782710787
2025-02-26,102495.94684533824,100406.13307619559,100402.66355446285
2025-02-27,102751.64358456292,100432.63747779618,100429.0945869299
2025-02-28,102254.28313945598,100417.00672466499,100413.55942936995
2025-03-01,102245.7500212049,100416.13735055261,100412.68510029107
2025-03-02,102363.04846513573,100460.65359737654,100457.20478604366
2025-03-03,101857.58935210804,100437.10230941293,100433.94540185628
2025-03-04,102212.3239083263,100506.44128250441,100503.34030771379
2025-03-05,102534.20653855367,100530.1858354156,100527.08147064771
2025-03-06,102411.92713793204,100510.67896869697,100507.56492572823
2025-03-07,102507.06073404058,100520.37264726004,100517.31399465089
2025-03-08,102401.49331348887,100506.36139070148,100503.17288660727
2025-03-09,102407.44570572824,100504.10607738244,100500.86103040796
2025-03-10,102591.93847255026,100518.27733868522,100515.04265971137
2025-03-11,102642.71801448648,100518.2619001296,100514.9907073413
2025-03-12,102928.96475086562,100534.23208592314,100530.85177031731
2025-03-13,103073.26441771738,100543.28529300267,100539.8715643026
2025-03-14,103207.94891748377,100551.84517295177,100548.4028322991
2025-03-15,103220.4204284005,100552.9489926221,100549.51055019321
2025-03-16,103035.91347681815,100543.65335498292,100540.30469399234
2025-03-17,103219.51947007945,100556.59340757556,100553.22349685639
2025-03-18,103188.25927194659,100552.92383693055,100549.5252212884
2025-03-19,103325.60166725857,100558.18460940372,100554.71967873337
2025-03-20,103422.77442286363,100564.37664005122,100560.89174751795
2025-03-21,103557.76680263189,100573.1413261171,100569.65029925597
2025-03-22,103521.41298691405,100571.49907073319,100568.02764878396
2025-03-23,103213.56741388,100552.13144459191,100548.72764634369
2025-03-24,103062.30490176707,100545.76497536803,100542.46109008072
2025-03-25,103278.4851910727,100559.70537700618,100556.34045591562
2025-03-26,103214.87847491736,100556.50567461061,100553.1752969427
2025-03-27,103350.30027330543,100564.66688217172,100561.31629274816
2025-03-28,103509.73993098298,100576.54861540988,100573.20143046742
2025-03-29,103753.9729707309,100590.05718645155,100586.61737467448
2025-03-30,103782.99702827833,100589.50060922271,100586.05265536977
2025-03-31,103769.23506877251,100592.73535565716,100589.31880418844
2025-04-01,103833.07860900332,100596.90703604055,100593.50322941232
2025-04-02,103735.3803120507,100595.55074397812,100592.26841355996
2025-04-03,103524.07800671896,100582.40724970025,100579.17386811436
2025-04-04,103446.3292511217,100579.64390139704,100576.47221846355
2025-04-05,103265.15448705723,100569.79820324003,100566.6990657891
2025-04-06,102984.67365446562,100549.45649259066,100546.36343983165
2025-04-07,102998.95490992181,100549.65099930084,100546.6965797533
2025-04-08,102771.87066266613,100533.06632036279,100530.23820719939
2025-04-09,102945.84725494593,100553.52759160426,100550.67797456523
2025-04-10,102887.46120553356,100533.66707465539,100530.87838281787
2025-04-11,102981.63451908313,100540.53440329611,100537.7439943232
2025-04-12,102806.34387062675,100564.27225333806,100561.14155990552
2025-04-13,103073.45204089468,100573.31064624233,100570.09807265861
2025-04-14,103076.3776999243,100564.05163084093,100560.83402895222
2025-04-15,103345.09465695369,100582.10144813229,100578.84709128532
2025-04-16,103678.292206263,100597.42523625257,100594.22620509061
2025-04-17,103692.18169880794,100595.91308477872,100592.66100202072
2025-04-18,103983.72844417847,100612.80745418367,100609.46164035719
2025-04-19,104082.91748157355,100658.1088853759,100654.95566224372
2025-04-20,104096.5691647641,100658.90318184103,100655.77260292853
2025-04-21,104022.8074120596,100652.85939772133,100649.71505404143
2025-04-22,104243.17484070033,100662.63553020092,100659.35846668635
2025-04-23,104494.13363239999,100678.34001636747,100675.00841692569
2025-04-24,104632.02391767943,100734.72762186255,100731.27676878357
2025-04-25,104697.14180984537,100745.50071914951,100742.1527114919
2025-04-26,104919.10753482259,100762.66911011354,100759.34278500253
2025-04-27,105100.3030549904,100771.8736226882,100768.5513922694
2025-04-28,105086.53150246406,100767.73889243687,100764.36514871157
2025-04-29,105087.02933328766,100767.16851965229,100763.78206118371
2025-04-30,104867.58036178917,100748.57516475118,100745.1550287811
2025-05-01,104888.28713494985,100749.72984179245,100746.30240740554
2025-05-02,104996.87764482062,100770.96021111465,100767.5134983386
2025-05-03,105090.80633857023,100778.4659864739,100775.0338603605
2025-05-04,105135.79088963721,100783.14811155613,100779.74582700538
2025-05-05,105062.52571546109,100776.13929106653,100772.74507148466
2025-05-06,105160.70055553375,100781.58808739754,100778.14877744425
2025-05-07,105133.72655171742,100783.09928305098,100779.73259898594
2025-05-08,104748.23210282478,100749.08389561188,100745.58931003763
2025-05-09,104710.28018521935,100742.50378308647,100738.92905763966
2025-05-10,104365.34235661346,100727.6568633246,100723.53509164123
2025-05-11,104383.44901244142,100729.30549173064,100725.24853130174
2025-05-12,104185.05847784423,100706.5560057369,100702.47861176476
2025-05-13,103673.77361812384,100674.0986034266,100670.12365909411
2025-05-14,103710.70690349198,100676.1802990265,100672.19218537924
2025-05-15,103669.91718285132,100675.80060430928,100671.93853429813
2025-05-16,103630.19106406611,100668.28184756546,100664.30049407596
2025-05-17,104029.66210543274,100691.91622724205,100687.86138795238
2025-05-18,103861.04938875722,100681.37318898315,100677.3008544372
2025-05-19,104165.70456312748,100699.32937650656,100695.23878241489
2025-05-20,104350.50893496515,100709.58152500114,100705.4228552447
2025-05-21,104782.46567300835,100737.94221592841,100733.71768283423
2025-05-22,104947.18715797484,100749.79585558313,100745.56893416098
2025-05-23,104738.1434483952,100728.01159723921,100723.85824142516
2025-05-24,104901.8565990308,100729.37560874083,100725.16605576842
2025-05-25,104981.87584605529,100733.90660150354,100729.67031587909
2025-05-26,105018.32380937455,100733.31960038563,100729.07180499064
2025-05-27,104996.7333542553,100729.39132501786,100725.1326855199
2025-05-28,104868.23193762265,100716.36545434762,100712.02907363798
2025-05-29,105014.40931378731,100718.78495893932,100714.34900524597
2025-05-30,104948.21071785239,100716.68302359407,100711.70613567693
2025-05-31,105097.44084862337,100725.39967698984,100720.37858633426
2025-06-01,104865.96387328568,100713.15414851154,100708.24500982228
2025-06-02,104904.33715622683,100713.2585064478,100708.2931860454
2025-06-03,104736.7474586253,100704.33358096848,100699.43610192822
2025-06-04,104905.47970279063,100719.88634514067,100715.05776524617
2025-06-05,104801.35897435395,100698.6576110567,100693.60352356716
2025-06-06,104914.12264248558,100704.66685586254,100699.60512860761
2025-06-07,104862.90293285296,100704.03594492021,100699.03886638081
2025-06-08,104588.12766389936,100704.57715280232,100699.72845595259
2025-06-09,104368.11341349354,100684.99542674805,100680.07197997157
2025-06-10,104404.35078511779,100720.97691369582,100715.78408010342
2025-06-11,104372.92304290595,100711.3301731266,100706.04428652761
2025-06-12,104420.17648465573,100710.98523206433,100705.61990666436
2025-06-13,104492.9375572331,100726.24784336983,100720.89915528057
2025-06-14,104767.80257271559,100743.93003463735,100738.50894452758
2025-06-15,104739.72218327434,100785.51461275069,100779.68770803676
2025-06-16,104422.9189616545,100763.28620865045,100757.4766060045
2025-06-17,104781.20878989121,100786.66143726265,100780.81219860153
2025-06-18,104910.60032828974,100796.42590555102,100790.56207938943
2025-06-19,104960.70321152873,100800.54563691404,100794.69184355944
2025-06-20,104640.10301885211,100781.3398013123,100775.57144287834
2025-06-21,104043.4140680762,100693.74426027606,100687.69638964112
2025-06-22,103913.59860390525,100684.38048573236,100678.33552199574
2025-06-23,104197.18524785394,100702.97128511334,100696.92362773509
2025-06-24,104275.95665455585,100707.72831373278,100701.65969361225
2025-06-25,104309.36270900846,100708.706379917,100702.60714280343
2025-06-26,104354.08985120873,100709.93853734576,100703.87511707311
2025-06-27,104516.37916649527,100717.96848334564,100711.90376200141
2025-06-28,104111.88559807015,100695.89631944848,100689.98737165591
2025-06-29,104213.89099947351,100699.48130782915,100693.52291833835
2025-06-30,104128.26139491407,100691.84371212649,100685.94375912314
2025-07-01,103920.44439730888,100680.4187832353,100674.59785447658
2025-07-02,103750.04926139381,100657.3932629916,100651.35159555612
2025-07-03,103508.57849436758,100692.39785762843,100685.93303019555
2025-07-04,103549.54588596846,100694.34056268656,100687.85328882241
2025-07-05,103505.33743227628,100688.45856695596,100681.9940901257
2025-07-06,103514.12197916911,100691.92393838195,100685.51847536626
2025-07-07,103460.02529971227,100688.86960749468,100682.48354016333
2025-07-08,103412.26555972718,100681.56933042956,100675.11970078864
2025-07-09,103490.97244677441,100686.57992192454,100680.11382910788
2025-07-10,103519.45106629073,100688.22837141786,100681.7529079867
2025-07-11,103321.28405334702,100674.41605966659,100667.95670067614
2025-07-12,103363.47426955897,100676.32605177659,100669.89440551943
2025-07-13,103380.7982549789,100677.55913974401,100671.12658496862
2025-07-14,103322.11179672259,100672.68517136121,100666.24109290568
2025-07-15,103479.68286829903,100681.68511213163,100675.18629476597
2025-07-16,102921.5098561785,100629.41889286716,100622.7018061747
2025-07-17,102698.33381680453,100610.40713087282,100603.72000502591
2025-07-18,102540.22397073303,100594.96603142213,100588.2009967739
2025-07-19,102776.24344609548,100610.01303576931,100603.19625933708
2025-07-20,102680.82339984062,100598.25582507708,100591.36994074113
2025-07-21,102592.05269813932,100591.623863136,100584.7369060973
2025-07-22,102542.88033300846,100583.89735082565,100576.92503057976
2025-07-23,102452.86413202104,100570.98909816559,100563.98044896437
2025-07-24,102185.60369737181,100556.94321331821,100550.0787151649
2025-07-25,102405.07607414428,100568.70202589461,100561.74160114888
2025-07-26,102569.78316713181,100578.09069649293,100571.07059937842
2025-07-27,102754.77050578421,100590.98932066919,100583.95189914948
2025-07-28,102420.57476413113,100569.23033177736,100562.25564837086
2025-07-29,102599.50196698729,100577.09715928462,100570.06030852777
2025-07-30,102721.83688998688,100583.96109854484,100576.87797594264
2025-07-31,102652.70265943436,100582.80945878469,100575.80944614872
2025-08-01,102746.61590862888,100544.32325232336,100537.15244655317
2025-08-02,102671.30226419827,100543.31790896785,100536.2427845361
2025-08-03,102893.99945166762,100555.24389758235,100548.07298360585
2025-08-04,102683.91143093181,100537.37119344421,100530.15140605564
2025-08-05,102733.02851948551,100539.26219385181,100532.04805237359
2025-08-06,102838.40890861193,100545.75372619445,100538.54695994484
2025-08-07,102350.25231066866,100510.1595612945,100502.96378008166
2025-08-08,102592.33459584121,100527.75108500624,100520.54694713608
2025-08-09,102637.85339301148,100527.1937635757,100519.93911150834
2025-08-10,102624.19428462941,100525.36417343683,100518.11565866382
2025-08-11,102783.37702544294,100571.48930145794,100563.96444473359
2025-08-12,102497.15475286596,100554.32652807965,100546.93425598502
2025-08-13,102436.27627668697,100552.51982790948,100545.18500304793
2025-08-14,102720.13232631063,100575.5537237926,100568.25962170532
2025-08-15,102258.21093093918,100546.17668997032,100538.98411857021
2025-08-16,102286.10960808644,100547.76890390851,100540.56620906183
2025-08-17,102366.39244339018,100553.02546583749,100545.81139012997
2025-08-18,102299.04321413711,100551.68432501428,100544.43841700211
2025-08-19,102604.20548798844,100573.11967325342,100565.87798888654
2025-08-20,102657.04165187247,100579.39012358921,100572.06031177395
2025-08-21,102828.23710923237,100589.78454654812,100582.40660843498
2025-08-22,102721.37454732033,100585.46619161479,100578.09673765421
2025-08-23,102731.684390121,100587.11971782232,100579.76887662246
2025-08-24,102561.50292006736,100580.70633374687,100573.48518318353
2025-08-25,102219.3425308842,100560.2364891603,100553.11838847876
2025-08-26,102231.42332161183,100563.26689912553,100556.19339754464
2025-08-27,102100.44537568167,100550.48258185177,100543.4068972534
2025-08-28,102026.72100227098,100545.0051206503,100537.9312835591
2025-08-29,102096.778921584,100551.85605440111,100544.81625640148
2025-08-30,101844.07997996223,100537.7609622857,100530.82032140001
2025-08-31,101810.32845588909,100535.84446975202,100528.91648471456
2025-09-01,101897.41186666014,100538.58166574303,100531.59385751249
2025-09-02,101828.3103631203,100537.0077538432,100530.09498411782
2025-09-03,101845.80078652971,100534.79930366657,100527.8129610123
2025-09-04,101847.60090919131,100530.00358693063,100522.91405730727
2025-09-05,102083.94617111045,100540.54369489962,100533.37149902251
2025-09-06,102275.29097813259,100499.78424556063,100493.14959981389
2025-09-07,102178.7091118902,100496.33420361675,100489.77764381169
2025-09-08,102153.25634589407,100494.23069851896,100487.66975114244
2025-09-09,102494.66062543054,100512.43854415095,100505.76004119242
2025-09-10,102564.64319602364,100517.78215885427,100511.10682103135
2025-09-11,102896.15090099516,100541.84654172718,100535.16039073638
2025-09-12,102842.11832308533,100540.60181406561,100533.97322379063
2025-09-13,102659.48037892808,100528.30231082613,100521.69903155946
2025-09-14,102648.93393324118,100528.46812040676,100521.90209592946
2025-09-15,102492.36994617495,100519.55796549923,100513.04825316087
2025-09-16,102752.35796720641,100536.07129011121,100529.50344416562
2025-09-17,102740.27388164107,100531.26602454737,100524.61631101715
2025-09-18,102773.00168627001,100534.94661845884,100528.27507261492
2025-09-19,102849.96135140337,100540.99289337652,100534.32868254266
2025-09-20,102742.80646291522,100534.54213681592,100527.9237503694
2025-09-21,102585.51943535997,100521.46036677729,100514.81188425932
2025-09-22,102385.19196947913,100577.89605127583,100571.57065558148
2025-09-23,102576.92134043004,100588.84632842096,100582.45149865505
2025-09-24,102648.17528053114,100599.5989367422,100593.28022875462
2025-09-25,103002.3852780599,100613.67245753424,100607.25458550852
2025-09-26,102851.86978771159,100604.63934625048,100598.26521331299
2025-09-27,102892.87819717274,100609.9101757697,100603.55724629555
2025-09-28,102870.91534941102,100609.32944014469,100602.99836435607
2025-09-29,102964.33927650041,100615.52133253921,100609.17518445407
2025-09-30,102920.35002786896,100610.30045218878,100603.95053014036
2025-10-01,103016.13241415206,100616.8863725302,100610.52604318899
2025-10-02,103005.79625905526,100583.08580881731,100576.57779183035
2025-10-03,103084.38475720435,100586.51409991793,100579.95631516344
2025-10-04,103015.58712982861,100622.13193020133,100615.55367868273
2025-10-05,103112.63487260952,100630.95723936071,100624.38487188677
2025-10-06,103137.11943073425,100632.28263476318,100625.70016878631
2025-10-07,103290.92822305959,100641.2160628263,100634.59639232994
2025-10-08,103352.78830926941,100645.66937320969,100639.07228346645
2025-10-09,103381.06801298828,100636.87022761341,100630.10890059565
2025-10-10,103644.8813792866,100656.59033000853,100649.85451638204
2025-10-11,103737.18823092901,100665.65380970089,100658.96573930873
2025-10-12,103571.79789742788,100685.4637697167,100678.26388305356
2025-10-13,103492.54751135955,100682.315202736,100675.21647950924
2025-10-14,103393.20815614084,100679.67393324203,100672.60749297206
2025-10-15,103492.96759667977,100685.44159041267,100678.35970845232
2025-10-16,103644.2789218738,100694.4838122543,100687.34704855431
2025-10-17,103681.71958383004,100692.74260092159,100685.50436101988
2025-10-18,103697.01074292224,100688.55075623642,100681.3424914632
2025-10-19,103691.04842740482,100691.85173812935,100684.72172354734
2025-10-20,103488.30116104879,100674.16303843496,100667.05156214967
2025-10-21,103710.34924534237,100678.25839407348,100671.14008605877
2025-10-22,103759.55364837621,100680.40729508772,100673.25831122133
2025-10-23,103612.93266083363,100673.44854153093,100666.37358598344
2025-10-24,103686.52270896937,100677.42986782429,100670.3249953843
2025-10-25,103751.78590183367,100681.28361691486,100674.15903721166
2025-10-26,103711.50697776659,100679.41573551136,100672.24726139859
2025-10-27,103610.7138541784,100689.59255053944,100682.4613517821
2025-10-28,103433.91247586544,100679.71487390033,100672.66152338086
2025-10-29,103286.35507167647,100670.97131281986,100663.96243841528
2025-10-30,103166.78792110636,100663.3783311881,100656.39510838948
2025-10-31,103305.18501206838,100666.46595465354,100659.47624359117
2025-11-01,103350.32602697893,100669.01915245106,100662.01321324566
2025-11-02,103293.85209588251,100665.33013649216,100658.33410782392
2025-11-03,103056.94998087682,100652.2388887333,100645.33451034421
2025-11-04,102788.1550165935,100632.21296242326,100625.30520031563
2025-11-05,102971.90285877153,100645.29501078818,100638.37615624988
2025-11-06,103130.9260723119,100656.11129672236,100649.17266933859
2025-11-07,102971.51614731702,100643.44873818602,100636.55637208313
2025-11-08,102831.5262106932,100635.50699828629,100628.66510242985
2025-11-09,103018.77556371673,100659.54175429858,100652.69443026406
2025-11-10,103174.02821128661,100668.97182343615,100662.08163125842
2025-11-11,103283.69441726644,100682.51281027208,100675.74066260754
2025-11-12,103411.87691826194,100689.28171726251,100682.45335951766
2025-11-13,103101.34795477346,100661.98495480866,100655.13968051669
2025-11-14,103358.15244026034,100677.67173284545,100670.75771008433
2025-11-15,103410.48212476996,100712.28536715277,100705.36656817794
2025-11-16,103347.1917519416,100712.26001037117,100705.42636975941
2025-11-17,103404.88425982675,100713.05509378017,100706.23856085929
2025-11-18,102957.04502920584,100687.73779936928,100681.08213928055
2025-11-19,102906.95079673377,100686.27891244118,100679.63761532784
2025-11-20,102758.50806939029,100679.3837028667,100672.82808987195
2025-11-21,103438.39218899373,100728.10619534967,100721.51556231674
2025-11-22,103594.44028338767,100734.26600035517,100727.65627331122
2025-11-23,103812.13008554568,100747.08637410811,100740.40977565739
2025-11-24,103819.93268419147,100750.28903324503,100743.75852867021
2025-11-25,103896.71037863752,100755.40383042248,100748.86239943364
2025-11-26,104077.73333558625,100805.48025785027,100798.45581153229
2025-11-27,104090.51384935304,100808.73601745606,100801.76010773506
2025-11-28,104107.49385377602,100810.34563624267,100803.4057306546
2025-11-29,104191.07239091443,100816.57037154512,100809.6325764644
2025-11-30,104192.97469164986,100816.00819899008,100809.06356858237
2025-12-01,104255.64034044756,100821.74032337652,100814.81963797381
2025-12-02,103965.95627650748,100796.90735833517,100790.01929056532
2025-12-03,103741.6670585175,100770.5757635572,100763.48094364339
2025-12-04,103612.63853191769,100782.57978017529,100775.61069246197
2025-12-05,103652.24038481998,100786.57940219573,100779.633020363
2025-12-06,103798.6923670406,100794.72941615993,100787.72808551231
2025-12-07,103740.90826200199,100791.41606052182,100784.46257373957
2025-12-08,103601.15575654563,100789.1800795978,100782.33717540557
2025-12-09,103561.41574010544,100750.6244313696,100743.6277173086
2025-12-10,103637.55320238035,100756.38983260204,100749.39647695163
2025-12-11,103711.68908653856,100766.38921651522,100759.49099701589
2025-12-12,103417.26878133837,100743.26136657143,100736.33211041566
2025-12-13,103451.50978790436,100745.17775286017,100738.23578043857
2025-12-14,103606.642289551,100756.36375029193,100749.41664020884
2025-12-15,103675.53126363952,100765.51641669428,100758.65477256782
2025-12-16,103809.83047161419,100785.23484733644,100778.34163712792
2025-12-17,103583.41199525929,100764.13148821685,100757.19881013123
2025-12-18,103931.05778404287,100796.59211227814,100789.73149664121
2025-12-19,103873.95630520892,100786.53146273986,100779.72347867585
2025-12-20,103952.05880074346,100790.95333114447,100784.11788574707
2025-12-21,104089.75923696184,100799.87471537029,100793.01455542789
2025-12-22,104137.55936725158,100802.48224260288,100795.60335039621
2025-12-23,104141.29479918252,100802.05867068455,100795.1651861954
2025-12-24,104161.64606232088,100802.24716023753,100795.3474938446
2025-12-25,104109.64897279524,100800.3628411198,100793.50342895817
2025-12-26,104187.96068888392,100804.76380996048,100797.87643126663
2025-12-27,104241.18696365492,100808.53339576811,100801.64335794425
2025-12-28,104239.03456023842,100806.90780826371,100800.02459809836
2025-12-29,104205.1964321634,100807.77217680289,100800.95888524632
2025-12-30,104406.0058639212,100821.31871039562,100814.48130636963
2025-12-31,104490.70062112047,100821.00424148874,100814.08242023003
2026-01-01,104581.85793838021,100825.51914946189,100818.55252752396
2026-01-02,104540.30280336685,100822.73825461026,100815.77687738177
2026-01-03,104510.41520864806,100821.06517679892,100814.11443301853
2026-01-04,104609.16083920111,100826.23153514172,100819.23805686568
2026-01-05,104648.49727733785,100886.64816068533,100879.93458478713
2026-01-06,104590.06160001535,100896.53165168772,100889.74859578114
2026-01-07,104738.3385313873,100901.55468561406,100894.72806728975
2026-01-08,104771.25072484565,100900.67780586873,100893.82457892994
2026-01-09,104752.69935903266,100897.03659814384,100890.1880157914
2026-01-10,104794.22400856263,100899.35810303519,100892.4947687742
2026-01-11,104683.7621903183,100891.75876427507,100884.90480880195
2026-01-12,104650.70570544912,100890.65818288681,100883.8316476623
2026-01-13,104769.07238352089,100897.8416435391,100890.98474131618
2026-01-14,104871.91153032058,100904.3944747709,100897.51787797338
2026-01-15,104886.74559013358,100900.56065444264,100893.70171094609
2026-01-16,104965.79931538319,100905.71971994918,100898.8483188283
2026-01-17,105038.86480525295,100908.49136091398,100901.60399162506
2026-01-18,105060.63652904383,100900.43809012108,100893.57956363488
2026-01-19,105162.3101938448,100906.01958026117,100899.1232317751
2026-01-20,104975.2118555885,100892.10820728992,100885.2050060544
2026-01-21,105160.44401820937,100893.9861689097,100887.21319262839
2026-01-22,105355.5682074343,100905.35472557756,100898.58084933343
2026-01-23,105467.01777533728,100914.02374999905,100907.26228170923
2026-01-24,105592.10499210659,100921.61493305638,100914.82281014149
2026-01-25,105390.06517919853,100887.6030554267,100880.72545651623
2026-01-26,105330.14961403322,100875.38150640465,100868.53515792859
2026-01-27,105353.38631207134,100872.79191151213,100865.91697975995
2026-01-28,105442.43216032149,100878.10916903999,100871.24458343723
2026-01-29,105459.7600004469,100878.63127742753,100871.75136511576
2026-01-30,105293.00672079842,100859.01982096463,100851.98204487597
2026-01-31,104991.96481983156,100845.55143505556,100838.6884709668
2026-02-01,105429.38348571573,100874.75723751023,100867.84018113979
2026-02-02,105978.9029458589,100958.49304075424,100951.52423034002
2026-02-03,106126.76432981898,100973.26076396636,100966.37796210517
2026-02-04,106328.40080086843,100986.42000564646,100979.50880560286
2026-02-05,106442.53396939239,100994.91201778718,100988.00688488546
2026-02-06,106948.4545954855,101162.81783421896,101155.18983955371
2026-02-07,106526.12130236607,101125.47939397121,101117.82974545982
2026-02-08,106654.40117622293,101131.83992954597,101124.13050310359
2026-02-09,106706.61811545432,101137.76367164195,101130.1025861336
2026-02-10,106769.32279003883,101141.79268931758,101134.12177901334
2026-02-11,106874.88141226098,101160.01914904593,101152.36769783418
2026-02-12,106926.7191767263,101156.78909892651,101149.15026210256
2026-02-13,106904.94089740161,101154.34157823546,101146.68416057892
2026-02-14,106853.52080290667,101152.61869249398,101145.00228170615
2026-02-15,106889.64180800313,101151.00745922077,101143.30318128948
2026-02-16,106935.92345331544,101144.21718705812,101136.54788814981
2026-02-17,106845.1350263556,101133.31258594773,101125.5511255064
2026-02-18,106763.3572296826,101131.16202020993,101123.47815582559
2026-02-19,106857.89505439582,101132.67701431326,101124.88302362706
2026-02-20,106975.5600608574,101137.50324439292,101129.66999466592
2026-02-21,106955.7799361661,101136.41780113927,101128.59145914459
2026-02-22,107020.36160869469,101162.48448569501,101154.42794800145
2026-02-23,107012.88700386582,101165.52409658565,101157.54233523941
2026-02-24,107042.75891783001,101167.16321354714,101159.17101854748
2026-02-25,106836.25201593754,101152.65961461737,101144.70329703465
2026-02-26,106990.75555573017,101162.95350824606,101155.01802660499
2026-02-27,106563.12031246198,101137.99071491315,101130.17336831587
2026-02-28,106624.53641548577,101184.9750596395,101177.31848870823
2026-03-01,106436.21559209481,101166.79632464894,101159.1560466963
2026-03-02,106649.14168468873,101178.54334974776,101170.8283365641
2026-03-03,106742.75766746157,101185.71594726884,101178.01034674003
2026-03-04,106799.03707780888,101188.52994867023,101180.79873352943
2026-03-05,106974.51579923418,101200.04301036739,101192.28936603163
2026-03-06,107143.86145714988,101210.78771511377,101203.00515413661
2026-03-07,107239.70224738633,101237.5170435833,101229.47558544685
2026-03-08,107476.22263275732,101254.21216903398,101246.16634538255
2026-03-09,107633.51264787062,101270.28790290673,101262.28132173585
2026-03-10,107789.44338605614,101278.54125503617,101270.47498021308
2026-03-11,108055.59062618171,101290.47789995187,101282.40981013939
2026-03-12,108167.35245214392,101300.16069911547,101292.12924745012
2026-03-13,108184.64561929446,101300.02843754471,101291.96857002776
2026-03-14,107997.8453476223,101289.8759636028,101281.88072747874
2026-03-15,108064.44237878038,101337.4489947101,101329.66695185848
2026-03-16,107890.7628073988,101338.94839579676,101331.14565601549
2026-03-17,107921.58587853884,101334.40027197596,101326.59396439492
2026-03-18,107667.25969192602,101314.60074538073,101306.75839360479
2026-03-19,107714.31577945371,101318.24485736234,101310.4086189382
2026-03-20,107790.80953923584,101319.57487522463,101311.71531663787
2026-03-21,107702.35531542293,101314.10768625075,101306.26542417602
2026-03-22,107824.9908898046,101322.74532349956,101314.90107228962
2026-03-23,107742.83863466092,101314.55012915966,101306.77465299223
2026-03-24,107705.22703762549,101314.02434553097,101306.29388167379
2026-03-25,107822.19498510231,101322.76251341907,101315.04062174448
2026-03-26,107659.80342812049,101310.45127355089,101302.7134788183
2026-03-27,107733.97194434331,101283.02127519704,101275.13551003582
2026-03-28,107704.43029937704,101281.08198407384,101273.20777126183
2026-03-29,107726.48687280371,101278.8331604819,101270.95622151028
2026-03-30,107769.65501391882,101281.73812465575,101273.85768606298
2026-03-31,107741.4532163931,101278.11756093457,101270.20335120415
2026-04-01,107724.99049858958,101276.72622327377,101268.85596962718
2026-04-02,107822.04475720423,101283.01672133002,101275.1335654684
2026-04-03,107820.46564887682,101267.50696570566,101259.57775704462
2026-04-04,107952.73009899692,101275.53134079062,101267.57326674272
2026-04-05,108040.86547640845,101280.92026035245,101272.9795096316
2026-04-06,108029.31820598205,101280.86630007742,101272.94156403664
2026-04-07,107691.00317435907,101251.49122739921,101243.5853236609
2026-04-08,107660.49907933878,101249.70019899012,101241.80224693507
2026-04-09,107757.7531450838,101247.97326282227,101240.00800380019
2026-04-10,107842.86258979084,101255.56619286536,101247.57549836962
2026-04-11,107888.0067991597,101260.87639535849,101252.78382717815
2026-04-12,107840.41292980402,101258.28358970054,101250.20752842228
2026-04-13,107701.34898682396,101241.8573669126,101233.64447989904
2026-04-14,107772.43657466306,101265.48288128432,101257.25380786916
2026-04-15,107637.34411021626,101253.39002589378,101245.16054379374
2026-04-16,107666.40139571906,101245.45624982167,101237.24543050487
2026-04-17,107698.39986946622,101247.11544973022,101238.89168256904
2026-04-18,107804.99516206587,101253.24144148846,101244.98711026384
2026-04-19,107816.2878458501,101253.41759026442,101245.24337770611
2026-04-20,107890.49103885937,101260.27432923389,101252.13318283179
2026-04-21,107920.8519466007,101265.92179287388,101257.75719824109
2026-04-22,107934.97234459253,101266.13545305669,101257.95434394036
2026-04-23,107853.13736555948,101254.14672163133,101245.93980444067
2026-04-24,107922.49574267576,101256.33613327207,101248.15592628927
2026-04-25,107974.95271955815,101259.19282861438,101250.99443222856
2026-04-26,107969.0516903027,101254.8581279346,101246.57782286519
2026-04-27,108023.13445310279,101257.84514132043,101249.5469899783
2026-04-28,108163.36969246951,101265.46658924897,101257.11967020332
2026-04-29,108284.41585893855,101273.37567614765,101265.0147086266
2026-04-30,108300.30563327606,101272.61357260647,101264.24897899438
2026-05-01,108180.81581360169,101263.72482259416,101255.35126871157
2026-05-02,108297.76022813864,101270.55134460678,101262.14720975897
2026-05-03,108323.95421797976,101273.22972278728,101264.815207512
2026-05-04,108307.23792065824,101264.82634865443,101256.39506970893
2026-05-05,108200.11009723305,101263.01214534817,101254.59965748344
2026-05-06,108169.25901623652,101263.77110781624,101255.36033884739
2026-05-07,107954.64365658961,101179.5306552002,101171.97547611273
