date,equal,risk_parity,correlation_off
2024-04-24,100513.29776515102,100029.75380270217,100025.84439282391
2024-04-25,100609.38059087035,100040.14899412122,100035.34865415115
2024-04-26,100272.97185581601,100017.93360059292,100015.59145935331
2024-04-27,99574.37823551979,99952.29683581977,99955.99771410698
2024-04-28,99751.86477791164,99960.72892876733,99962.99338647773
2024-04-29,99902.46130597952,99963.23559473886,99964.44081672386
2024-04-30,99673.00696486514,99943.70615566571,99946.88915433058
2024-05-01,99002.76623662317,99898.41773454967,99906.84856988487
2024-05-02,98929.45521716961,99896.59898208921,99905.45719902762
2024-05-03,99891.10478278033,99953.42683544954,99954.73647492992
2024-05-04,100437.16997102226,99986.34095453161,99983.40317350675
2024-05-05,101166.45918672073,100024.24927893378,100015.92424367878
2024-05-06,101175.46659595257,100025.33113542337,100016.84673128914
2024-05-07,101114.08583953412,100013.79573035538,100005.7473327572
2024-05-08,101478.61830634148,100031.67171504507,100021.0127593577
2024-05-09,101201.83298009864,100017.8730632569,100009.22745451269
2024-05-10,101588.77902252537,100043.51161647713,100031.8490341176
2024-05-11,101777.95069554509,100054.40734509139,100041.34820035016
2024-05-12,101915.3497792038,100058.46534486182,100044.42435463832
2024-05-13,101888.69603041839,100061.46178460673,100047.44231500133
2024-05-14,101909.43221825341,100062.22345207192,100048.12060360091
2024-05-15,101847.40836082427,100056.87556096874,100043.3248515266
2024-05-16,101614.74557927337,100036.63526814681,100024.9096378667
2024-05-17,102223.52068238136,100073.2572258884,100056.78554933355
2024-05-18,102449.84481971324,100085.91404705192,100067.62437300736
2024-05-19,102954.82999596282,100120.674465725,100098.7701228594
2024-05-20,104095.80955189718,100223.43997062168,100191.74888853329
2024-05-21,104484.15445562835,100249.4556349945,100214.8120163143
2024-05-22,104674.58754575111,100262.27605601141,100226.1644555513
2024-05-23,105313.08400875647,100314.86133182059,100273.4739891816
2024-05-24,105379.2977889314,100321.2439504656,100279.30011773203
2024-05-25,106070.54481452865,100360.7023335742,100313.72560600276
2024-05-26,105951.95513227704,100346.57112890833,100300.5662248731
2024-05-27,105970.4474381204,100343.02653601374,100296.94489253391
2024-05-28,106064.14784598637,100347.22165432219,100300.40629077322
2024-05-29,106358.57301025353,100370.80160964238,100321.57461718345
2024-05-30,106414.58861754888,100375.81494792836,100326.09663494176
2024-05-31,106384.59224105337,100369.93211544218,100320.60756579792
2024-06-01,106168.3891335092,100358.2289580766,100310.51257558994
2024-06-02,106264.9807764357,100373.23949116346,100324.48668041873
2024-06-03,106392.03860650641,100372.73098044965,100323.30404892816
2024-06-04,106829.30045175036,100396.4864148599,100343.80439256583
2024-06-05,107276.21094387695,100420.89658690135,100364.99219576384
2024-06-06,107651.71103839466,100441.28430752117,100382.55574273411
2024-06-07,107359.00434287866,100432.70477923327,100375.78676058406
2024-06-08,107200.19484015903,100427.68361893266,100371.80298931185
2024-06-09,107329.23772608285,100436.99711536618,100380.1452011976
2024-06-10,107126.4513227012,100428.92826089193,100373.40261113607
2024-06-11,107634.11623794961,100458.47674252202,100399.11815469473
2024-06-12,107976.3581477709,100494.46859111442,100432.76598083886
2024-06-13,108057.99662715376,100499.0092251326,100436.6300587844
2024-06-14,108275.13769659898,100519.53635649508,100455.65073134252
2024-06-15,108759.62020153942,100553.01313963096,100485.5918570515
2024-06-16,108386.48001301991,100533.83228546275,100468.94201416086
2024-06-17,108878.59338916914,100567.86557333096,100499.18519746326
2024-06-18,108744.24792374214,100559.25844520754,100491.53933204105
2024-06-19,108881.81553272766,100566.76545850134,100498.2173384805
2024-06-20,109026.9596112332,100577.75438231109,100508.04672707261
2024-06-21,109759.16430253137,100620.88883905752,100545.91475291402
2024-06-22,109908.60414235912,100636.09009584921,100560.19283834097
2024-06-23,109905.15535926295,100639.99367549726,100564.01982702312
2024-06-24,109746.74234084136,100628.30582205126,100553.50623866571
2024-06-25,109909.09154352245,100631.3948990289,100555.3730065243
2024-06-26,109870.79560454068,100627.51109511117,100551.62094277337
2024-06-27,109680.38416066472,100620.96132141279,100546.24254198499
2024-06-28,110101.30552250039,100653.42752430444,100575.30410162154
2024-06-29,110400.22076046048,100672.1809507347,100591.91962335592
2024-06-30,110227.70097025922,100661.95051355175,100582.87701819335
2024-07-01,110605.4956701288,100686.4131721626,100604.55660210144
2024-07-02,110766.51401581879,100691.62653890769,100608.5677963861
2024-07-03,111254.5831636086,100721.14034441291,100634.52249734927
2024-07-04,111512.34452860279,100725.61801837294,100637.4273459885
2024-07-05,111647.30037430588,100730.8539752133,100641.69737267317
2024-07-06,111517.93645973945,100718.60543922966,100630.33811475725
2024-07-07,111293.87372940847,100706.48179994077,100619.70414894568
2024-07-08,112044.28671934192,100740.04761417066,100647.87048642195
2024-07-09,112910.4867474243,100791.49070775266,100693.04089333586
2024-07-10,113051.32547088503,100794.3671472457,100695.09876519465
2024-07-11,113223.39352560787,100805.25159408365,100704.73775682112
2024-07-12,113727.46293609553,100831.15274635663,100727.1142388876
2024-07-13,114142.16892731457,100853.79364204992,100746.94837800333
2024-07-14,114156.10871412656,100852.06577592134,100745.23597287422
2024-07-15,114503.27304189662,100872.52254806735,100763.19548651949
2024-07-16,114755.01194529416,100887.0884911979,100776.00619450131
2024-07-17,114572.24025321024,100884.91687398936,100775.08859110647
2024-07-18,114732.32558951607,100888.79727377139,100778.02905930844
2024-07-19,114574.8881016263,100875.22202459231,100765.38156456669
2024-07-20,115177.95286986738,100911.22881076604,100797.0487924333
2024-07-21,115005.07358145821,100918.6257553533,100805.89930242539
2024-07-22,115396.55566456284,100933.59334062382,100818.36189162507
2024-07-23,115635.96332791437,100934.98042962991,100818.38497753294
2024-07-24,115963.06479295286,100949.55787853399,100830.74047977247
2024-07-25,116405.86303137774,100966.21893492536,100844.42573250715
2024-07-26,116547.18249606577,100980.05728694663,100857.13081455012
2024-07-27,116236.88325015502,100951.26468416349,100830.52291504655
2024-07-28,116736.43464516604,100974.52037748162,100850.34675600035
2024-07-29,117130.45472888864,100992.8619570789,100866.13647066831
2024-07-30,117334.86437978326,101005.70817631396,100877.59453823195
2024-07-31,117078.28189705107,100989.679512946,100863.2330766541
2024-08-01,116839.95811478744,100982.95858797635,100858.08632654573
2024-08-02,116736.589614821,100980.04653693049,100855.65906016032
2024-08-03,116515.76181029905,100967.22503921691,100844.26149094869
2024-08-04,116104.30685069477,100961.48244394301,100841.49006381833
2024-08-05,117114.49794049378,101117.33545195071,100989.56266602901
2024-08-06,116872.79403212375,101075.19487982136,100948.85644702865
2024-08-07,116578.86026120782,101054.47048752884,100930.2915363458
2024-08-08,116767.3682040196,101072.29955778083,100946.55826344738
2024-08-09,116789.99578072155,101078.10271755159,100951.99780319433
2024-08-10,117337.5610435807,101105.05086161732,100975.27463641083
2024-08-11,116877.8863919498,101078.97902742036,100952.36246399116
2024-08-12,117174.48276961617,101081.09371477755,100952.52461185373
2024-08-13,117192.57565608372,101078.89298965644,100950.08842133304
2024-08-14,117417.15757802424,101090.15370605593,100959.69044428294
2024-08-15,117927.70991532243,101120.50852544591,100986.37923023402
2024-08-16,117836.00247099614,101113.28011844987,100979.73441120029
2024-08-17,118066.93177776139,101125.01074303569,100989.93292965817
2024-08-18,117746.33875500217,101101.23524052686,100968.46574446386
2024-08-19,117973.71261983873,101114.33106277874,100980.01472476465
2024-08-20,118245.4142713846,101128.9410538424,100992.76072136054
2024-08-21,118355.04812735051,101128.37404373445,100991.59172704133
2024-08-22,118582.82120264493,101139.08536916233,101000.82785571221
2024-08-23,118832.05811088697,101153.53904208158,101013.59309412831
2024-08-24,118393.20285780585,101163.42768438456,101026.27405168892
2024-08-25,118708.25310751153,101182.26470674739,101042.88878094907
2024-08-26,118558.17969714449,101173.67647739779,101035.31549065482
2024-08-27,117972.08272440938,101135.01811697525,101000.81443248717
2024-08-28,117800.27228972319,101123.15341415204,100990.21161339068
2024-08-29,117755.63559518186,101121.76435628062,100989.05781460859
2024-08-30,117587.92148596709,101100.51655919694,100968.64659458447
2024-08-31,117657.62733066328,101107.28596567249,100974.8560257433
2024-09-01,118085.756326566,101127.41188387826,100992.06458435288
2024-09-02,118018.86692240713,101128.08701930629,100993.24715092174
2024-09-03,117872.74925539235,101120.30023314511,100986.46651151725
2024-09-04,118192.23901342793,101143.32130485146,101007.39401429093
2024-09-05,118790.41253758947,101174.31858559597,101034.23929380695
2024-09-06,118794.39985134876,101175.12851213323,101035.10839143199
2024-09-07,118892.58298916859,101194.97681790161,101054.37678347228
2024-09-08,118951.04654046978,101202.37665484515,101061.2205278018
2024-09-09,118980.83600773395,101189.17361051391,101047.98363970895
2024-09-10,119006.1781486216,101189.40420750984,101048.11413953254
2024-09-11,119353.54964574616,101202.08283978562,101058.6320322612
2024-09-12,119543.77959549958,101223.593512402,101078.75294831792
2024-09-13,119455.9680051285,101215.13063923732,101070.84450354488
2024-09-14,119481.92473160545,101216.15681335777,101071.70263841108
2024-09-15,119295.75131545875,101190.62060342896,101047.93650972692
2024-09-16,119157.21964856662,101180.47432209467,101038.8564021784
2024-09-17,119084.39753625885,101167.91604828308,101027.07551720196
2024-09-18,119230.92671768338,101136.01888434292,100993.70116228779
2024-09-19,119064.31193174323,101123.64713314835,100982.51086280565
2024-09-20,118457.87511173179,101111.30508922703,100974.5375654959
2024-09-21,118800.73128548023,101070.34915357649,100931.19000785527
2024-09-22,119083.35417610496,101084.91322576771,100943.80745084852
2024-09-23,119370.07571142279,101100.89928233632,100957.83052884495
2024-09-24,119425.51679127695,101104.89713976496,100961.37135606342
2024-09-25,119587.75766481964,101114.01471098485,100969.36557659386
2024-09-26,119612.17716779112,101114.86162828443,100969.9919843261
2024-09-27,119486.30431406695,101104.9928241736,100961.07891620873
2024-09-28,119557.82835660233,101125.05936763338,100980.72867993604
2024-09-29,119237.16433141727,101102.77718307493,100960.72360807649
2024-09-30,119736.50281711706,101123.19380082471,100977.90646310014
2024-10-01,119918.59379501149,101126.79356374359,100980.40013023301
2024-10-02,120268.20546845405,101159.18801867939,101010.78352029304
2024-10-03,120240.51006400012,101158.16150584283,101009.94509763487
2024-10-04,120335.51888755993,101164.7848089,101015.74355084366
2024-10-05,120784.53544440967,101187.42710114879,101035.37802439113
2024-10-06,120990.94523669616,101197.60561656921,101044.18505198996
2024-10-07,121161.9341080784,101182.382977063,101027.79251321392
2024-10-08,120994.56090758127,101164.19365796108,101010.80347598241
2024-10-09,121485.72474240669,101189.88138830307,101033.20481810567
2024-10-10,121942.94245273386,101212.18611211353,101052.53828619867
2024-10-11,122160.90602382088,101234.81822317043,101073.88578208984
2024-10-12,122309.93727591269,101241.33620640323,101079.48144456766
2024-10-13,122418.08906313674,101245.58465855771,101083.00606835967
2024-10-14,122682.30249811447,101256.43156073667,101092.2171688
2024-10-15,122650.36431040501,101245.60877143667,101081.91868954226
2024-10-16,123067.40291303821,101266.32232869248,101099.9529698289
2024-10-17,123094.63747993093,101278.10185923407,101111.51350376553
2024-10-18,123145.81377047773,101282.82425076705,101115.79037870797
2024-10-19,123351.5962703406,101290.50785422462,101122.10292658517
2024-10-20,122637.23272737514,101248.17117706007,101084.66748394405
2024-10-21,122989.97776986693,101266.35195922204,101100.56189210272
2024-10-22,123418.48364737864,101281.32757503563,101112.85996587944
2024-10-23,123088.95825148835,101249.57346558987,101083.14901690802
2024-10-24,123456.95635500309,101267.3213800332,101098.57057459619
2024-10-25,122952.05376975346,101241.28449866077,101075.84115458155
2024-10-26,123432.45421607365,101275.27179433285,101106.70624264189
2024-10-27,124103.92340467729,101306.75591519228,101133.86709033436
2024-10-28,123941.945401405,101296.08215995431,101124.3722928533
2024-10-29,123962.45785813342,101298.84039693302,101126.85338968181
2024-10-30,123992.96909687048,101300.54131484285,101128.30786185394
2024-10-31,124411.48479808222,101315.61021503828,101140.68705634403
2024-11-01,124416.56082247563,101309.03205583843,101134.00608197627
2024-11-02,124132.62296689677,101295.44526379979,101122.17881212787
2024-11-03,124385.00303966369,101311.41458369997,101136.3190230696
2024-11-04,124720.51094357853,101319.6801449147,101142.58267108936
2024-11-05,125264.50433958591,101354.0696161896,101173.30461242067
2024-11-06,125451.49673647278,101350.93927088664,101169.3502189286
2024-11-07,125883.47386931651,101386.87195690721,101201.98605426513
2024-11-08,125964.15537115053,101386.8895055009,101201.50701304374
2024-11-09,126229.40623330772,101398.56569821252,101211.35785857953
2024-11-10,126583.49004867594,101405.34819843956,101216.24029647831
2024-11-11,125884.0797031819,101361.26476653382,101176.84769242498
2024-11-12,126810.37439572629,101422.49969784587,101231.6922659632
2024-11-13,127282.796892824,101534.43061728691,101340.91227842752
2024-11-14,128058.62198495485,101568.64375419705,101370.23999134886
2024-11-15,128008.89253533546,101555.86759643591,101357.96961656612
2024-11-16,128713.99902599941,101587.4571553077,101385.23425441296
2024-11-17,128157.02267899473,101560.79576557546,101361.95672818997
2024-11-18,129064.00309716348,101599.52415132333,101395.05576154262
2024-11-19,129630.07435230774,101631.90951664136,101423.71507998384
2024-11-20,130517.05050255376,101667.18270224365,101453.7118783384
2024-11-21,130711.69566070812,101671.23295832754,101456.69996304781
2024-11-22,131011.92272613267,101675.43182987941,101459.51827632176
2024-11-23,131392.67222570052,101681.66080912935,101463.79558441417
2024-11-24,130799.34936665134,101645.20993845818,101431.26004064608
2024-11-25,131223.04875685865,101658.75338796624,101442.15595907262
2024-11-26,131441.11273023917,101664.31936672496,101446.46116667007
2024-11-27,132228.33793201,101702.2773993066,101479.58988955355
2024-11-28,132515.70197279454,101801.32988235264,101577.55413407712
2024-11-29,132351.60693891518,101796.2713014771,101573.40683049805
2024-11-30,132764.78821930801,101804.03563009179,101579.0968828334
2024-12-01,132826.1431943267,101812.55555688322,101587.08403892047
2024-12-02,133204.1996093739,101828.73964503838,101601.08002039674
2024-12-03,133230.03820574773,101830.14493982156,101602.27325375524
2024-12-04,133883.1385918963,101862.41469789721,101630.49457137597
2024-12-05,133878.70389866226,101875.65299523072,101643.19287576411
2024-12-06,133094.14358890647,101847.15904293205,101619.15299044615
2024-12-07,133549.7771945867,101862.32624320965,101631.5746327914
2024-12-08,133957.17001635005,101883.3104132679,101650.03201936293
2024-12-09,134198.15000524416,101927.80970589214,101694.05875903196
2024-12-10,134662.05176607583,101955.12257456644,101718.2870837277
2024-12-11,134558.5335565094,101941.98611716338,101705.77413939257
2024-12-12,134372.78919193923,101922.85479416825,101688.01158402914
2024-12-13,134538.12327147103,101937.50133204837,101701.35617846236
2024-12-14,133621.71559420845,101895.70418142235,101665.00042188857
2024-12-15,133944.98678967578,101911.93813110807,101679.15250098798
2024-12-16,134063.2207009334,101920.32588318763,101686.67910269047
2024-12-17,133947.81866363683,101926.1261896596,101693.18662198617
2024-12-18,134577.64221703602,101959.69879398741,101722.87558707404
2024-12-19,135405.74882620326,102093.93725490375,101852.87536022987
2024-12-20,135572.5194213018,102142.67483236041,101900.14508510656
2024-12-21,134538.3157795251,102097.4089862368,101860.80941487219
2024-12-22,135143.13068621416,102126.13878870018,101885.89692423808
2024-12-23,135741.69356193978,102153.10170876737,101909.27929322151
2024-12-24,135690.75577701264,102144.7449728073,101901.07426325293
2024-12-25,135459.3869070873,102138.1541223094,101895.66523545308
2024-12-26,136301.88994307505,102178.86060993497,101931.33496669967
2024-12-27,136886.5931088347,102207.09291830042,101956.04566667782
2024-12-28,136744.31967786947,102197.32327741382,101947.09170135116
2024-12-29,136586.57617127412,102150.40957326931,101901.13095807105
2024-12-30,136889.78887492692,102167.70463202203,101916.83790362896
2024-12-31,136998.3444114506,102148.50365200423,101897.1262808972
