offset_bps,patience_bars,maker_fee_bps,taker_fee_bps,taker_slip_bps,queue_mult,n_sampled,skipped,fill_rate,avg_rt_bps,trade_win_rate,trade_pf,sharpe_daily_interp,annualized_return_interp
0.0,1,0.0,4.0,2.0,1.0,4518,0,0.6591965471447543,0.7804068236281206,0.399734395750332,0.9887973997051991,1.4317567055657296,0.26753295035617497
0.0,1,0.0,4.0,2.0,10.0,4518,0,0.6590305444887118,0.7854256553709125,0.399734395750332,0.9881730303692218,1.4316314717278664,0.2675051309658751
0.0,1,0.5,4.0,2.0,1.0,4518,0,0.6591965471447543,2.0987999179176295,0.35502434705621955,0.840281606770313,1.398860172064059,0.26022985400372217
0.0,1,0.5,4.0,2.0,10.0,4518,0,0.6590305444887118,2.1034867443483365,0.35502434705621955,0.8397941545601292,1.3987432724051791,0.26020410063340815
0.0,1,1.0,4.0,2.0,1.0,4518,0,0.6591965471447543,3.417193012207139,0.31894643647631693,0.7191902989087187,1.3659765768913907,0.2529854923703929
0.0,1,1.0,4.0,2.0,10.0,4518,0,0.6590305444887118,3.42154783332576,0.31894643647631693,0.7188058530500744,1.365867958168087,0.2529615633167833
0.0,1,2.0,4.0,2.0,1.0,4518,0,0.6591965471447543,6.053979200786157,0.2822045152722444,0.5380199480865476,1.300231927303741,0.23859738535753583
0.0,1,2.0,4.0,2.0,10.0,4518,0,0.6590305444887118,6.057670011280608,0.2822045152722444,0.5377725208084237,1.3001399496720507,0.2385774558261214
0.0,2,0.0,4.0,2.0,1.0,4518,0,0.6624059318282426,0.7259253554700711,0.3995130588756087,0.9956077756430958,1.4331161700187185,0.2678349411987604
0.0,2,0.0,4.0,2.0,10.0,4518,0,0.6623505976095617,0.7280294527167399,0.3995130588756087,0.9953437591141115,1.4330636669289671,0.2678232781852278
0.0,2,0.5,4.0,2.0,1.0,4518,0,0.6624059318282426,2.0507372191265563,0.35436033643204956,0.845497636245388,1.4000589604503129,0.26049395093552835
0.0,2,0.5,4.0,2.0,10.0,4518,0,0.6623505976095617,2.0527306479358636,0.35436033643204956,0.8452711427595544,1.4000092399942101,0.2604829973593549
0.0,2,1.0,4.0,2.0,1.0,4518,0,0.6624059318282426,3.3755490827830417,0.3187250996015936,0.7232471065770202,1.3670152671898401,0.2532143191792466
0.0,2,1.0,4.0,2.0,10.0,4518,0,0.6623505976095617,3.3774318431549877,0.3187250996015936,0.7230530165915469,1.366968307045596,0.25320397370864123
0.0,2,2.0,4.0,2.0,1.0,4518,0,0.6624059318282426,6.025172810096013,0.281983178397521,0.5405791666984213,1.3009498031191513,0.23875293327013072
0.0,2,2.0,4.0,2.0,10.0,4518,0,0.6623505976095617,6.0268342335932354,0.281983178397521,0.5404360739784049,1.3009083992598258,0.23874396196373873
0.0,5,0.0,4.0,2.0,1.0,4518,0,0.665227976980965,0.6781428740425284,0.40017706949977866,1.0016081184529968,1.4343084760848452,0.2680997995499572
0.0,5,0.0,4.0,2.0,10.0,4518,0,0.6651726427622842,0.6815404312864113,0.40017706949977866,1.001180545950098,1.4342236975637037,0.2680809668861267
0.0,5,0.5,4.0,2.0,1.0,4518,0,0.665227976980965,2.008598828004459,0.35480301018149624,0.8499406225755288,1.4011099837004257,0.26072549473324497
0.0,5,0.5,4.0,2.0,10.0,4518,0,0.6651726427622842,2.0118857168109803,0.35480301018149624,0.84956630605875,1.4010280015348946,0.260707433798865
0.0,5,1.0,4.0,2.0,1.0,4518,0,0.665227976980965,3.3390547819663885,0.31894643647631693,0.7265314805841342,1.3679255145351594,0.2534148495929877
0.0,5,1.0,4.0,2.0,10.0,4518,0,0.6651726427622842,3.342231002335549,0.31894643647631693,0.7262034773828958,1.367846292681487,0.2533973967641759
0.0,5,2.0,4.0,2.0,1.0,4518,0,0.665227976980965,5.9999666898902495,0.2824258521469677,0.5423775114566136,1.301577957983397,0.23888904212315565
0.0,5,2.0,4.0,2.0,10.0,4518,0,0.6651726427622842,6.002921573384686,0.2824258521469677,0.5421228100891442,1.3015043198189298,0.23887308485247688
1.0,1,0.0,4.0,2.0,1.0,4518,0,0.506252766710934,8.232081459028345,0.29814077025232405,0.4463592008071105,1.2459545837517538,0.22684702097388781
1.0,1,0.0,4.0,2.0,10.0,4518,0,0.5061420982735724,8.23621479554284,0.29814077025232405,0.44611875002156715,1.2458516229234031,0.22682489583461524
1.0,1,0.5,4.0,2.0,1.0,4518,0,0.506252766710934,9.244586992450213,0.28043382027445773,0.403296372275866,1.2207332140265832,0.22142722854647612
1.0,1,0.5,4.0,2.0,10.0,4518,0,0.5061420982735724,9.248498992089987,0.28043382027445773,0.40308337863196786,1.220635766668497,0.22140628819077057
1.0,1,1.0,4.0,2.0,1.0,4518,0,0.506252766710934,10.257092525872082,0.2600708277999115,0.3654988743859874,1.1955146560447358,0.21601939412611024
1.0,1,1.0,4.0,2.0,10.0,4518,0,0.5061420982735724,10.260783188637134,0.2598494909251881,0.3653117571263112,1.1954227625205787,0.21599981021579345
1.0,1,2.0,4.0,2.0,1.0,4518,0,0.506252766710934,12.28210359271582,0.23439575033200533,0.30278651043569843,1.1450971717762735,0.20528700521370688
1.0,1,2.0,4.0,2.0,10.0,4518,0,0.5061420982735724,12.285351581731422,0.234174413457282,0.3026578941633199,1.145016336137944,0.20526992004418299
1.0,2,0.0,4.0,2.0,1.0,4518,0,0.5493581230633023,7.416012170494449,0.3154050464807437,0.48829170232047886,1.266289093601934,0.23124271924880757
1.0,2,0.0,4.0,2.0,10.0,4518,0,0.5492474546259407,7.4198868408761145,0.3154050464807437,0.4880572328336331,1.2661925340506315,0.23122179691610908
1.0,2,0.5,4.0,2.0,1.0,4518,0,0.5493581230633023,8.514728416621052,0.2917220008853475,0.43724288902450603,1.2389138879887904,0.22533405359758643
1.0,2,0.5,4.0,2.0,10.0,4518,0,0.5492474546259407,8.518381750127997,0.2917220008853475,0.437038365299655,1.238822883967512,0.22531449784344768
1.0,2,1.0,4.0,2.0,1.0,4518,0,0.5493581230633023,9.613444662747655,0.2687029659141213,0.3929599715473772,1.2115450215955788,0.21945278797081375
1.0,2,1.0,4.0,2.0,10.0,4518,0,0.5492474546259407,9.616876659379875,0.2687029659141213,0.3927813392513436,1.211459531044565,0.21943441700024202
1.0,2,2.0,4.0,2.0,1.0,4518,0,0.5493581230633023,11.810877155000869,0.2405931828242585,0.32051405066406974,1.1568270938257836,0.20777448507709778
1.0,2,2.0,4.0,2.0,10.0,4518,0,0.5492474546259407,11.813866477883641,0.2405931828242585,0.3203773457279364,1.1567526629086207,0.20775862271443532
1.0,5,0.0,4.0,2.0,1.0,4518,0,0.5955068614431164,6.382533217310221,0.33665338645418325,0.5448209922704021,1.2920441267196439,0.2368232689125179
1.0,5,0.0,4.0,2.0,10.0,4518,0,0.5954515272244356,6.386151882364447,0.33643204957945994,0.5446018591382983,1.2919539470038148,0.23680372894995821
1.0,5,0.5,4.0,2.0,1.0,4518,0,0.5955068614431164,7.5735469401964535,0.30765825586542717,0.482759280572501,1.262363214706805,0.23039206757044048
1.0,5,0.5,4.0,2.0,10.0,4518,0,0.5954515272244356,7.577054936813318,0.30743691899070386,0.48257927629046404,1.2622757929274202,0.23037312519209768
1.0,5,1.0,4.0,2.0,1.0,4518,0,0.5955068614431164,8.764560663082687,0.28065515714918104,0.42958995802927397,1.2326906020419142,0.2239967385185074
1.0,5,1.0,4.0,2.0,10.0,4518,0,0.5954515272244356,8.76795799126219,0.28043382027445773,0.4294455483021772,1.2326059750771572,0.22397855312303755
1.0,5,2.0,4.0,2.0,1.0,4518,0,0.5955068614431164,11.146588108855152,0.25077467906153167,0.3438542726244346,1.1733671749427792,0.21129942840904312
1.0,5,2.0,4.0,2.0,10.0,4518,0,0.5954515272244356,11.149764100159931,0.2505533421868083,0.3437708749984191,1.1732880961831447,0.21128257552032387
2.0,1,0.0,4.0,2.0,1.0,4518,0,0.4225874280655157,13.10201986482991,0.24878264718902168,0.29143092494354406,1.1246911744299612,0.20097405697490894
2.0,1,0.0,4.0,2.0,10.0,4518,0,0.4225874280655157,13.10201986482991,0.24878264718902168,0.29143092494354406,1.1246911744299612,0.20097405697490894
2.0,1,0.5,4.0,2.0,1.0,4518,0,0.4225874280655157,13.947194720960944,0.233510402833112,0.26973403211315256,1.1036565438732207,0.19652824277265168
2.0,1,0.5,4.0,2.0,10.0,4518,0,0.4225874280655157,13.947194720960944,0.233510402833112,0.26973403211315256,1.1036565438732207,0.19652824277265168
2.0,1,1.0,4.0,2.0,1.0,4518,0,0.4225874280655157,14.792369577091975,0.2222222222222222,0.25023230150006254,1.082630708046744,0.19211864796810924
2.0,1,1.0,4.0,2.0,10.0,4518,0,0.4225874280655157,14.792369577091975,0.2222222222222222,0.25023230150006254,1.082630708046744,0.19211864796810924
2.0,1,2.0,4.0,2.0,1.0,4518,0,0.4225874280655157,16.48271928935404,0.20252324037184594,0.21660210333189533,1.0405856054991427,0.18332615993061574
2.0,1,2.0,4.0,2.0,10.0,4518,0,0.4225874280655157,16.48271928935404,0.20252324037184594,0.21660210333189533,1.0405856054991427,0.18332615993061574
2.0,2,0.0,4.0,2.0,1.0,4518,0,0.48367640548915447,12.01989510619294,0.2682602921646746,0.3257770218411838,1.1516229913777924,0.206666282182111
2.0,2,0.0,4.0,2.0,10.0,4518,0,0.48367640548915447,12.01989510619294,0.2682602921646746,0.3257770218411838,1.1516229913777924,0.206666282182111
2.0,2,0.5,4.0,2.0,1.0,4518,0,0.48367640548915447,12.987247917171251,0.24856131031429837,0.29805453803130894,1.1275476076280913,0.20157778382648306
2.0,2,0.5,4.0,2.0,10.0,4518,0,0.48367640548915447,12.987247917171251,0.24856131031429837,0.29805453803130894,1.1275476076280913,0.20157778382648306
2.0,2,1.0,4.0,2.0,1.0,4518,0,0.48367640548915447,13.95460072814956,0.234174413457282,0.2734971170959584,1.1034722238783898,0.19648928547085512
2.0,2,1.0,4.0,2.0,10.0,4518,0,0.48367640548915447,13.95460072814956,0.234174413457282,0.2734971170959584,1.1034722238783898,0.19648928547085512
2.0,2,2.0,4.0,2.0,1.0,4518,0,0.48367640548915447,15.889306350106176,0.2104913678618858,0.23197176736912092,1.0553424263155116,0.18639864939241246
2.0,2,2.0,4.0,2.0,10.0,4518,0,0.48367640548915447,15.889306350106176,0.2104913678618858,0.23197176736912092,1.0553424263155116,0.18639864939241246
2.0,5,0.0,4.0,2.0,1.0,4518,0,0.5481961044710049,10.765082940614144,0.29459938025675075,0.37178287715953656,1.182866242353075,0.21332382442565126
2.0,5,0.0,4.0,2.0,10.0,4518,0,0.5481961044710049,10.765082940614144,0.29459938025675075,0.37178287715953656,1.182866242353075,0.21332382442565126
2.0,5,0.5,4.0,2.0,1.0,4518,0,0.5481961044710049,11.861475149556155,0.26980965028773796,0.33588450325689606,1.1555672583081615,0.20750599493029753
2.0,5,0.5,4.0,2.0,10.0,4518,0,0.5481961044710049,11.861475149556155,0.26980965028773796,0.33588450325689606,1.1555672583081615,0.20750599493029753
2.0,5,1.0,4.0,2.0,1.0,4518,0,0.5481961044710049,12.957867358498167,0.2481186365648517,0.3046131560181232,1.1282788281474379,0.20173233232502333
2.0,5,1.0,4.0,2.0,10.0,4518,0,0.5481961044710049,12.957867358498167,0.2481186365648517,0.3046131560181232,1.1282788281474379,0.20173233232502333
2.0,5,2.0,4.0,2.0,1.0,4518,0,0.5481961044710049,15.150651776382185,0.22177954847277556,0.2526966181965479,1.07371779179301,0.19025037832845976
2.0,5,2.0,4.0,2.0,10.0,4518,0,0.5481961044710049,15.150651776382185,0.22177954847277556,0.2526966181965479,1.07371779179301,0.19025037832845976
