openTime,equity
2022-01-01 00:00:00+00:00,100000.0
2022-01-02 00:00:00+00:00,100000.0
2022-01-03 00:00:00+00:00,100000.0
2022-01-04 00:00:00+00:00,100000.0
2022-01-05 00:00:00+00:00,100000.0
2022-01-06 00:00:00+00:00,100000.0
2022-01-07 00:00:00+00:00,100000.0
2022-01-08 00:00:00+00:00,100000.0
2022-01-09 00:00:00+00:00,102736.72359174569
2022-01-10 00:00:00+00:00,100017.58910091707
2022-01-11 00:00:00+00:00,99632.02587026656
2022-01-12 00:00:00+00:00,97811.0014724128
2022-01-13 00:00:00+00:00,100037.32831846723
2022-01-14 00:00:00+00:00,94110.39539941525
2022-01-15 00:00:00+00:00,91890.14056316197
2022-01-16 00:00:00+00:00,85367.11911556947
2022-01-17 00:00:00+00:00,82506.34121028695
2022-01-18 00:00:00+00:00,81382.17184244852
2022-01-19 00:00:00+00:00,79544.07793643165
2022-01-20 00:00:00+00:00,78879.13088401593
2022-01-21 00:00:00+00:00,74048.24344890904
2022-01-22 00:00:00+00:00,70917.92112158265
2022-01-23 00:00:00+00:00,69214.8709227599
2022-01-24 00:00:00+00:00,72424.03293435075
2022-01-25 00:00:00+00:00,72424.03293435075
2022-01-26 00:00:00+00:00,73418.64461115784
2022-01-27 00:00:00+00:00,73742.36237562192
2022-01-28 00:00:00+00:00,72278.56788855423
2022-01-29 00:00:00+00:00,70293.13178354356
2022-01-30 00:00:00+00:00,70909.90273959565
2022-01-31 00:00:00+00:00,69036.78630552391
2022-02-01 00:00:00+00:00,65808.36917307548
2022-02-02 00:00:00+00:00,64613.40529394453
2022-02-03 00:00:00+00:00,62828.75890829267
2022-02-04 00:00:00+00:00,64974.286565309594
2022-02-05 00:00:00+00:00,63573.59169036453
2022-02-06 00:00:00+00:00,62263.72788372107
2022-02-07 00:00:00+00:00,62072.47861174316
2022-02-08 00:00:00+00:00,61791.26714418976
2022-02-09 00:00:00+00:00,62033.36038767504
2022-02-10 00:00:00+00:00,62001.56793734281
2022-02-11 00:00:00+00:00,62011.5597741414
2022-02-12 00:00:00+00:00,60993.11280631845
2022-02-13 00:00:00+00:00,61178.74714903936
2022-02-14 00:00:00+00:00,59690.966967616594
2022-02-15 00:00:00+00:00,59010.02582803826
2022-02-16 00:00:00+00:00,56156.006876310465
2022-02-17 00:00:00+00:00,56657.166402903946
2022-02-18 00:00:00+00:00,54955.3732416229
2022-02-19 00:00:00+00:00,52845.047514085316
2022-02-20 00:00:00+00:00,50902.35853433223
2022-02-21 00:00:00+00:00,51532.849737727316
2022-02-22 00:00:00+00:00,51323.433714816405
2022-02-23 00:00:00+00:00,52519.837341520164
2022-02-24 00:00:00+00:00,55034.66052254394
2022-02-25 00:00:00+00:00,53738.40600785415
2022-02-26 00:00:00+00:00,51012.708156422465
2022-02-27 00:00:00+00:00,50791.627809851954
2022-02-28 00:00:00+00:00,51329.961230138935
2022-03-01 00:00:00+00:00,47470.50216443342
2022-03-02 00:00:00+00:00,47871.24939886407
2022-03-03 00:00:00+00:00,47871.24939886407
2022-03-04 00:00:00+00:00,47804.64691019203
2022-03-05 00:00:00+00:00,47374.48636410564
2022-03-06 00:00:00+00:00,48515.0207370042
2022-03-07 00:00:00+00:00,48171.16396599748
2022-03-08 00:00:00+00:00,48160.56023432736
2022-03-09 00:00:00+00:00,46271.56883395741
2022-03-10 00:00:00+00:00,45415.44889444044
2022-03-11 00:00:00+00:00,43694.40415567435
2022-03-12 00:00:00+00:00,43495.90414143223
2022-03-13 00:00:00+00:00,42678.63378784197
2022-03-14 00:00:00+00:00,40321.14029898456
2022-03-15 00:00:00+00:00,40114.630511728836
2022-03-16 00:00:00+00:00,38929.08165303841
2022-03-17 00:00:00+00:00,38858.91631603063
2022-03-18 00:00:00+00:00,39242.13232399756
2022-03-19 00:00:00+00:00,39039.67572046893
2022-03-20 00:00:00+00:00,39039.67572046893
2022-03-21 00:00:00+00:00,37896.50988566831
2022-03-22 00:00:00+00:00,37133.80292753358
2022-03-23 00:00:00+00:00,36382.28840651833
2022-03-24 00:00:00+00:00,36328.698108928525
2022-03-25 00:00:00+00:00,36758.94861537523
2022-03-26 00:00:00+00:00,34833.54433629195
2022-03-27 00:00:00+00:00,34625.58831508774
2022-03-28 00:00:00+00:00,34749.67001394481
2022-03-29 00:00:00+00:00,34072.17148501613
2022-03-30 00:00:00+00:00,34661.257186326795
2022-03-31 00:00:00+00:00,34270.63696918405
2022-04-01 00:00:00+00:00,34993.7821339241
2022-04-02 00:00:00+00:00,35127.56214691942
2022-04-03 00:00:00+00:00,35203.07893148438
2022-04-04 00:00:00+00:00,34526.51765622211
2022-04-05 00:00:00+00:00,33379.68105998865
2022-04-06 00:00:00+00:00,32823.07950084579
2022-04-07 00:00:00+00:00,33270.986566577034
2022-04-08 00:00:00+00:00,33851.32679237959
2022-04-09 00:00:00+00:00,33004.61778322754
2022-04-10 00:00:00+00:00,31980.122336411423
2022-04-11 00:00:00+00:00,31535.435577568984
2022-04-12 00:00:00+00:00,30278.72992076532
2022-04-13 00:00:00+00:00,30076.51232678023
2022-04-14 00:00:00+00:00,30528.457120083196
2022-04-15 00:00:00+00:00,30007.36518699699
2022-04-16 00:00:00+00:00,28931.681491335898
2022-04-17 00:00:00+00:00,28514.45805322336
2022-04-18 00:00:00+00:00,27923.0425602484
2022-04-19 00:00:00+00:00,27911.750311588483
2022-04-20 00:00:00+00:00,27211.047718728238
2022-04-21 00:00:00+00:00,26735.042218514933
2022-04-22 00:00:00+00:00,25901.524897705338
2022-04-23 00:00:00+00:00,25539.841833309918
2022-04-24 00:00:00+00:00,25543.001200080173
2022-04-25 00:00:00+00:00,25742.84281367713
2022-04-26 00:00:00+00:00,25816.411532273636
2022-04-27 00:00:00+00:00,25495.774172363577
2022-04-28 00:00:00+00:00,24913.15627271998
2022-04-29 00:00:00+00:00,25318.228003200693
2022-04-30 00:00:00+00:00,24884.729531441524
2022-05-01 00:00:00+00:00,24710.90291048681
2022-05-02 00:00:00+00:00,24309.50687425879
2022-05-03 00:00:00+00:00,24061.78277018559
2022-05-04 00:00:00+00:00,23188.69936737228
2022-05-05 00:00:00+00:00,22743.19076306562
2022-05-06 00:00:00+00:00,22796.19822197778
2022-05-07 00:00:00+00:00,21874.812751958092
2022-05-08 00:00:00+00:00,21761.911736257243
2022-05-09 00:00:00+00:00,22936.35228151119
2022-05-10 00:00:00+00:00,23322.522267013617
2022-05-11 00:00:00+00:00,25219.099577968922
2022-05-12 00:00:00+00:00,24079.874618749265
2022-05-13 00:00:00+00:00,23948.68034161769
2022-05-14 00:00:00+00:00,23459.37169135825
2022-05-15 00:00:00+00:00,23451.26473512207
2022-05-16 00:00:00+00:00,22811.34696812217
2022-05-17 00:00:00+00:00,22054.583074197795
2022-05-18 00:00:00+00:00,21682.69930628118
2022-05-19 00:00:00+00:00,20350.591967222284
2022-05-20 00:00:00+00:00,20176.349168491997
2022-05-21 00:00:00+00:00,19784.04217349049
2022-05-22 00:00:00+00:00,18878.108973362938
2022-05-23 00:00:00+00:00,19088.797570161867
2022-05-24 00:00:00+00:00,17780.881548316524
2022-05-25 00:00:00+00:00,17507.452082361935
2022-05-26 00:00:00+00:00,16782.821983964066
2022-05-27 00:00:00+00:00,16424.24533633357
2022-05-28 00:00:00+00:00,15908.850265948593
2022-05-29 00:00:00+00:00,15557.746920065903
2022-05-30 00:00:00+00:00,14945.80975864703
2022-05-31 00:00:00+00:00,14922.472283002304
2022-06-01 00:00:00+00:00,14996.157008452687
2022-06-02 00:00:00+00:00,14615.988309616549
2022-06-03 00:00:00+00:00,14151.647051249207
2022-06-04 00:00:00+00:00,13976.843606220074
2022-06-05 00:00:00+00:00,14207.314786643774
2022-06-06 00:00:00+00:00,13782.29896740904
2022-06-07 00:00:00+00:00,13127.025391403042
2022-06-08 00:00:00+00:00,12642.4668855009
2022-06-09 00:00:00+00:00,12102.820525064151
2022-06-10 00:00:00+00:00,12807.2678614181
2022-06-11 00:00:00+00:00,12843.701806687168
2022-06-12 00:00:00+00:00,12473.442319284499
2022-06-13 00:00:00+00:00,12442.588836785682
2022-06-14 00:00:00+00:00,11759.581921897407
2022-06-15 00:00:00+00:00,11512.647370224626
2022-06-16 00:00:00+00:00,11634.427222264934
2022-06-17 00:00:00+00:00,11091.211836444618
2022-06-18 00:00:00+00:00,10707.985009621421
2022-06-19 00:00:00+00:00,11135.955586455908
2022-06-20 00:00:00+00:00,10486.378714372666
2022-06-21 00:00:00+00:00,10526.435680318966
2022-06-22 00:00:00+00:00,10191.945096486184
2022-06-23 00:00:00+00:00,10579.4305734515
2022-06-24 00:00:00+00:00,11096.246026032793
2022-06-25 00:00:00+00:00,10597.875621433574
2022-06-26 00:00:00+00:00,10284.988276794382
2022-06-27 00:00:00+00:00,10170.512157446634
2022-06-28 00:00:00+00:00,10343.008577898781
2022-06-29 00:00:00+00:00,10820.104475000131
2022-06-30 00:00:00+00:00,10723.869222313553
2022-07-01 00:00:00+00:00,10733.561808119204
2022-07-02 00:00:00+00:00,10499.774400136826
2022-07-03 00:00:00+00:00,10430.79997036849
2022-07-04 00:00:00+00:00,10639.04917508258
2022-07-05 00:00:00+00:00,10148.786915450977
2022-07-06 00:00:00+00:00,9632.791318044907
2022-07-07 00:00:00+00:00,9827.671539783305
2022-07-08 00:00:00+00:00,9423.058810885337
2022-07-09 00:00:00+00:00,9017.208530193777
2022-07-10 00:00:00+00:00,9011.222241666934
2022-07-11 00:00:00+00:00,8928.005263016605
2022-07-12 00:00:00+00:00,8999.914186222391
2022-07-13 00:00:00+00:00,8974.263867823818
2022-07-14 00:00:00+00:00,8627.460311196392
2022-07-15 00:00:00+00:00,8514.42505949215
2022-07-16 00:00:00+00:00,8536.297868868023
2022-07-17 00:00:00+00:00,8485.304507736266
2022-07-18 00:00:00+00:00,8464.133772017853
2022-07-19 00:00:00+00:00,8510.51351162811
2022-07-20 00:00:00+00:00,8298.96371691208
2022-07-21 00:00:00+00:00,8503.073143017215
2022-07-22 00:00:00+00:00,8182.2675294585115
2022-07-23 00:00:00+00:00,8000.6146543226005
2022-07-24 00:00:00+00:00,7836.895667463251
2022-07-25 00:00:00+00:00,7861.063366656819
2022-07-26 00:00:00+00:00,7653.9660002461205
2022-07-27 00:00:00+00:00,7684.3255439547
2022-07-28 00:00:00+00:00,7392.753124783667
2022-07-29 00:00:00+00:00,7353.875337726843
2022-07-30 00:00:00+00:00,7235.256439290501
2022-07-31 00:00:00+00:00,7008.486376074558
2022-08-01 00:00:00+00:00,6975.374713170395
2022-08-02 00:00:00+00:00,6877.695733546044
2022-08-03 00:00:00+00:00,6924.181645319841
2022-08-04 00:00:00+00:00,6924.778439198133
2022-08-05 00:00:00+00:00,6838.8427443820765
2022-08-06 00:00:00+00:00,6556.977549762638
2022-08-07 00:00:00+00:00,6496.770321147695
2022-08-08 00:00:00+00:00,6479.807786151248
2022-08-09 00:00:00+00:00,6431.546190746012
2022-08-10 00:00:00+00:00,6206.365012364311
2022-08-11 00:00:00+00:00,6484.611911198401
2022-08-12 00:00:00+00:00,6489.145326754513
2022-08-13 00:00:00+00:00,6397.297642768301
2022-08-14 00:00:00+00:00,6230.699034795176
2022-08-15 00:00:00+00:00,6087.351482569156
2022-08-16 00:00:00+00:00,5974.998348669166
2022-08-17 00:00:00+00:00,5981.526994315493
2022-08-18 00:00:00+00:00,5575.3762407845115
2022-08-19 00:00:00+00:00,5368.801650854838
2022-08-20 00:00:00+00:00,5289.62108715835
2022-08-21 00:00:00+00:00,5179.436004013707
2022-08-22 00:00:00+00:00,5191.542678377285
2022-08-23 00:00:00+00:00,5145.216926475062
2022-08-24 00:00:00+00:00,5043.684719585937
2022-08-25 00:00:00+00:00,4937.96011700101
2022-08-26 00:00:00+00:00,4851.024785483718
2022-08-27 00:00:00+00:00,4690.031344706194
2022-08-28 00:00:00+00:00,4693.0138078938335
2022-08-29 00:00:00+00:00,4655.740923013209
2022-08-30 00:00:00+00:00,4519.9421498932215
2022-08-31 00:00:00+00:00,4383.779150572402
2022-09-01 00:00:00+00:00,4337.916153712095
2022-09-02 00:00:00+00:00,4414.088325234184
2022-09-03 00:00:00+00:00,4287.9868859316375
2022-09-04 00:00:00+00:00,4277.342981865868
2022-09-05 00:00:00+00:00,4127.804414242629
2022-09-06 00:00:00+00:00,4081.8990471066713
2022-09-07 00:00:00+00:00,4072.9801514192272
2022-09-08 00:00:00+00:00,4094.4372882663038
2022-09-09 00:00:00+00:00,4101.279045389489
2022-09-10 00:00:00+00:00,4074.20875683781
2022-09-11 00:00:00+00:00,3978.2894256297104
2022-09-12 00:00:00+00:00,3980.8739616431712
2022-09-13 00:00:00+00:00,4001.512759670094
2022-09-14 00:00:00+00:00,3918.276328534612
2022-09-15 00:00:00+00:00,3822.466828099912
2022-09-16 00:00:00+00:00,3770.7095685321874
2022-09-17 00:00:00+00:00,3740.7290148288
2022-09-18 00:00:00+00:00,3709.938732177621
2022-09-19 00:00:00+00:00,3716.6322184317573
2022-09-20 00:00:00+00:00,3588.5453804421577
2022-09-21 00:00:00+00:00,3575.3615027093188
2022-09-22 00:00:00+00:00,3477.3105548341114
2022-09-23 00:00:00+00:00,3458.833071346748
2022-09-24 00:00:00+00:00,3339.005469112853
2022-09-25 00:00:00+00:00,3283.6670752225364
2022-09-26 00:00:00+00:00,3307.2460161660606
2022-09-27 00:00:00+00:00,3241.585827161982
2022-09-28 00:00:00+00:00,3207.966603025619
2022-09-29 00:00:00+00:00,3184.8359604947254
2022-09-30 00:00:00+00:00,3004.541111513599
2022-10-01 00:00:00+00:00,3017.554048729347
2022-10-02 00:00:00+00:00,2911.60216370312
2022-10-03 00:00:00+00:00,2882.5814622748326
2022-10-04 00:00:00+00:00,2831.30284615591
2022-10-05 00:00:00+00:00,2770.530375469076
2022-10-06 00:00:00+00:00,2684.3939373511625
2022-10-07 00:00:00+00:00,2673.336333495451
2022-10-08 00:00:00+00:00,2598.329470306674
2022-10-09 00:00:00+00:00,2537.2030114006593
2022-10-10 00:00:00+00:00,2498.641167040014
2022-10-11 00:00:00+00:00,2435.0936140990757
2022-10-12 00:00:00+00:00,2342.2932219504337
2022-10-13 00:00:00+00:00,2443.754188362165
2022-10-14 00:00:00+00:00,2419.998457003014
2022-10-15 00:00:00+00:00,2387.513751570441
2022-10-16 00:00:00+00:00,2312.2000918235303
2022-10-17 00:00:00+00:00,2279.1075428764784
2022-10-18 00:00:00+00:00,2251.069562155423
2022-10-19 00:00:00+00:00,2231.25846668686
2022-10-20 00:00:00+00:00,2187.5768044939873
2022-10-21 00:00:00+00:00,2190.4850844811313
2022-10-22 00:00:00+00:00,2168.026747141317
2022-10-23 00:00:00+00:00,2140.4827193508036
2022-10-24 00:00:00+00:00,2035.1856166098585
2022-10-25 00:00:00+00:00,1955.4540972186976
2022-10-26 00:00:00+00:00,1861.9624123660099
2022-10-27 00:00:00+00:00,1804.591763648036
2022-10-28 00:00:00+00:00,1815.3515102872543
2022-10-29 00:00:00+00:00,1760.8588851166344
2022-10-30 00:00:00+00:00,1745.5135637084456
2022-10-31 00:00:00+00:00,1725.8851418004965
2022-11-01 00:00:00+00:00,1655.4480039633802
2022-11-02 00:00:00+00:00,1682.4715054657645
2022-11-03 00:00:00+00:00,1636.9235528657553
2022-11-04 00:00:00+00:00,1663.807252342359
2022-11-05 00:00:00+00:00,1634.418424222257
2022-11-06 00:00:00+00:00,1618.1856121365643
2022-11-07 00:00:00+00:00,1636.6059260762597
2022-11-08 00:00:00+00:00,1638.8992231035759
2022-11-09 00:00:00+00:00,1859.1118712759771
2022-11-10 00:00:00+00:00,1820.892169574376
2022-11-11 00:00:00+00:00,1730.0011048393997
2022-11-12 00:00:00+00:00,1749.6312423144584
2022-11-13 00:00:00+00:00,1812.9723615674832
2022-11-14 00:00:00+00:00,1696.5936819454892
2022-11-15 00:00:00+00:00,1629.7961433222174
2022-11-16 00:00:00+00:00,1599.7613964151471
2022-11-17 00:00:00+00:00,1547.366540433075
2022-11-18 00:00:00+00:00,1536.814546534502
2022-11-19 00:00:00+00:00,1554.707689853498
2022-11-20 00:00:00+00:00,1536.72061177115
2022-11-21 00:00:00+00:00,1555.297595461851
2022-11-22 00:00:00+00:00,1519.534598916119
2022-11-23 00:00:00+00:00,1509.1613251013034
2022-11-24 00:00:00+00:00,1433.9978202661948
2022-11-25 00:00:00+00:00,1384.6916587691444
2022-11-26 00:00:00+00:00,1395.3774464402952
2022-11-27 00:00:00+00:00,1336.8015340211023
2022-11-28 00:00:00+00:00,1292.0923317453116
2022-11-29 00:00:00+00:00,1261.9628660901299
2022-11-30 00:00:00+00:00,1265.5992641648884
2022-12-01 00:00:00+00:00,1251.0812072842036
2022-12-02 00:00:00+00:00,1216.2649183029573
2022-12-03 00:00:00+00:00,1196.1899460903512
2022-12-04 00:00:00+00:00,1164.5966862304679
2022-12-05 00:00:00+00:00,1167.729441564294
2022-12-06 00:00:00+00:00,1119.9842308840095
2022-12-07 00:00:00+00:00,1089.1212447362818
2022-12-08 00:00:00+00:00,1067.8877912643077
2022-12-09 00:00:00+00:00,1054.0071407145458
2022-12-10 00:00:00+00:00,1018.136001636338
2022-12-11 00:00:00+00:00,1000.1104024017167
2022-12-12 00:00:00+00:00,984.6394005521898
2022-12-13 00:00:00+00:00,959.1894093921273
2022-12-14 00:00:00+00:00,927.8372048214771
2022-12-15 00:00:00+00:00,925.3642792028145
2022-12-16 00:00:00+00:00,929.3858725428437
2022-12-17 00:00:00+00:00,883.2704869034347
2022-12-18 00:00:00+00:00,864.7524664270973
2022-12-19 00:00:00+00:00,869.3145594710109
2022-12-20 00:00:00+00:00,810.6287157292738
2022-12-21 00:00:00+00:00,794.21334852807
2022-12-22 00:00:00+00:00,795.8377193177714
2022-12-23 00:00:00+00:00,766.5672377122562
2022-12-24 00:00:00+00:00,752.5013756583317
2022-12-25 00:00:00+00:00,739.1706976346074
2022-12-26 00:00:00+00:00,723.188836593706
2022-12-27 00:00:00+00:00,700.5789833703087
2022-12-28 00:00:00+00:00,701.2839984075474
2022-12-29 00:00:00+00:00,677.7682373158449
2022-12-30 00:00:00+00:00,639.4788946007026
2022-12-31 00:00:00+00:00,627.2612906011432
2023-01-01 00:00:00+00:00,615.8560477082658
2023-01-02 00:00:00+00:00,585.1381390628939
2023-01-03 00:00:00+00:00,596.5469447768902
2023-01-04 00:00:00+00:00,616.3363149209665
2023-01-05 00:00:00+00:00,612.6652239360033
2023-01-06 00:00:00+00:00,604.4781032521266
2023-01-07 00:00:00+00:00,595.7121823987361
2023-01-08 00:00:00+00:00,588.3191140337403
2023-01-09 00:00:00+00:00,558.7638667145122
2023-01-10 00:00:00+00:00,558.854187997366
2023-01-11 00:00:00+00:00,542.1840785313946
2023-01-12 00:00:00+00:00,516.021901859104
2023-01-13 00:00:00+00:00,521.3625536662514
2023-01-14 00:00:00+00:00,503.01160535382763
2023-01-15 00:00:00+00:00,448.2361045163038
2023-01-16 00:00:00+00:00,446.44803675794003
2023-01-17 00:00:00+00:00,434.73264823393276
2023-01-18 00:00:00+00:00,439.07768778170373
2023-01-19 00:00:00+00:00,424.6492927072036
2023-01-20 00:00:00+00:00,411.87004314673095
2023-01-21 00:00:00+00:00,388.8073814184756
2023-01-22 00:00:00+00:00,386.17667305218333
2023-01-23 00:00:00+00:00,378.34378159055217
2023-01-24 00:00:00+00:00,369.0413747493247
2023-01-25 00:00:00+00:00,363.10419257329465
2023-01-26 00:00:00+00:00,345.57989137870237
2023-01-27 00:00:00+00:00,345.9765941237839
2023-01-28 00:00:00+00:00,337.0381257690654
2023-01-29 00:00:00+00:00,339.45038645138055
2023-01-30 00:00:00+00:00,329.51413522930136
2023-01-31 00:00:00+00:00,318.2121407009349
2023-02-01 00:00:00+00:00,315.46133264039065
2023-02-02 00:00:00+00:00,302.62835904913237
2023-02-03 00:00:00+00:00,302.70011549721573
2023-02-04 00:00:00+00:00,291.8681663645568
2023-02-05 00:00:00+00:00,278.4816311206727
2023-02-06 00:00:00+00:00,275.0931837768693
2023-02-07 00:00:00+00:00,266.1454286590415
2023-02-08 00:00:00+00:00,266.8395196417937
2023-02-09 00:00:00+00:00,260.0187510697315
2023-02-10 00:00:00+00:00,246.5619037877882
2023-02-11 00:00:00+00:00,243.78470501221102
2023-02-12 00:00:00+00:00,244.72899965355595
2023-02-13 00:00:00+00:00,237.95341980487743
2023-02-14 00:00:00+00:00,234.48105428093285
2023-02-15 00:00:00+00:00,229.9016728813388
2023-02-16 00:00:00+00:00,229.72944271282077
2023-02-17 00:00:00+00:00,230.141505432951
2023-02-18 00:00:00+00:00,224.05196095360003
2023-02-19 00:00:00+00:00,223.38268605073333
2023-02-20 00:00:00+00:00,218.48785971554008
2023-02-21 00:00:00+00:00,215.2202332087324
2023-02-22 00:00:00+00:00,209.401921659926
2023-02-23 00:00:00+00:00,200.6543751513028
2023-02-24 00:00:00+00:00,192.47204354997504
2023-02-25 00:00:00+00:00,188.50487427358914
2023-02-26 00:00:00+00:00,187.65781293231024
2023-02-27 00:00:00+00:00,185.98247354713206
2023-02-28 00:00:00+00:00,180.26570617616116
2023-03-01 00:00:00+00:00,173.25648298023953
2023-03-02 00:00:00+00:00,170.35543342459513
2023-03-03 00:00:00+00:00,163.89507031764143
2023-03-04 00:00:00+00:00,161.5092412831674
2023-03-05 00:00:00+00:00,160.62478046926077
2023-03-06 00:00:00+00:00,159.37866361212554
2023-03-07 00:00:00+00:00,156.18250055801124
2023-03-08 00:00:00+00:00,159.01680654508084
2023-03-09 00:00:00+00:00,157.7322781672278
2023-03-10 00:00:00+00:00,152.20064687811455
2023-03-11 00:00:00+00:00,148.03471293308084
2023-03-12 00:00:00+00:00,147.4802466572151
2023-03-13 00:00:00+00:00,147.0650890665864
2023-03-14 00:00:00+00:00,147.4695333134883
2023-03-15 00:00:00+00:00,146.68770139029024
2023-03-16 00:00:00+00:00,142.88312772889245
2023-03-17 00:00:00+00:00,142.31716705716474
2023-03-18 00:00:00+00:00,141.21716453139766
2023-03-19 00:00:00+00:00,143.1272937483411
2023-03-20 00:00:00+00:00,147.2612148874058
2023-03-21 00:00:00+00:00,147.27863481884697
2023-03-22 00:00:00+00:00,144.8075283327085
2023-03-23 00:00:00+00:00,141.2006271910238
2023-03-24 00:00:00+00:00,139.69047742267955
2023-03-25 00:00:00+00:00,135.74122571679564
2023-03-26 00:00:00+00:00,132.45486445584694
2023-03-27 00:00:00+00:00,136.04068318356624
2023-03-28 00:00:00+00:00,133.92728189799163
2023-03-29 00:00:00+00:00,131.64087948431094
2023-03-30 00:00:00+00:00,128.56166907863894
2023-03-31 00:00:00+00:00,126.43621523002045
2023-04-01 00:00:00+00:00,122.24655590692463
2023-04-02 00:00:00+00:00,117.44168380855683
2023-04-03 00:00:00+00:00,110.63462798533452
2023-04-04 00:00:00+00:00,109.0611195781843
2023-04-05 00:00:00+00:00,105.82306576980743
2023-04-06 00:00:00+00:00,103.4244621629173
2023-04-07 00:00:00+00:00,103.17441233567708
2023-04-08 00:00:00+00:00,102.42905466020501
2023-04-09 00:00:00+00:00,99.6568173435174
2023-04-10 00:00:00+00:00,98.62254448000094
2023-04-11 00:00:00+00:00,100.23825295689629
2023-04-12 00:00:00+00:00,99.05069768956237
2023-04-13 00:00:00+00:00,96.91567681382902
2023-04-14 00:00:00+00:00,98.2880452234264
2023-04-15 00:00:00+00:00,96.46801041771955
2023-04-16 00:00:00+00:00,96.01447653765159
2023-04-17 00:00:00+00:00,94.59640410706623
2023-04-18 00:00:00+00:00,93.89871914963015
2023-04-19 00:00:00+00:00,96.44066727151635
2023-04-20 00:00:00+00:00,93.65739835518839
2023-04-21 00:00:00+00:00,91.99522110316303
2023-04-22 00:00:00+00:00,90.29665599127331
2023-04-23 00:00:00+00:00,89.58974087158732
2023-04-24 00:00:00+00:00,87.91076499903973
2023-04-25 00:00:00+00:00,87.43297198781427
2023-04-26 00:00:00+00:00,87.11715674183996
2023-04-27 00:00:00+00:00,85.30109245770174
2023-04-28 00:00:00+00:00,83.50582356468816
2023-04-29 00:00:00+00:00,81.19175767279273
2023-04-30 00:00:00+00:00,80.74586467702397
2023-05-01 00:00:00+00:00,80.2420847884096
2023-05-02 00:00:00+00:00,78.95213963397238
2023-05-03 00:00:00+00:00,77.95686038635968
2023-05-04 00:00:00+00:00,76.68421939396447
2023-05-05 00:00:00+00:00,75.52351169715796
2023-05-06 00:00:00+00:00,74.88808077189528
2023-05-07 00:00:00+00:00,74.11391800800178
2023-05-08 00:00:00+00:00,76.31868187722472
2023-05-09 00:00:00+00:00,74.56957267033812
2023-05-10 00:00:00+00:00,74.4219337633528
2023-05-11 00:00:00+00:00,75.41318984719148
2023-05-12 00:00:00+00:00,73.20493680795224
2023-05-13 00:00:00+00:00,70.63170032178596
2023-05-14 00:00:00+00:00,68.54479686341388
2023-05-15 00:00:00+00:00,67.74373915446436
2023-05-16 00:00:00+00:00,66.5685292607417
2023-05-17 00:00:00+00:00,63.71007227637659
2023-05-18 00:00:00+00:00,63.33404784073274
2023-05-19 00:00:00+00:00,61.80811853226161
2023-05-20 00:00:00+00:00,60.285379283427645
2023-05-21 00:00:00+00:00,59.53743002975957
2023-05-22 00:00:00+00:00,59.700143547858474
2023-05-23 00:00:00+00:00,59.35514177965067
2023-05-24 00:00:00+00:00,58.074181453137356
2023-05-25 00:00:00+00:00,57.41548596243798
2023-05-26 00:00:00+00:00,55.90995902832082
2023-05-27 00:00:00+00:00,55.90995902832082
2023-05-28 00:00:00+00:00,54.47952020004583
2023-05-29 00:00:00+00:00,54.77382108528144
2023-05-30 00:00:00+00:00,54.80224236550147
2023-05-31 00:00:00+00:00,53.983122478995824
2023-06-01 00:00:00+00:00,51.71864812578298
2023-06-02 00:00:00+00:00,50.944189606205725
2023-06-03 00:00:00+00:00,50.0661431612859
2023-06-04 00:00:00+00:00,48.954581822620256
2023-06-05 00:00:00+00:00,48.98869671094704
2023-06-06 00:00:00+00:00,47.74695175275154
2023-06-07 00:00:00+00:00,48.25604307594208
2023-06-08 00:00:00+00:00,46.50758982944592
2023-06-09 00:00:00+00:00,45.4642739423674
2023-06-10 00:00:00+00:00,45.801339911386044
2023-06-11 00:00:00+00:00,45.209640529176625
2023-06-12 00:00:00+00:00,44.50771045915459
2023-06-13 00:00:00+00:00,44.6222521670997
2023-06-14 00:00:00+00:00,43.43939288200861
2023-06-15 00:00:00+00:00,43.352450549800096
2023-06-16 00:00:00+00:00,42.64724562215211
2023-06-17 00:00:00+00:00,41.637848529715654
2023-06-18 00:00:00+00:00,40.89922342879926
2023-06-19 00:00:00+00:00,39.68137057056756
2023-06-20 00:00:00+00:00,38.96313694554104
2023-06-21 00:00:00+00:00,38.77922914355469
2023-06-22 00:00:00+00:00,38.11343121917979
2023-06-23 00:00:00+00:00,37.79108348692516
2023-06-24 00:00:00+00:00,36.34514534497458
2023-06-25 00:00:00+00:00,36.40950040491247
2023-06-26 00:00:00+00:00,35.93147004371237
2023-06-27 00:00:00+00:00,34.25475457778662
2023-06-28 00:00:00+00:00,32.84487291261355
2023-06-29 00:00:00+00:00,31.873081758747958
2023-06-30 00:00:00+00:00,31.768356974530846
2023-07-01 00:00:00+00:00,31.263101043153238
2023-07-02 00:00:00+00:00,30.94378872998109
2023-07-03 00:00:00+00:00,29.89555052177594
2023-07-04 00:00:00+00:00,29.276038436844498
2023-07-05 00:00:00+00:00,29.09123503502667
2023-07-06 00:00:00+00:00,28.811779515525586
2023-07-07 00:00:00+00:00,28.136138108490623
2023-07-08 00:00:00+00:00,27.685118108933477
2023-07-09 00:00:00+00:00,27.420406055601887
2023-07-10 00:00:00+00:00,27.0504993112219
2023-07-11 00:00:00+00:00,26.889488594954102
2023-07-12 00:00:00+00:00,26.449743120576954
2023-07-13 00:00:00+00:00,26.04854613771896
2023-07-14 00:00:00+00:00,26.42583795494896
2023-07-15 00:00:00+00:00,26.258288473824244
2023-07-16 00:00:00+00:00,25.787970785628737
2023-07-17 00:00:00+00:00,25.73838497827087
2023-07-18 00:00:00+00:00,25.296276832313033
2023-07-19 00:00:00+00:00,25.4583856845115
2023-07-20 00:00:00+00:00,25.362262948204183
2023-07-21 00:00:00+00:00,24.828732736569343
2023-07-22 00:00:00+00:00,24.287792524084654
2023-07-23 00:00:00+00:00,23.322487255673774
2023-07-24 00:00:00+00:00,23.83102843689599
2023-07-25 00:00:00+00:00,23.248934812507226
2023-07-26 00:00:00+00:00,23.122173908407547
2023-07-27 00:00:00+00:00,22.64999488325982
2023-07-28 00:00:00+00:00,22.37947475715797
2023-07-29 00:00:00+00:00,21.570550863420515
2023-07-30 00:00:00+00:00,21.18795750686678
2023-07-31 00:00:00+00:00,20.260276049828004
2023-08-01 00:00:00+00:00,20.133481675118066
2023-08-02 00:00:00+00:00,19.9217449869792
2023-08-03 00:00:00+00:00,19.347039898610728
2023-08-04 00:00:00+00:00,18.774126762157213
2023-08-05 00:00:00+00:00,18.058291256280334
2023-08-06 00:00:00+00:00,17.91060920660428
2023-08-07 00:00:00+00:00,17.70375460499371
2023-08-08 00:00:00+00:00,17.985822101487678
2023-08-09 00:00:00+00:00,17.598513254632753
2023-08-10 00:00:00+00:00,17.37208421919347
2023-08-11 00:00:00+00:00,17.10613966555408
2023-08-12 00:00:00+00:00,16.802972045264433
2023-08-13 00:00:00+00:00,16.67536987997112
2023-08-14 00:00:00+00:00,16.156480335695008
2023-08-15 00:00:00+00:00,15.982770167151497
2023-08-16 00:00:00+00:00,16.07796503205858
2023-08-17 00:00:00+00:00,16.231104267194258
2023-08-18 00:00:00+00:00,15.416583269880919
2023-08-19 00:00:00+00:00,15.297882236995624
2023-08-20 00:00:00+00:00,14.559955936261696
2023-08-21 00:00:00+00:00,14.545797284677803
2023-08-22 00:00:00+00:00,13.909601139173455
2023-08-23 00:00:00+00:00,13.913310236027893
2023-08-24 00:00:00+00:00,14.005637476927095
2023-08-25 00:00:00+00:00,13.905087848615208
2023-08-26 00:00:00+00:00,13.405005767115474
2023-08-27 00:00:00+00:00,13.162663556590614
2023-08-28 00:00:00+00:00,12.871765865246836
2023-08-29 00:00:00+00:00,12.619548424107837
2023-08-30 00:00:00+00:00,12.399267652307719
2023-08-31 00:00:00+00:00,12.093876599160986
2023-09-01 00:00:00+00:00,12.014716611273364
2023-09-02 00:00:00+00:00,11.40195439678172
2023-09-03 00:00:00+00:00,11.151977647945818
2023-09-04 00:00:00+00:00,11.297442169162663
2023-09-05 00:00:00+00:00,11.323342249405659
2023-09-06 00:00:00+00:00,11.081124825584324
2023-09-07 00:00:00+00:00,10.713795656340524
2023-09-08 00:00:00+00:00,10.344277530672828
2023-09-09 00:00:00+00:00,10.064794310097074
2023-09-10 00:00:00+00:00,10.258164110197546
2023-09-11 00:00:00+00:00,10.112191677774762
2023-09-12 00:00:00+00:00,9.838834745500032
2023-09-13 00:00:00+00:00,9.588942715783705
2023-09-14 00:00:00+00:00,9.018794782347593
2023-09-15 00:00:00+00:00,8.853774601721671
2023-09-16 00:00:00+00:00,8.680866163134354
2023-09-17 00:00:00+00:00,8.586306463289104
2023-09-18 00:00:00+00:00,8.227409056660914
2023-09-19 00:00:00+00:00,8.133709547226234
2023-09-20 00:00:00+00:00,7.861777656718063
2023-09-21 00:00:00+00:00,7.861777656718063
2023-09-22 00:00:00+00:00,7.575703029981426
2023-09-23 00:00:00+00:00,7.190488239121629
2023-09-24 00:00:00+00:00,6.9822596092086755
2023-09-25 00:00:00+00:00,6.698489267954842
2023-09-26 00:00:00+00:00,6.651023344082718
2023-09-27 00:00:00+00:00,6.5704443865068285
2023-09-28 00:00:00+00:00,6.395119593539642
2023-09-29 00:00:00+00:00,6.138223200504725
2023-09-30 00:00:00+00:00,5.954766387058154
2023-10-01 00:00:00+00:00,6.112384532045718
2023-10-02 00:00:00+00:00,5.882000159783958
2023-10-03 00:00:00+00:00,5.828159063683053
2023-10-04 00:00:00+00:00,5.73271466387456
2023-10-05 00:00:00+00:00,5.668191022897444
2023-10-06 00:00:00+00:00,5.725448686853358
2023-10-07 00:00:00+00:00,5.600819990362168
2023-10-08 00:00:00+00:00,5.434307676928949
2023-10-09 00:00:00+00:00,5.275813513708089
2023-10-10 00:00:00+00:00,5.166120792246947
2023-10-11 00:00:00+00:00,5.164660109612034
2023-10-12 00:00:00+00:00,5.1005719433512775
2023-10-13 00:00:00+00:00,5.0374058257815
2023-10-14 00:00:00+00:00,4.8827158487843585
2023-10-15 00:00:00+00:00,4.720142323751091
2023-10-16 00:00:00+00:00,4.76021282444392
2023-10-17 00:00:00+00:00,4.604755254135497
2023-10-18 00:00:00+00:00,4.664999856746527
2023-10-19 00:00:00+00:00,4.656632858519671
2023-10-20 00:00:00+00:00,4.706476585955683
2023-10-21 00:00:00+00:00,4.876387139511663
2023-10-22 00:00:00+00:00,4.7619433207734305
2023-10-23 00:00:00+00:00,4.611523897698958
2023-10-24 00:00:00+00:00,4.582029836228156
2023-10-25 00:00:00+00:00,4.526159951601017
2023-10-26 00:00:00+00:00,4.443875941709818
2023-10-27 00:00:00+00:00,4.169338501268632
2023-10-28 00:00:00+00:00,4.072414770957337
2023-10-29 00:00:00+00:00,4.092191489041302
2023-10-30 00:00:00+00:00,4.03516010683348
2023-10-31 00:00:00+00:00,3.9355568398722474
2023-11-01 00:00:00+00:00,3.9353912378439713
2023-11-02 00:00:00+00:00,3.904484125487561
2023-11-03 00:00:00+00:00,3.7612955572587308
2023-11-04 00:00:00+00:00,3.7156581126399226
2023-11-05 00:00:00+00:00,3.6232245421552025
2023-11-06 00:00:00+00:00,3.5463021289284544
2023-11-07 00:00:00+00:00,3.5598425754625818
2023-11-08 00:00:00+00:00,3.4701856760641614
2023-11-09 00:00:00+00:00,3.189849916626168
2023-11-10 00:00:00+00:00,3.4357671083092285
2023-11-11 00:00:00+00:00,3.3699070147447707
2023-11-12 00:00:00+00:00,3.273204249455273
2023-11-13 00:00:00+00:00,3.2775736703274503
2023-11-14 00:00:00+00:00,3.186365449438787
2023-11-15 00:00:00+00:00,3.2352866601677004
2023-11-16 00:00:00+00:00,3.1107991399723365
2023-11-17 00:00:00+00:00,2.979090300592956
2023-11-18 00:00:00+00:00,2.8421919778374765
2023-11-19 00:00:00+00:00,2.8318903489852505
2023-11-20 00:00:00+00:00,2.8039678111612325
2023-11-21 00:00:00+00:00,2.8016432679550505
2023-11-22 00:00:00+00:00,2.7380253662138845
2023-11-23 00:00:00+00:00,2.738092788016619
2023-11-24 00:00:00+00:00,2.7476250481924533
2023-11-25 00:00:00+00:00,2.6589520795576114
2023-11-26 00:00:00+00:00,2.634866110860537
2023-11-27 00:00:00+00:00,2.6009034132037256
2023-11-28 00:00:00+00:00,2.5569191502018116
2023-11-29 00:00:00+00:00,2.514949304049658
2023-11-30 00:00:00+00:00,2.523062807617834
2023-12-01 00:00:00+00:00,2.508938432483191
2023-12-02 00:00:00+00:00,2.5347016221141945
2023-12-03 00:00:00+00:00,2.492912907040998
2023-12-04 00:00:00+00:00,2.480610354069035
2023-12-05 00:00:00+00:00,2.3565296836097405
2023-12-06 00:00:00+00:00,2.294981279567986
2023-12-07 00:00:00+00:00,2.28389242377517
2023-12-08 00:00:00+00:00,2.2325557894535257
2023-12-09 00:00:00+00:00,2.21321918257983
2023-12-10 00:00:00+00:00,2.2053231146965824
2023-12-11 00:00:00+00:00,2.0924552532345624
2023-12-12 00:00:00+00:00,2.0541384015496624
2023-12-13 00:00:00+00:00,2.043631095009804
2023-12-14 00:00:00+00:00,2.0177143411522462
2023-12-15 00:00:00+00:00,1.9497803605483803
2023-12-16 00:00:00+00:00,1.9139906146064949
2023-12-17 00:00:00+00:00,1.9120104425692679
2023-12-18 00:00:00+00:00,1.9066862340865403
2023-12-19 00:00:00+00:00,1.8788406688949764
2023-12-20 00:00:00+00:00,1.8425213649716032
2023-12-21 00:00:00+00:00,1.9718932989285394
2023-12-22 00:00:00+00:00,2.0424618178392815
2023-12-23 00:00:00+00:00,2.031964690210179
2023-12-24 00:00:00+00:00,1.9730734988276053
2023-12-25 00:00:00+00:00,1.999016658130189
2023-12-26 00:00:00+00:00,1.9842713233931593
2023-12-27 00:00:00+00:00,1.9293094793697958
2023-12-28 00:00:00+00:00,1.8398970448596625
2023-12-29 00:00:00+00:00,1.8475959236382438
2023-12-30 00:00:00+00:00,1.829623986981495
2023-12-31 00:00:00+00:00,1.7871304075686036
2024-01-01 00:00:00+00:00,1.7950744908969516
2024-01-02 00:00:00+00:00,1.738176426327649
2024-01-03 00:00:00+00:00,1.6497975371064146
2024-01-04 00:00:00+00:00,1.59435134974141
2024-01-05 00:00:00+00:00,1.515623408760745
2024-01-06 00:00:00+00:00,1.4909820379087688
2024-01-07 00:00:00+00:00,1.4434941248849869
2024-01-08 00:00:00+00:00,1.4197253844499251
2024-01-09 00:00:00+00:00,1.4841226884471364
2024-01-10 00:00:00+00:00,1.4702810240340634
2024-01-11 00:00:00+00:00,1.4450788572706623
2024-01-12 00:00:00+00:00,1.394672576005036
2024-01-13 00:00:00+00:00,1.3735491318401747
2024-01-14 00:00:00+00:00,1.3162796004684851
2024-01-15 00:00:00+00:00,1.3086048164663375
2024-01-16 00:00:00+00:00,1.296206150561447
2024-01-17 00:00:00+00:00,1.281069641829217
2024-01-18 00:00:00+00:00,1.2807923040170237
2024-01-19 00:00:00+00:00,1.2248319539393397
2024-01-20 00:00:00+00:00,1.1751202681795565
2024-01-21 00:00:00+00:00,1.1576736861993886
2024-01-22 00:00:00+00:00,1.1803585983516933
2024-01-23 00:00:00+00:00,1.1564227742077169
2024-01-24 00:00:00+00:00,1.1325245362788217
2024-01-25 00:00:00+00:00,1.1099694040172452
2024-01-26 00:00:00+00:00,1.1077508969933072
2024-01-27 00:00:00+00:00,1.0893710864967607
2024-01-28 00:00:00+00:00,1.0890000043225168
2024-01-29 00:00:00+00:00,1.0783610298476942
2024-01-30 00:00:00+00:00,1.0606469516717143
2024-01-31 00:00:00+00:00,1.0497658728603576
2024-02-01 00:00:00+00:00,1.0502487582636035
2024-02-02 00:00:00+00:00,1.0372694064968078
2024-02-03 00:00:00+00:00,1.0323367816723479
2024-02-04 00:00:00+00:00,1.0045706057448232
2024-02-05 00:00:00+00:00,0.9697268497022117
2024-02-06 00:00:00+00:00,0.9462995608630331
2024-02-07 00:00:00+00:00,0.9390477257508335
2024-02-08 00:00:00+00:00,0.9011721808374522
2024-02-09 00:00:00+00:00,0.8977816712280741
2024-02-10 00:00:00+00:00,0.8885494903699984
2024-02-11 00:00:00+00:00,0.872702561098802
2024-02-12 00:00:00+00:00,0.8912684971525386
2024-02-13 00:00:00+00:00,0.8819076721771967
2024-02-14 00:00:00+00:00,0.8880060375427232
2024-02-15 00:00:00+00:00,0.8673182785043786
2024-02-16 00:00:00+00:00,0.8680637886746178
2024-02-17 00:00:00+00:00,0.8290410359940222
2024-02-18 00:00:00+00:00,0.8221155254066024
2024-02-19 00:00:00+00:00,0.7974720960306625
2024-02-20 00:00:00+00:00,0.7662373926585138
2024-02-21 00:00:00+00:00,0.7672279834365543
2024-02-22 00:00:00+00:00,0.7620330330749782
2024-02-23 00:00:00+00:00,0.7438111846590617
2024-02-24 00:00:00+00:00,0.7264970950290239
2024-02-25 00:00:00+00:00,0.7019687425497225
2024-02-26 00:00:00+00:00,0.6923079294047453
2024-02-27 00:00:00+00:00,0.6834352428446028
2024-02-28 00:00:00+00:00,0.697264610644173
2024-02-29 00:00:00+00:00,0.6756632101907537
2024-03-01 00:00:00+00:00,0.6912836795844721
2024-03-02 00:00:00+00:00,0.669391965410021
2024-03-03 00:00:00+00:00,0.6464783874391881
2024-03-04 00:00:00+00:00,0.6364017832294067
2024-03-05 00:00:00+00:00,0.6227166158812373
2024-03-06 00:00:00+00:00,0.561490255357976
2024-03-07 00:00:00+00:00,0.5632655954966006
2024-03-08 00:00:00+00:00,0.5398003824817148
2024-03-09 00:00:00+00:00,0.530150666225779
2024-03-10 00:00:00+00:00,0.5161788961586629
2024-03-11 00:00:00+00:00,0.5213679351113268
2024-03-12 00:00:00+00:00,0.5089340901056032
2024-03-13 00:00:00+00:00,0.5109993576735443
2024-03-14 00:00:00+00:00,0.4960059374113857
2024-03-15 00:00:00+00:00,0.4959517013904615
2024-03-16 00:00:00+00:00,0.5103409415739848
2024-03-17 00:00:00+00:00,0.5159814563223653
2024-03-18 00:00:00+00:00,0.5247329732311135
2024-03-19 00:00:00+00:00,0.4985453778694612
2024-03-20 00:00:00+00:00,0.47349292698631285
2024-03-21 00:00:00+00:00,0.47007304388570226
2024-03-22 00:00:00+00:00,0.4669333644600526
2024-03-23 00:00:00+00:00,0.4635806328929934
2024-03-24 00:00:00+00:00,0.4508422375780024
2024-03-25 00:00:00+00:00,0.46367980941250087
2024-03-26 00:00:00+00:00,0.44912735685004723
2024-03-27 00:00:00+00:00,0.4434681686656871
2024-03-28 00:00:00+00:00,0.4358904229725887
2024-03-29 00:00:00+00:00,0.43136292043619384
2024-03-30 00:00:00+00:00,0.4292503385297485
2024-03-31 00:00:00+00:00,0.4150606991632579
2024-04-01 00:00:00+00:00,0.4102751741295796
2024-04-02 00:00:00+00:00,0.40494277634927106
2024-04-03 00:00:00+00:00,0.4071039442258389
2024-04-04 00:00:00+00:00,0.4045401491356356
2024-04-05 00:00:00+00:00,0.3892400436217154
2024-04-06 00:00:00+00:00,0.38038108972803136
2024-04-07 00:00:00+00:00,0.3830531660897185
2024-04-08 00:00:00+00:00,0.3667974455697371
2024-04-09 00:00:00+00:00,0.3634307439368941
2024-04-10 00:00:00+00:00,0.3575990980285127
2024-04-11 00:00:00+00:00,0.3484790733800697
2024-04-12 00:00:00+00:00,0.34556245144219044
2024-04-13 00:00:00+00:00,0.3336579058806815
2024-04-14 00:00:00+00:00,0.33203441829867186
2024-04-15 00:00:00+00:00,0.3375083094648351
2024-04-16 00:00:00+00:00,0.3463058683802105
2024-04-17 00:00:00+00:00,0.35443008745882987
2024-04-18 00:00:00+00:00,0.3519336281660038
2024-04-19 00:00:00+00:00,0.3508861769856463
2024-04-20 00:00:00+00:00,0.33710021923498296
2024-04-21 00:00:00+00:00,0.3300400037166615
2024-04-22 00:00:00+00:00,0.3399869670395324
2024-04-23 00:00:00+00:00,0.33456694947005416
2024-04-24 00:00:00+00:00,0.32996176177761105
2024-04-25 00:00:00+00:00,0.3233404142513909
2024-04-26 00:00:00+00:00,0.3150328639662794
2024-04-27 00:00:00+00:00,0.31453443698455
2024-04-28 00:00:00+00:00,0.3116642509636975
2024-04-29 00:00:00+00:00,0.3112541138436346
2024-04-30 00:00:00+00:00,0.3101950793506648
2024-05-01 00:00:00+00:00,0.3032914189416693
2024-05-02 00:00:00+00:00,0.2996768736741386
2024-05-03 00:00:00+00:00,0.2949514317655031
2024-05-04 00:00:00+00:00,0.2933684402025115
2024-05-05 00:00:00+00:00,0.2829116721451617
2024-05-06 00:00:00+00:00,0.2822387823248223
2024-05-07 00:00:00+00:00,0.2813439689964265
2024-05-08 00:00:00+00:00,0.2764458238878977
2024-05-09 00:00:00+00:00,0.27933006236294683
2024-05-10 00:00:00+00:00,0.2733116740331931
2024-05-11 00:00:00+00:00,0.2538545715767658
2024-05-12 00:00:00+00:00,0.249801487731768
2024-05-13 00:00:00+00:00,0.2443353559356892
2024-05-14 00:00:00+00:00,0.23800467293187777
2024-05-15 00:00:00+00:00,0.23678244708891646
2024-05-16 00:00:00+00:00,0.23224460924668414
2024-05-17 00:00:00+00:00,0.23076102957068392
2024-05-18 00:00:00+00:00,0.22441706202054632
2024-05-19 00:00:00+00:00,0.21949020205509923
2024-05-20 00:00:00+00:00,0.22793563295947056
2024-05-21 00:00:00+00:00,0.22775160559131605
2024-05-22 00:00:00+00:00,0.22555335039330904
2024-05-23 00:00:00+00:00,0.21922919726336787
2024-05-24 00:00:00+00:00,0.21941540162762405
2024-05-25 00:00:00+00:00,0.21270885938687512
2024-05-26 00:00:00+00:00,0.21385719549905477
2024-05-27 00:00:00+00:00,0.21310608663133954
2024-05-28 00:00:00+00:00,0.2059494642422092
2024-05-29 00:00:00+00:00,0.19355442758139363
2024-05-30 00:00:00+00:00,0.18744181088391504
2024-05-31 00:00:00+00:00,0.18058704088865576
2024-06-01 00:00:00+00:00,0.1800578697323724
2024-06-02 00:00:00+00:00,0.18044958840718084
2024-06-03 00:00:00+00:00,0.17640200574046525
2024-06-04 00:00:00+00:00,0.17158700070577193
2024-06-05 00:00:00+00:00,0.16673532112885056
2024-06-06 00:00:00+00:00,0.1634154165288009
2024-06-07 00:00:00+00:00,0.16040173873732416
2024-06-08 00:00:00+00:00,0.15623849317865748
2024-06-09 00:00:00+00:00,0.15276936053102938
2024-06-10 00:00:00+00:00,0.1523183519969024
2024-06-11 00:00:00+00:00,0.15388781464688212
2024-06-12 00:00:00+00:00,0.15030123560360945
2024-06-13 00:00:00+00:00,0.1542514236061181
2024-06-14 00:00:00+00:00,0.15069894867717112
2024-06-15 00:00:00+00:00,0.1459924453774033
2024-06-16 00:00:00+00:00,0.14394644134514958
2024-06-17 00:00:00+00:00,0.140795695022907
2024-06-18 00:00:00+00:00,0.1382866244343975
2024-06-19 00:00:00+00:00,0.1412565228366253
2024-06-20 00:00:00+00:00,0.14106337463539445
2024-06-21 00:00:00+00:00,0.1416418262689548
2024-06-22 00:00:00+00:00,0.1395264821244241
2024-06-23 00:00:00+00:00,0.1400870750230222
2024-06-24 00:00:00+00:00,0.13759863654572618
2024-06-25 00:00:00+00:00,0.13506860863753442
2024-06-26 00:00:00+00:00,0.1335526742496496
2024-06-27 00:00:00+00:00,0.12904900859582383
2024-06-28 00:00:00+00:00,0.12858700590156466
2024-06-29 00:00:00+00:00,0.12720934237284104
2024-06-30 00:00:00+00:00,0.12751463850969783
2024-07-01 00:00:00+00:00,0.12274732444956782
2024-07-02 00:00:00+00:00,0.12202214279026904
2024-07-03 00:00:00+00:00,0.11792170102705336
2024-07-04 00:00:00+00:00,0.11533792790688809
2024-07-05 00:00:00+00:00,0.11479334822684963
2024-07-06 00:00:00+00:00,0.11479334822684963
2024-07-07 00:00:00+00:00,0.11294518176666067
2024-07-08 00:00:00+00:00,0.10816536312845401
2024-07-09 00:00:00+00:00,0.10695515964173158
2024-07-10 00:00:00+00:00,0.10550443175882294
2024-07-11 00:00:00+00:00,0.10732642202897225
2024-07-12 00:00:00+00:00,0.10321420727311033
2024-07-13 00:00:00+00:00,0.10139846195166931
2024-07-14 00:00:00+00:00,0.10090812557983699
2024-07-15 00:00:00+00:00,0.10203544215669838
2024-07-16 00:00:00+00:00,0.10114176603711056
2024-07-17 00:00:00+00:00,0.09776413939835304
2024-07-18 00:00:00+00:00,0.09576006923740714
2024-07-19 00:00:00+00:00,0.09522188604296787
2024-07-20 00:00:00+00:00,0.09352969124527252
2024-07-21 00:00:00+00:00,0.0920815694475321
2024-07-22 00:00:00+00:00,0.08911336996357407
2024-07-23 00:00:00+00:00,0.0875121371306891
2024-07-24 00:00:00+00:00,0.08522855672892635
2024-07-25 00:00:00+00:00,0.08443405405363656
2024-07-26 00:00:00+00:00,0.08471915563805217
2024-07-27 00:00:00+00:00,0.08683823534372029
2024-07-28 00:00:00+00:00,0.08442889916714452
2024-07-29 00:00:00+00:00,0.08382679768400553
2024-07-30 00:00:00+00:00,0.0843598783565824
2024-07-31 00:00:00+00:00,0.08367916913094882
2024-08-01 00:00:00+00:00,0.08051548828864236
2024-08-02 00:00:00+00:00,0.08176837651033711
2024-08-03 00:00:00+00:00,0.08038094417892937
2024-08-04 00:00:00+00:00,0.08039545863382135
2024-08-05 00:00:00+00:00,0.08868773004584686
2024-08-06 00:00:00+00:00,0.08763468240322553
2024-08-07 00:00:00+00:00,0.08780733894295761
2024-08-08 00:00:00+00:00,0.0791938340468412
2024-08-09 00:00:00+00:00,0.07703894321735258
2024-08-10 00:00:00+00:00,0.0732942860781091
2024-08-11 00:00:00+00:00,0.07236480361744721
2024-08-12 00:00:00+00:00,0.06933739205715295
2024-08-13 00:00:00+00:00,0.06666021901905025
2024-08-14 00:00:00+00:00,0.06423480603482311
2024-08-15 00:00:00+00:00,0.06294771741935772
2024-08-16 00:00:00+00:00,0.0616695255555933
2024-08-17 00:00:00+00:00,0.06006468684523258
2024-08-18 00:00:00+00:00,0.059237087289896836
2024-08-19 00:00:00+00:00,0.05883566984309266
2024-08-20 00:00:00+00:00,0.0574608743668571
2024-08-21 00:00:00+00:00,0.05627791321834701
2024-08-22 00:00:00+00:00,0.05422750547232263
2024-08-23 00:00:00+00:00,0.053997367565633406
2024-08-24 00:00:00+00:00,0.05400672267681255
2024-08-25 00:00:00+00:00,0.052973090689227675
2024-08-26 00:00:00+00:00,0.052645842676434185
2024-08-27 00:00:00+00:00,0.051600890039279076
2024-08-28 00:00:00+00:00,0.05070284399038568
2024-08-29 00:00:00+00:00,0.049517318617032464
2024-08-30 00:00:00+00:00,0.0478021449695076
2024-08-31 00:00:00+00:00,0.04793426474761829
2024-09-01 00:00:00+00:00,0.04709165574545881
2024-09-02 00:00:00+00:00,0.04690963055878345
2024-09-03 00:00:00+00:00,0.04751500649055062
2024-09-04 00:00:00+00:00,0.045361827223803164
2024-09-05 00:00:00+00:00,0.04468442804332893
2024-09-06 00:00:00+00:00,0.04428888498134927
2024-09-07 00:00:00+00:00,0.04374465574490429
2024-09-08 00:00:00+00:00,0.04301946857148129
2024-09-09 00:00:00+00:00,0.04279150595579562
2024-09-10 00:00:00+00:00,0.04180290037566006
2024-09-11 00:00:00+00:00,0.040229927865596336
2024-09-12 00:00:00+00:00,0.040032154112601664
2024-09-13 00:00:00+00:00,0.03985729857791808
2024-09-14 00:00:00+00:00,0.039243765444451045
2024-09-15 00:00:00+00:00,0.03834925815824113
2024-09-16 00:00:00+00:00,0.0375094919437445
2024-09-17 00:00:00+00:00,0.036635017052522915
2024-09-18 00:00:00+00:00,0.035677102238749196
2024-09-19 00:00:00+00:00,0.0358526837026151
2024-09-20 00:00:00+00:00,0.03534844343517586
2024-09-21 00:00:00+00:00,0.034784022195924004
2024-09-22 00:00:00+00:00,0.034436085501601356
2024-09-23 00:00:00+00:00,0.03351932448204471
2024-09-24 00:00:00+00:00,0.032645806281245415
2024-09-25 00:00:00+00:00,0.03177445558315794
2024-09-26 00:00:00+00:00,0.03128479010259934
2024-09-27 00:00:00+00:00,0.030349301369741597
2024-09-28 00:00:00+00:00,0.0296068862927015
2024-09-29 00:00:00+00:00,0.028788748871792544
2024-09-30 00:00:00+00:00,0.028387931964017257
2024-10-01 00:00:00+00:00,0.028373125956737348
2024-10-02 00:00:00+00:00,0.028298321397480057
2024-10-03 00:00:00+00:00,0.029192468215303143
2024-10-04 00:00:00+00:00,0.028897330663023968
2024-10-05 00:00:00+00:00,0.028557405125833112
2024-10-06 00:00:00+00:00,0.028338043647506427
2024-10-07 00:00:00+00:00,0.0276675352500083
2024-10-08 00:00:00+00:00,0.026992142767576104
2024-10-09 00:00:00+00:00,0.02631151056739328
2024-10-10 00:00:00+00:00,0.026373410082672986
2024-10-11 00:00:00+00:00,0.026218977124780125
2024-10-12 00:00:00+00:00,0.025666448151212048
2024-10-13 00:00:00+00:00,0.025336024583073175
2024-10-14 00:00:00+00:00,0.02493249105521902
2024-10-15 00:00:00+00:00,0.024664480327154042
2024-10-16 00:00:00+00:00,0.02401455935825013
2024-10-17 00:00:00+00:00,0.02361950956557194
2024-10-18 00:00:00+00:00,0.022925421024975627
2024-10-19 00:00:00+00:00,0.0223928505321912
2024-10-20 00:00:00+00:00,0.02208421798409558
2024-10-21 00:00:00+00:00,0.022047453397301662
2024-10-22 00:00:00+00:00,0.020833920175244863
2024-10-23 00:00:00+00:00,0.020326248270517006
2024-10-24 00:00:00+00:00,0.020217809559042184
2024-10-25 00:00:00+00:00,0.01977724451625312
2024-10-26 00:00:00+00:00,0.019405769987886703
2024-10-27 00:00:00+00:00,0.01935456897926719
2024-10-28 00:00:00+00:00,0.019137393866007494
2024-10-29 00:00:00+00:00,0.01885470211069048
2024-10-30 00:00:00+00:00,0.01871485087229798
2024-10-31 00:00:00+00:00,0.018428564722821946
2024-11-01 00:00:00+00:00,0.017855378422910892
2024-11-02 00:00:00+00:00,0.017454574480276278
2024-11-03 00:00:00+00:00,0.01693904110287682
2024-11-04 00:00:00+00:00,0.016717378831932427
2024-11-05 00:00:00+00:00,0.01663717456448852
2024-11-06 00:00:00+00:00,0.015717529986333394
2024-11-07 00:00:00+00:00,0.015375207389810304
2024-11-08 00:00:00+00:00,0.015000440170820058
2024-11-09 00:00:00+00:00,0.01457105022355819
2024-11-10 00:00:00+00:00,0.014802933498395968
2024-11-11 00:00:00+00:00,0.01484932622800037
2024-11-12 00:00:00+00:00,0.01443411647063357
2024-11-13 00:00:00+00:00,0.014973719173165631
2024-11-14 00:00:00+00:00,0.014372360702021468
2024-11-15 00:00:00+00:00,0.014151115569045877
2024-11-16 00:00:00+00:00,0.014108107083517799
2024-11-17 00:00:00+00:00,0.013703907329826539
2024-11-18 00:00:00+00:00,0.013532818665733883
2024-11-19 00:00:00+00:00,0.013365587262820219
2024-11-20 00:00:00+00:00,0.013199430213895434
2024-11-21 00:00:00+00:00,0.013492761705748587
2024-11-22 00:00:00+00:00,0.013222700080000042
2024-11-23 00:00:00+00:00,0.013037305054407516
2024-11-24 00:00:00+00:00,0.012876283397505855
2024-11-25 00:00:00+00:00,0.012612510420868459
2024-11-26 00:00:00+00:00,0.01285527107861041
2024-11-27 00:00:00+00:00,0.012705285308599497
2024-11-28 00:00:00+00:00,0.012393853319102876
2024-11-29 00:00:00+00:00,0.012008599350389091
2024-11-30 00:00:00+00:00,0.01184452957402302
2024-12-01 00:00:00+00:00,0.011642113686777155
2024-12-02 00:00:00+00:00,0.011594514717316365
2024-12-03 00:00:00+00:00,0.011360865925892917
2024-12-04 00:00:00+00:00,0.011176261838739989
2024-12-05 00:00:00+00:00,0.010814829127498756
2024-12-06 00:00:00+00:00,0.010321423034157718
2024-12-07 00:00:00+00:00,0.0100884766761677
2024-12-08 00:00:00+00:00,0.010028903547564109
2024-12-09 00:00:00+00:00,0.010051295438408974
2024-12-10 00:00:00+00:00,0.00975200807749633
2024-12-11 00:00:00+00:00,0.009412023491252652
2024-12-12 00:00:00+00:00,0.009411329141574042
2024-12-13 00:00:00+00:00,0.009257901079334583
2024-12-14 00:00:00+00:00,0.009234611247109595
2024-12-15 00:00:00+00:00,0.008992944500261243
2024-12-16 00:00:00+00:00,0.00882335752551972
2024-12-17 00:00:00+00:00,0.00855768642278078
2024-12-18 00:00:00+00:00,0.008529999468817233
2024-12-19 00:00:00+00:00,0.008599239850534568
2024-12-20 00:00:00+00:00,0.008268025686022192
2024-12-21 00:00:00+00:00,0.008407576716853377
2024-12-22 00:00:00+00:00,0.008307882241789124
2024-12-23 00:00:00+00:00,0.008238032383234688
2024-12-24 00:00:00+00:00,0.008238032383234688
2024-12-25 00:00:00+00:00,0.007950972595446146
2024-12-26 00:00:00+00:00,0.007767233918313539
2024-12-27 00:00:00+00:00,0.007518848148553003
2024-12-28 00:00:00+00:00,0.007475573610559099
2024-12-29 00:00:00+00:00,0.0072030964035520425
2024-12-30 00:00:00+00:00,0.006931776531744895
2024-12-31 00:00:00+00:00,0.006794345700796004
2025-01-01 00:00:00+00:00,0.006605685400417407
2025-01-02 00:00:00+00:00,0.006417308441036095
2025-01-03 00:00:00+00:00,0.006340369725392927
2025-01-04 00:00:00+00:00,0.00613841807821143
2025-01-05 00:00:00+00:00,0.005970935731301912
2025-01-06 00:00:00+00:00,0.0058620916052916725
2025-01-07 00:00:00+00:00,0.005860630278453091
2025-01-08 00:00:00+00:00,0.0055859664006416565
2025-01-09 00:00:00+00:00,0.005663862596689827
2025-01-10 00:00:00+00:00,0.005686691704564064
2025-01-11 00:00:00+00:00,0.005551806914396761
2025-01-12 00:00:00+00:00,0.00549965199217153
2025-01-13 00:00:00+00:00,0.005587129204870839
2025-01-14 00:00:00+00:00,0.0055350389401832
2025-01-15 00:00:00+00:00,0.005485626077033307
2025-01-16 00:00:00+00:00,0.00546796009324697
2025-01-17 00:00:00+00:00,0.0053256944637703986
2025-01-18 00:00:00+00:00,0.0054751643804659186
2025-01-19 00:00:00+00:00,0.005459831745253829
2025-01-20 00:00:00+00:00,0.0049004538713072416
2025-01-21 00:00:00+00:00,0.004949788828040049
2025-01-22 00:00:00+00:00,0.004661462745848414
2025-01-23 00:00:00+00:00,0.0046979812931832845
2025-01-24 00:00:00+00:00,0.004702717125800224
2025-01-25 00:00:00+00:00,0.004701438929559781
2025-01-26 00:00:00+00:00,0.004650397427786536
2025-01-27 00:00:00+00:00,0.004600178331091684
2025-01-28 00:00:00+00:00,0.004574876869733392
2025-01-29 00:00:00+00:00,0.004386483080388232
2025-01-30 00:00:00+00:00,0.004274554624555027
2025-01-31 00:00:00+00:00,0.004199540037065021
2025-02-01 00:00:00+00:00,0.004231535904173971
2025-02-02 00:00:00+00:00,0.0041831875287293265
2025-02-03 00:00:00+00:00,0.004089462689924207
2025-02-04 00:00:00+00:00,0.004082697239982801
2025-02-05 00:00:00+00:00,0.003909129577646384
2025-02-06 00:00:00+00:00,0.003873254011816556
2025-02-07 00:00:00+00:00,0.0038409208176404448
2025-02-08 00:00:00+00:00,0.003657128319196556
2025-02-09 00:00:00+00:00,0.0035646841967271426
2025-02-10 00:00:00+00:00,0.0035765348471492446
2025-02-11 00:00:00+00:00,0.003545743939468613
2025-02-12 00:00:00+00:00,0.0034390419388089025
2025-02-13 00:00:00+00:00,0.003393028537153682
2025-02-14 00:00:00+00:00,0.0033549516867062224
2025-02-15 00:00:00+00:00,0.0033399840977199192
2025-02-16 00:00:00+00:00,0.003356446768188797
2025-02-17 00:00:00+00:00,0.003341813230603082
2025-02-18 00:00:00+00:00,0.003307147475444636
2025-02-19 00:00:00+00:00,0.0033304732098470868
2025-02-20 00:00:00+00:00,0.003259390531465101
2025-02-21 00:00:00+00:00,0.003269558750068815
2025-02-22 00:00:00+00:00,0.003215774004729675
2025-02-23 00:00:00+00:00,0.0032340796181724012
2025-02-24 00:00:00+00:00,0.0032562977378095023
2025-02-25 00:00:00+00:00,0.003230031487478789
2025-02-26 00:00:00+00:00,0.003297264186481985
2025-02-27 00:00:00+00:00,0.0033107823016890556
2025-02-28 00:00:00+00:00,0.003287135725418647
2025-03-01 00:00:00+00:00,0.003250390572950816
2025-03-02 00:00:00+00:00,0.0032793447831635596
2025-03-03 00:00:00+00:00,0.003178369146535707
2025-03-04 00:00:00+00:00,0.0032829761872247443
2025-03-05 00:00:00+00:00,0.0031831616092911396
2025-03-06 00:00:00+00:00,0.003138015951133098
2025-03-07 00:00:00+00:00,0.002913405791463471
2025-03-08 00:00:00+00:00,0.0028526608492552685
2025-03-09 00:00:00+00:00,0.0028479514625194065
2025-03-10 00:00:00+00:00,0.002766978281255699
2025-03-11 00:00:00+00:00,0.0028041510949902183
2025-03-12 00:00:00+00:00,0.002766496694745837
2025-03-13 00:00:00+00:00,0.0027413261634133684
2025-03-14 00:00:00+00:00,0.0027401307658638497
2025-03-15 00:00:00+00:00,0.002704022733754212
2025-03-16 00:00:00+00:00,0.002672803645421639
2025-03-17 00:00:00+00:00,0.002518789213376602
2025-03-18 00:00:00+00:00,0.002475243463223239
2025-03-19 00:00:00+00:00,0.0025092634979830583
2025-03-20 00:00:00+00:00,0.002437375550676043
2025-03-21 00:00:00+00:00,0.0024247431756483323
2025-03-22 00:00:00+00:00,0.002388855772467066
2025-03-23 00:00:00+00:00,0.002375487216303186
2025-03-24 00:00:00+00:00,0.0023126805164282453
2025-03-25 00:00:00+00:00,0.002291210115717404
2025-03-26 00:00:00+00:00,0.002274870443495777
2025-03-27 00:00:00+00:00,0.0022112126295474465
2025-03-28 00:00:00+00:00,0.002133761015138283
2025-03-29 00:00:00+00:00,0.002155331532100989
2025-03-30 00:00:00+00:00,0.0020963068482635068
2025-03-31 00:00:00+00:00,0.0020489260770573934
2025-04-01 00:00:00+00:00,0.0020353400716700957
2025-04-02 00:00:00+00:00,0.001993524536429093
2025-04-03 00:00:00+00:00,0.0018625745266903904
2025-04-04 00:00:00+00:00,0.0018291194365123765
2025-04-05 00:00:00+00:00,0.0017861351365218426
2025-04-06 00:00:00+00:00,0.0017467953132590233
2025-04-07 00:00:00+00:00,0.0016728965435145481
2025-04-08 00:00:00+00:00,0.0016800957906889743
2025-04-09 00:00:00+00:00,0.0016167734496757395
2025-04-10 00:00:00+00:00,0.0016264743252707226
2025-04-11 00:00:00+00:00,0.0016222743735386774
2025-04-12 00:00:00+00:00,0.001653737524406782
2025-04-13 00:00:00+00:00,0.0015938137702893845
2025-04-14 00:00:00+00:00,0.0016320332278048817
2025-04-15 00:00:00+00:00,0.0016071843756100361
2025-04-16 00:00:00+00:00,0.0015946627873181499
2025-04-17 00:00:00+00:00,0.0015160937036633705
2025-04-18 00:00:00+00:00,0.0014894961248746812
2025-04-19 00:00:00+00:00,0.001440975930640694
2025-04-20 00:00:00+00:00,0.0014199089148077475
2025-04-21 00:00:00+00:00,0.0014310258451027272
2025-04-22 00:00:00+00:00,0.0014084349295107293
2025-04-23 00:00:00+00:00,0.001394681003853247
2025-04-24 00:00:00+00:00,0.0013999459292199953
2025-04-25 00:00:00+00:00,0.0013858372743549587
2025-04-26 00:00:00+00:00,0.0013858372743549587
2025-04-27 00:00:00+00:00,0.0013403278662549754
2025-04-28 00:00:00+00:00,0.0013417017354146394
2025-04-29 00:00:00+00:00,0.0012764897713085266
2025-04-30 00:00:00+00:00,0.001244088007130806
2025-05-01 00:00:00+00:00,0.0012279037453989455
2025-05-02 00:00:00+00:00,0.0012209807362434663
2025-05-03 00:00:00+00:00,0.0011981106703558978
2025-05-04 00:00:00+00:00,0.0011863409704462875
2025-05-05 00:00:00+00:00,0.0012001662852348027
2025-05-06 00:00:00+00:00,0.0011998579802619468
2025-05-07 00:00:00+00:00,0.0011766650908548967
2025-05-08 00:00:00+00:00,0.0011934793612789613
2025-05-09 00:00:00+00:00,0.0011612651122598079
2025-05-10 00:00:00+00:00,0.0011224834901993688
2025-05-11 00:00:00+00:00,0.0010764027936001697
2025-05-12 00:00:00+00:00,0.0010436889834309967
2025-05-13 00:00:00+00:00,0.00104307451302734
2025-05-14 00:00:00+00:00,0.001032682566111781
2025-05-15 00:00:00+00:00,0.0010356314824486973
2025-05-16 00:00:00+00:00,0.0009744014868919576
2025-05-17 00:00:00+00:00,0.0009398882975658029
2025-05-18 00:00:00+00:00,0.0008937404572075192
2025-05-19 00:00:00+00:00,0.0009130757655106203
2025-05-20 00:00:00+00:00,0.0009002970658697466
2025-05-21 00:00:00+00:00,0.0008732541484751509
2025-05-22 00:00:00+00:00,0.0008599755259345262
2025-05-23 00:00:00+00:00,0.0008403018688341397
2025-05-24 00:00:00+00:00,0.0008164658219100644
2025-05-25 00:00:00+00:00,0.0008071965999807849
2025-05-26 00:00:00+00:00,0.0007951804261856476
2025-05-27 00:00:00+00:00,0.0007616982405062396
2025-05-28 00:00:00+00:00,0.0007427972423989041
2025-05-29 00:00:00+00:00,0.0007361776179330933
2025-05-30 00:00:00+00:00,0.0007221088102433301
2025-05-31 00:00:00+00:00,0.0007126954556733919
2025-06-01 00:00:00+00:00,0.0006977829233194024
2025-06-02 00:00:00+00:00,0.0006953782075814297
2025-06-03 00:00:00+00:00,0.0006949141282613799
2025-06-04 00:00:00+00:00,0.0006957177092879536
2025-06-05 00:00:00+00:00,0.0006950475634702999
2025-06-06 00:00:00+00:00,0.0006831647318623515
2025-06-07 00:00:00+00:00,0.0006730548439966877
2025-06-08 00:00:00+00:00,0.0006691492970850595
2025-06-09 00:00:00+00:00,0.0006446726646598035
2025-06-10 00:00:00+00:00,0.000626229027943444
2025-06-11 00:00:00+00:00,0.0006172654637564664
2025-06-12 00:00:00+00:00,0.0006135398613370934
2025-06-13 00:00:00+00:00,0.000595406560710598
2025-06-14 00:00:00+00:00,0.0005862827496758029
2025-06-15 00:00:00+00:00,0.0005777374607395553
2025-06-16 00:00:00+00:00,0.0005753839981999812
2025-06-17 00:00:00+00:00,0.0005849764831405371
2025-06-18 00:00:00+00:00,0.000578791484318336
2025-06-19 00:00:00+00:00,0.0005627706337232626
2025-06-20 00:00:00+00:00,0.0005644462347317734
2025-06-21 00:00:00+00:00,0.0005637955678674581
2025-06-22 00:00:00+00:00,0.0005487898498988833
2025-06-23 00:00:00+00:00,0.0005493355286637598
2025-06-24 00:00:00+00:00,0.0005407280950819573
2025-06-25 00:00:00+00:00,0.0005325028929789966
2025-06-26 00:00:00+00:00,0.0005236448374434259
2025-06-27 00:00:00+00:00,0.00048671877954578645
2025-06-28 00:00:00+00:00,0.0004881844053154265
2025-06-29 00:00:00+00:00,0.00047816970140050134
2025-06-30 00:00:00+00:00,0.00047286001699991474
2025-07-01 00:00:00+00:00,0.0004695091417631159
2025-07-02 00:00:00+00:00,0.00045755781954499023
2025-07-03 00:00:00+00:00,0.00044931265317967625
2025-07-04 00:00:00+00:00,0.0004481379893190232
2025-07-05 00:00:00+00:00,0.00044284095684712287
2025-07-06 00:00:00+00:00,0.0004330389367925203
2025-07-07 00:00:00+00:00,0.0004175545610291523
2025-07-08 00:00:00+00:00,0.00041498954006223603
2025-07-09 00:00:00+00:00,0.0004088047509654015
2025-07-10 00:00:00+00:00,0.0004079352495584225
2025-07-11 00:00:00+00:00,0.0004076453262912119
2025-07-12 00:00:00+00:00,0.0004076453262912119
2025-07-13 00:00:00+00:00,0.00040543721368044316
2025-07-14 00:00:00+00:00,0.00040011851068819554
2025-07-15 00:00:00+00:00,0.0003920533758646105
2025-07-16 00:00:00+00:00,0.0003917347043864598
2025-07-17 00:00:00+00:00,0.00038839732897872644
2025-07-18 00:00:00+00:00,0.00037932589253454726
2025-07-19 00:00:00+00:00,0.0003692021817044029
2025-07-20 00:00:00+00:00,0.0003602952502831782
2025-07-21 00:00:00+00:00,0.00036351008089517564
2025-07-22 00:00:00+00:00,0.0003654176916434863
2025-07-23 00:00:00+00:00,0.0003583640068637628
2025-07-24 00:00:00+00:00,0.0003467812453007085
2025-07-25 00:00:00+00:00,0.0003451000193772075
2025-07-26 00:00:00+00:00,0.00033246253522173775
2025-07-27 00:00:00+00:00,0.0003262461603660817
2025-07-28 00:00:00+00:00,0.0003263690602854914
2025-07-29 00:00:00+00:00,0.00032495542818826055
2025-07-30 00:00:00+00:00,0.0003184146712877452
2025-07-31 00:00:00+00:00,0.0003182554830172177
2025-08-01 00:00:00+00:00,0.000315279242086813
2025-08-02 00:00:00+00:00,0.00030778719141159085
2025-08-03 00:00:00+00:00,0.00030542317072625175
2025-08-04 00:00:00+00:00,0.00030220005038553914
2025-08-05 00:00:00+00:00,0.0003016894231187325
2025-08-06 00:00:00+00:00,0.0002944313127041061
2025-08-07 00:00:00+00:00,0.00028721779898228597
2025-08-08 00:00:00+00:00,0.0002802461237622713
2025-08-09 00:00:00+00:00,0.0002789775508807169
2025-08-10 00:00:00+00:00,0.00026868105702952655
2025-08-11 00:00:00+00:00,0.00026720508051977386
2025-08-12 00:00:00+00:00,0.00026599043004302346
2025-08-13 00:00:00+00:00,0.0002661941821142844
2025-08-14 00:00:00+00:00,0.0002567725040961666
2025-08-15 00:00:00+00:00,0.00024270786393172894
2025-08-16 00:00:00+00:00,0.00023802194944069915
2025-08-17 00:00:00+00:00,0.00023350214599363015
2025-08-18 00:00:00+00:00,0.00023056730698682118
2025-08-19 00:00:00+00:00,0.0002282978634056956
2025-08-20 00:00:00+00:00,0.00022933002331808078
2025-08-21 00:00:00+00:00,0.00022547711887933787
2025-08-22 00:00:00+00:00,0.00021738986886029308
2025-08-23 00:00:00+00:00,0.00020590476177936086
2025-08-24 00:00:00+00:00,0.00020766399656269168
2025-08-25 00:00:00+00:00,0.00020432906548835666
2025-08-26 00:00:00+00:00,0.00020180022899094039
2025-08-27 00:00:00+00:00,0.00018929016304708907
2025-08-28 00:00:00+00:00,0.00018443198338045715
2025-08-29 00:00:00+00:00,0.0001843977064439378
2025-08-30 00:00:00+00:00,0.00018320015925633385
2025-08-31 00:00:00+00:00,0.00017888849428116587
2025-09-01 00:00:00+00:00,0.00017397634462308287
2025-09-02 00:00:00+00:00,0.00016955724893252214
2025-09-03 00:00:00+00:00,0.0001652063061107048
2025-09-04 00:00:00+00:00,0.00016407159812865713
2025-09-05 00:00:00+00:00,0.00015668452111260866
2025-09-06 00:00:00+00:00,0.00015511785682525728
2025-09-07 00:00:00+00:00,0.00015197632458978255
2025-09-08 00:00:00+00:00,0.00015054699697015538
2025-09-09 00:00:00+00:00,0.00014375113207737287
2025-09-10 00:00:00+00:00,0.00014339511328109573
2025-09-11 00:00:00+00:00,0.00014473667716766612
2025-09-12 00:00:00+00:00,0.00014337100572715868
2025-09-13 00:00:00+00:00,0.00014399762190567137
2025-09-14 00:00:00+00:00,0.00014315533009171395
2025-09-15 00:00:00+00:00,0.00014303901845619398
2025-09-16 00:00:00+00:00,0.00013986871750911522
2025-09-17 00:00:00+00:00,0.00013851503712510594
2025-09-18 00:00:00+00:00,0.00013594198393479377
2025-09-19 00:00:00+00:00,0.00013379419078905265
2025-09-20 00:00:00+00:00,0.0001308169610783126
2025-09-21 00:00:00+00:00,0.000129790936716802
2025-09-22 00:00:00+00:00,0.0001282476584320753
2025-09-23 00:00:00+00:00,0.00012698955006202237
2025-09-24 00:00:00+00:00,0.00012602886339285158
2025-09-25 00:00:00+00:00,0.00013079640919465418
2025-09-26 00:00:00+00:00,0.00012565085530148777
2025-09-27 00:00:00+00:00,0.00012373729338741496
2025-09-28 00:00:00+00:00,0.00012238589362374166
2025-09-29 00:00:00+00:00,0.00012163261595837594
2025-09-30 00:00:00+00:00,0.00012068402550040784
2025-10-01 00:00:00+00:00,0.00011943810359140373
2025-10-02 00:00:00+00:00,0.00012003439194992467
2025-10-03 00:00:00+00:00,0.00011784011051113469
2025-10-04 00:00:00+00:00,0.00011755460423708023
2025-10-05 00:00:00+00:00,0.00011741772583364489
2025-10-06 00:00:00+00:00,0.00011276157490513077
2025-10-07 00:00:00+00:00,0.00011273861691865622
2025-10-08 00:00:00+00:00,0.0001106187879018968
2025-10-09 00:00:00+00:00,0.00010857191996490027
2025-10-10 00:00:00+00:00,0.00011053630628491247
2025-10-11 00:00:00+00:00,0.00010888685184394265
2025-10-12 00:00:00+00:00,0.00010520978552086525
2025-10-13 00:00:00+00:00,0.00010176481468042726
2025-10-14 00:00:00+00:00,9.95191406124334e-05
2025-10-15 00:00:00+00:00,0.00010119599374061544
2025-10-16 00:00:00+00:00,0.00010464617195994333
2025-10-17 00:00:00+00:00,0.00010448932090387657
2025-10-18 00:00:00+00:00,0.00010389020232499646
2025-10-19 00:00:00+00:00,0.00010245886170081358
2025-10-20 00:00:00+00:00,9.929633424655302e-05
2025-10-21 00:00:00+00:00,9.64310473175982e-05
2025-10-22 00:00:00+00:00,9.357561157659515e-05
2025-10-23 00:00:00+00:00,9.094865009374478e-05
2025-10-24 00:00:00+00:00,8.786609951966192e-05
2025-10-25 00:00:00+00:00,8.607756038942155e-05
2025-10-26 00:00:00+00:00,8.674668672810965e-05
2025-10-27 00:00:00+00:00,8.518925470991527e-05
2025-10-28 00:00:00+00:00,8.370242870715081e-05
2025-10-29 00:00:00+00:00,8.083122464300094e-05
2025-10-30 00:00:00+00:00,7.931064458224585e-05
2025-10-31 00:00:00+00:00,7.721868312307207e-05
2025-11-01 00:00:00+00:00,7.546341421439242e-05
2025-11-02 00:00:00+00:00,7.428210528928919e-05
2025-11-03 00:00:00+00:00,7.434091080847604e-05
2025-11-04 00:00:00+00:00,7.761662872298914e-05
2025-11-05 00:00:00+00:00,7.69402834410578e-05
2025-11-06 00:00:00+00:00,7.77880905419027e-05
2025-11-07 00:00:00+00:00,7.5811992117523e-05
2025-11-08 00:00:00+00:00,7.51912626572954e-05
2025-11-09 00:00:00+00:00,7.434403162283848e-05
2025-11-10 00:00:00+00:00,7.326916701390097e-05
2025-11-11 00:00:00+00:00,7.360970701565038e-05
2025-11-12 00:00:00+00:00,7.487280925954007e-05
2025-11-13 00:00:00+00:00,7.40635698979799e-05
2025-11-14 00:00:00+00:00,7.330471484623894e-05
2025-11-15 00:00:00+00:00,6.976088719644371e-05
2025-11-16 00:00:00+00:00,6.997026795941595e-05
2025-11-17 00:00:00+00:00,7.082806248694984e-05
2025-11-18 00:00:00+00:00,7.043125315006344e-05
2025-11-19 00:00:00+00:00,6.985178849109363e-05
2025-11-20 00:00:00+00:00,7.20031610008021e-05
2025-11-21 00:00:00+00:00,7.098074773505065e-05
2025-11-22 00:00:00+00:00,6.885862281277424e-05
2025-11-23 00:00:00+00:00,6.885862281277424e-05
2025-11-24 00:00:00+00:00,6.850115595806126e-05
2025-11-25 00:00:00+00:00,6.759057789424673e-05
2025-11-26 00:00:00+00:00,6.584067720105155e-05
2025-11-27 00:00:00+00:00,6.502464106629854e-05
2025-11-28 00:00:00+00:00,6.488375889906201e-05
2025-11-29 00:00:00+00:00,6.201217104182904e-05
2025-11-30 00:00:00+00:00,6.163126469947959e-05
2025-12-01 00:00:00+00:00,6.111183120334634e-05
2025-12-02 00:00:00+00:00,6.0826224229142995e-05
2025-12-03 00:00:00+00:00,5.9237772473667e-05
2025-12-04 00:00:00+00:00,5.789076414558882e-05
2025-12-05 00:00:00+00:00,5.748001687636362e-05
2025-12-06 00:00:00+00:00,5.7115618351583314e-05
2025-12-07 00:00:00+00:00,5.561334062660348e-05
2025-12-08 00:00:00+00:00,5.396462233051668e-05
2025-12-09 00:00:00+00:00,5.041419332560328e-05
2025-12-10 00:00:00+00:00,4.9055381536221044e-05
2025-12-11 00:00:00+00:00,4.874701322244682e-05
2025-12-12 00:00:00+00:00,4.7162924744964136e-05
2025-12-13 00:00:00+00:00,4.647507798822584e-05
2025-12-14 00:00:00+00:00,4.641235163584484e-05
2025-12-15 00:00:00+00:00,4.600677338282245e-05
2025-12-16 00:00:00+00:00,4.4108366250259414e-05
2025-12-17 00:00:00+00:00,4.407536106301357e-05
2025-12-18 00:00:00+00:00,4.340999026099054e-05
2025-12-19 00:00:00+00:00,4.3297393357706924e-05
2025-12-20 00:00:00+00:00,4.173904485931733e-05
2025-12-21 00:00:00+00:00,4.049881916131121e-05
2025-12-22 00:00:00+00:00,3.976520598106435e-05
2025-12-23 00:00:00+00:00,3.881527582408645e-05
2025-12-24 00:00:00+00:00,3.848180743662697e-05
2025-12-25 00:00:00+00:00,3.784539338108998e-05
2025-12-26 00:00:00+00:00,3.71504808958536e-05
2025-12-27 00:00:00+00:00,3.676655129556061e-05
2025-12-28 00:00:00+00:00,3.534906187433959e-05
2025-12-29 00:00:00+00:00,3.445782425756604e-05
2025-12-30 00:00:00+00:00,3.330498460567565e-05
2025-12-31 00:00:00+00:00,3.270757322631541e-05
2026-01-01 00:00:00+00:00,3.1877989297764396e-05
2026-01-02 00:00:00+00:00,3.2104338005029533e-05
2026-01-03 00:00:00+00:00,3.158978936009703e-05
2026-01-04 00:00:00+00:00,3.093552061593541e-05
2026-01-05 00:00:00+00:00,3.096736215880918e-05
2026-01-06 00:00:00+00:00,3.025690324642217e-05
2026-01-07 00:00:00+00:00,2.944736089863017e-05
2026-01-08 00:00:00+00:00,2.897959150869824e-05
2026-01-09 00:00:00+00:00,2.783563912596091e-05
2026-01-10 00:00:00+00:00,2.7299613903793097e-05
2026-01-11 00:00:00+00:00,2.603531749012543e-05
2026-01-12 00:00:00+00:00,2.5258166362866047e-05
2026-01-13 00:00:00+00:00,2.4523238436720406e-05
2026-01-14 00:00:00+00:00,2.4963895776730364e-05
2026-01-15 00:00:00+00:00,2.4963895776730364e-05
2026-01-16 00:00:00+00:00,2.42963522663925e-05
2026-01-17 00:00:00+00:00,2.353072640198899e-05
2026-01-18 00:00:00+00:00,2.337506505549793e-05
2026-01-19 00:00:00+00:00,2.2818711993686137e-05
2026-01-20 00:00:00+00:00,2.2368611299621183e-05
2026-01-21 00:00:00+00:00,2.1336299009814986e-05
2026-01-22 00:00:00+00:00,2.1379092164336865e-05
2026-01-23 00:00:00+00:00,2.1157049305387e-05
2026-01-24 00:00:00+00:00,2.0430161998993812e-05
2026-01-25 00:00:00+00:00,1.992401200155103e-05
2026-01-26 00:00:00+00:00,1.992401200155103e-05
2026-01-27 00:00:00+00:00,1.965995742545734e-05
2026-01-28 00:00:00+00:00,1.9847704532041507e-05
2026-01-29 00:00:00+00:00,1.9818312384186673e-05
2026-01-30 00:00:00+00:00,1.9020531875295154e-05
2026-01-31 00:00:00+00:00,1.8998601868570238e-05
2026-02-01 00:00:00+00:00,1.931761304316153e-05
2026-02-02 00:00:00+00:00,1.918369130999127e-05
2026-02-03 00:00:00+00:00,1.98464387527192e-05
2026-02-04 00:00:00+00:00,2.0142579787873146e-05
2026-02-05 00:00:00+00:00,2.0275941636872573e-05
2026-02-06 00:00:00+00:00,1.9705404126207476e-05
2026-02-07 00:00:00+00:00,1.904316396136557e-05
2026-02-08 00:00:00+00:00,1.8597695353570684e-05
2026-02-09 00:00:00+00:00,1.8197701978617496e-05
2026-02-10 00:00:00+00:00,1.7698073607813095e-05
2026-02-11 00:00:00+00:00,1.7420005541935796e-05
2026-02-12 00:00:00+00:00,1.726724062122212e-05
2026-02-13 00:00:00+00:00,1.714920000354693e-05
2026-02-14 00:00:00+00:00,1.7192455261088242e-05
2026-02-15 00:00:00+00:00,1.6920829788903023e-05
2026-02-16 00:00:00+00:00,1.6025680032483276e-05
2026-02-17 00:00:00+00:00,1.586054214016084e-05
2026-02-18 00:00:00+00:00,1.6038817597175087e-05
2026-02-19 00:00:00+00:00,1.5501537566534838e-05
2026-02-20 00:00:00+00:00,1.5169600933903589e-05
2026-02-21 00:00:00+00:00,1.470445226269222e-05
2026-02-22 00:00:00+00:00,1.4713298107879937e-05
2026-02-23 00:00:00+00:00,1.4368660603150341e-05
2026-02-24 00:00:00+00:00,1.437979452098677e-05
2026-02-25 00:00:00+00:00,1.4387097735136102e-05
2026-02-26 00:00:00+00:00,1.4386345383400173e-05
2026-02-27 00:00:00+00:00,1.3876200359039625e-05
2026-02-28 00:00:00+00:00,1.3619672225953582e-05
2026-03-01 00:00:00+00:00,1.343096179053823e-05
2026-03-02 00:00:00+00:00,1.3316731240023344e-05
2026-03-03 00:00:00+00:00,1.297613602444042e-05
2026-03-04 00:00:00+00:00,1.2705004611097607e-05
2026-03-05 00:00:00+00:00,1.2270926021786635e-05
2026-03-06 00:00:00+00:00,1.2097328732219034e-05
2026-03-07 00:00:00+00:00,1.169133492173411e-05
2026-03-08 00:00:00+00:00,1.1499424021194551e-05
2026-03-09 00:00:00+00:00,1.1335305310941858e-05
2026-03-10 00:00:00+00:00,1.135920558048896e-05
2026-03-11 00:00:00+00:00,1.1029143780538562e-05
2026-03-12 00:00:00+00:00,1.0678805944762669e-05
2026-03-13 00:00:00+00:00,1.0505834980313776e-05
2026-03-14 00:00:00+00:00,1.0488019139005595e-05
2026-03-15 00:00:00+00:00,1.0454100974397377e-05
2026-03-16 00:00:00+00:00,1.0199380936305452e-05
2026-03-17 00:00:00+00:00,9.927676791217509e-06
2026-03-18 00:00:00+00:00,9.604860583030593e-06
2026-03-19 00:00:00+00:00,9.154051336676005e-06
2026-03-20 00:00:00+00:00,8.859510666471484e-06
2026-03-21 00:00:00+00:00,8.583621974116173e-06
2026-03-22 00:00:00+00:00,8.378492776709505e-06
2026-03-23 00:00:00+00:00,7.885665488476839e-06
2026-03-24 00:00:00+00:00,7.800678874337943e-06
2026-03-25 00:00:00+00:00,7.639317176564688e-06
2026-03-26 00:00:00+00:00,7.5735465481223466e-06
2026-03-27 00:00:00+00:00,7.444381083391778e-06
2026-03-28 00:00:00+00:00,7.231760726619327e-06
2026-03-29 00:00:00+00:00,7.245064289385273e-06
2026-03-30 00:00:00+00:00,7.2217475832671425e-06
2026-03-31 00:00:00+00:00,7.022914251642805e-06
2026-04-01 00:00:00+00:00,7.0167840439711505e-06
2026-04-02 00:00:00+00:00,6.842930682826503e-06
2026-04-03 00:00:00+00:00,6.806267334451292e-06
2026-04-04 00:00:00+00:00,6.722158292519994e-06
2026-04-05 00:00:00+00:00,6.662085194077241e-06
2026-04-06 00:00:00+00:00,6.50451923342712e-06
2026-04-07 00:00:00+00:00,6.387968131421407e-06
2026-04-08 00:00:00+00:00,6.292020773323392e-06
2026-04-09 00:00:00+00:00,6.236550674540187e-06
2026-04-10 00:00:00+00:00,6.2423225413032275e-06
2026-04-11 00:00:00+00:00,6.189221270174032e-06
2026-04-12 00:00:00+00:00,5.866072582339605e-06
2026-04-13 00:00:00+00:00,5.701345009243171e-06
2026-04-14 00:00:00+00:00,5.63839127769673e-06
2026-04-15 00:00:00+00:00,5.541190748499554e-06
2026-04-16 00:00:00+00:00,5.398184373162538e-06
2026-04-17 00:00:00+00:00,5.324428238890374e-06
2026-04-18 00:00:00+00:00,5.324428238890374e-06
2026-04-19 00:00:00+00:00,5.299954891968464e-06
2026-04-20 00:00:00+00:00,5.256896488260195e-06
2026-04-21 00:00:00+00:00,5.072239586983518e-06
2026-04-22 00:00:00+00:00,5.000203633282553e-06
2026-04-23 00:00:00+00:00,4.884960866213968e-06
2026-04-24 00:00:00+00:00,4.796469235824283e-06
2026-04-25 00:00:00+00:00,4.6471399624243075e-06
2026-04-26 00:00:00+00:00,4.567632043343121e-06
2026-04-27 00:00:00+00:00,4.518804169103245e-06
2026-04-28 00:00:00+00:00,4.436170740987462e-06
2026-04-29 00:00:00+00:00,4.4708569216546385e-06
2026-04-30 00:00:00+00:00,4.297153544684635e-06
2026-05-01 00:00:00+00:00,4.269770343259124e-06
2026-05-02 00:00:00+00:00,4.208745873828775e-06
2026-05-03 00:00:00+00:00,4.074723897566805e-06
2026-05-04 00:00:00+00:00,3.966604434912613e-06
2026-05-05 00:00:00+00:00,3.85551302247625e-06
2026-05-06 00:00:00+00:00,3.8117401024856606e-06
2026-05-07 00:00:00+00:00,3.7328914822881637e-06
2026-05-08 00:00:00+00:00,3.6733332660107944e-06
2026-05-09 00:00:00+00:00,3.590872625583554e-06
2026-05-10 00:00:00+00:00,3.5668196722834584e-06
2026-05-11 00:00:00+00:00,3.5052447982306026e-06
2026-05-12 00:00:00+00:00,3.456151092894885e-06
2026-05-13 00:00:00+00:00,3.3770319947362747e-06
2026-05-14 00:00:00+00:00,3.2680662051522984e-06
2026-05-15 00:00:00+00:00,3.271212723956052e-06
2026-05-16 00:00:00+00:00,3.2080036785614546e-06
2026-05-17 00:00:00+00:00,3.196164291669644e-06
2026-05-18 00:00:00+00:00,3.1372814609917795e-06
2026-05-19 00:00:00+00:00,3.088554489667762e-06
2026-05-20 00:00:00+00:00,3.0470497420201886e-06
2026-05-21 00:00:00+00:00,3.0171780927537855e-06
2026-05-22 00:00:00+00:00,2.8811093446588166e-06
2026-05-23 00:00:00+00:00,2.7752433066155417e-06
2026-05-24 00:00:00+00:00,2.7495992487827077e-06
2026-05-25 00:00:00+00:00,2.730786262160508e-06
2026-05-26 00:00:00+00:00,2.7365463871672126e-06
2026-05-27 00:00:00+00:00,2.6571504074262443e-06
2026-05-28 00:00:00+00:00,2.6222846030096282e-06
2026-05-29 00:00:00+00:00,2.5689878076286253e-06
2026-05-30 00:00:00+00:00,2.5244919322414845e-06
2026-05-31 00:00:00+00:00,2.464349949533652e-06
2026-06-01 00:00:00+00:00,2.4438447250806076e-06
2026-06-02 00:00:00+00:00,2.4996379505361024e-06
2026-06-03 00:00:00+00:00,2.452035253802475e-06
2026-06-04 00:00:00+00:00,2.384507121845981e-06
2026-06-05 00:00:00+00:00,2.3944924853145993e-06
2026-06-06 00:00:00+00:00,2.356942548165858e-06
2026-06-07 00:00:00+00:00,2.351757369483079e-06
2026-06-08 00:00:00+00:00,2.3478845372379253e-06
2026-06-09 00:00:00+00:00,2.347761353871813e-06
2026-06-10 00:00:00+00:00,2.3060211305469934e-06
2026-06-11 00:00:00+00:00,2.30318367320796e-06
2026-06-12 00:00:00+00:00,2.248933592910192e-06
2026-06-13 00:00:00+00:00,2.1974032002060476e-06
2026-06-14 00:00:00+00:00,2.161266583544696e-06
2026-06-15 00:00:00+00:00,2.1470757811859494e-06
2026-06-16 00:00:00+00:00,2.0780939005128615e-06
2026-06-17 00:00:00+00:00,2.024466240118945e-06
2026-06-18 00:00:00+00:00,1.9810526170615276e-06
2026-06-19 00:00:00+00:00,1.953506282238075e-06
2026-06-20 00:00:00+00:00,1.934450458350881e-06
2026-06-21 00:00:00+00:00,1.8875006742020481e-06
2026-06-22 00:00:00+00:00,1.8310508049016483e-06
2026-06-23 00:00:00+00:00,1.8280006681511981e-06
2026-06-24 00:00:00+00:00,1.8171869770194811e-06
2026-06-25 00:00:00+00:00,1.7758091829343204e-06
2026-06-26 00:00:00+00:00,1.7813918327610246e-06
2026-06-27 00:00:00+00:00,1.7612049110249783e-06
2026-06-28 00:00:00+00:00,1.7471162626502336e-06
2026-06-29 00:00:00+00:00,1.7328140929644447e-06
2026-06-30 00:00:00+00:00,1.677686499394356e-06
2026-07-01 00:00:00+00:00,1.660139102006692e-06
2026-07-02 00:00:00+00:00,1.6106828442321693e-06
2026-07-03 00:00:00+00:00,1.5660316292198035e-06
2026-07-04 00:00:00+00:00,1.5413646732353598e-06
2026-07-05 00:00:00+00:00,1.485030082295492e-06
2026-07-06 00:00:00+00:00,1.4960224273671215e-06
2026-07-07 00:00:00+00:00,1.489270987756222e-06
2026-07-08 00:00:00+00:00,1.4408405249367812e-06
2026-07-09 00:00:00+00:00,1.4233948943641773e-06
2026-07-10 00:00:00+00:00,1.3840337572350637e-06
