date,n_longs,n_shorts,longs,shorts,gross,turnover,notes
2024-05-23,1,2,ETHUSDT:0.1000,BTCUSDT:-0.1000;SOLUSDT:-0.1000,0.30000000000000004,0.15001800216025923,
2024-05-24,1,2,ETHUSDT:0.1000,BTCUSDT:-0.1000;SOLUSDT:-0.1000,0.30000000000000004,0.0003593510724912161,
2024-05-25,1,2,ETHUSDT:0.1000,BTCUSDT:-0.1000;SOLUSDT:-0.1000,0.30000000000000004,0.00013579692875308742,
2024-05-26,1,2,ETHUSDT:0.1000,BTCUSDT:-0.1000;SOLUSDT:-0.1000,0.30000000000000004,0.0009031310408590569,
2024-05-27,1,2,ETHUSDT:0.1000,BTCUSDT:-0.1000;SOLUSDT:-0.1000,0.30000000000000004,0.0005573589888294777,
2024-05-28,1,2,ETHUSDT:0.1000,BTCUSDT:-0.1000;SOLUSDT:-0.1000,0.30000000000000004,0.00015832101408109006,
2024-05-29,1,2,SOLUSDT:0.1000,BTCUSDT:-0.1000;ETHUSDT:-0.1000,0.30000000000000004,0.20013258230982564,
2024-05-30,1,2,SOLUSDT:0.1000,BTCUSDT:-0.1000;ETHUSDT:-0.1000,0.30000000000000004,0.00023251582734061125,
2024-05-31,1,2,ETHUSDT:0.1000,BTCUSDT:-0.1000;SOLUSDT:-0.1000,0.30000000000000004,0.20002699892263354,
2024-06-01,1,2,ETHUSDT:0.1000,BTCUSDT:-0.1000;SOLUSDT:-0.1000,0.30000000000000004,9.160831630509894e-05,
2024-06-02,1,2,ETHUSDT:0.1000,BTCUSDT:-0.1000;SOLUSDT:-0.1000,0.30000000000000004,0.0001400380498852092,
2024-06-03,1,2,ETHUSDT:0.1000,BTCUSDT:-0.1000;SOLUSDT:-0.1000,0.30000000000000004,0.0004516895729121895,
2024-06-04,1,2,ETHUSDT:0.1000,BTCUSDT:-0.1000;SOLUSDT:-0.1000,0.30000000000000004,0.0008329168145502883,
2024-06-05,1,2,ETHUSDT:0.1000,BTCUSDT:-0.1000;SOLUSDT:-0.1000,0.30000000000000004,5.4757795801081226e-05,
2024-06-06,1,2,ETHUSDT:0.1000,BTCUSDT:-0.1000;SOLUSDT:-0.1000,0.30000000000000004,0.00015228217320259214,
2024-06-07,1,2,ETHUSDT:0.1000,BTCUSDT:-0.1000;SOLUSDT:-0.1000,0.30000000000000004,0.0004543917582032085,
2024-06-08,1,2,ETHUSDT:0.1000,BTCUSDT:-0.1000;SOLUSDT:-0.1000,0.30000000000000004,0.0004470284927621495,
2024-06-09,1,2,ETHUSDT:0.1000,BTCUSDT:-0.1000;SOLUSDT:-0.1000,0.30000000000000004,0.0003727561885729233,
2024-06-10,1,2,ETHUSDT:0.1000,BTCUSDT:-0.1000;SOLUSDT:-0.1000,0.30000000000000004,0.00014880081976476026,
2024-06-11,1,2,ETHUSDT:0.1000,BTCUSDT:-0.1000;SOLUSDT:-0.1000,0.30000000000000004,0.000707008551413094,
2024-06-12,1,2,ETHUSDT:0.1000,BTCUSDT:-0.1000;SOLUSDT:-0.1000,0.30000000000000004,0.0005423243292063581,
2024-06-13,1,2,ETHUSDT:0.1000,BTCUSDT:-0.1000;SOLUSDT:-0.1000,0.30000000000000004,0.000707838710121312,
2024-06-14,1,2,ETHUSDT:0.1000,BTCUSDT:-0.1000;SOLUSDT:-0.1000,0.30000000000000004,0.0006454611107824757,
2024-06-15,1,2,ETHUSDT:0.1000,BTCUSDT:-0.1000;SOLUSDT:-0.1000,0.30000000000000004,7.709026578767889e-05,
2024-06-16,1,2,ETHUSDT:0.1000,BTCUSDT:-0.1000;SOLUSDT:-0.1000,0.30000000000000004,0.0004671335453649254,
2024-06-17,1,2,ETHUSDT:0.1000,BTCUSDT:-0.1000;SOLUSDT:-0.1000,0.30000000000000004,0.0003685513432318103,
2024-06-18,1,2,ETHUSDT:0.1000,BTCUSDT:-0.1000;SOLUSDT:-0.1000,0.30000000000000004,0.0007893198029932279,
2024-06-19,1,2,ETHUSDT:0.1000,BTCUSDT:-0.1000;SOLUSDT:-0.1000,0.30000000000000004,0.0005738715666528041,
2024-06-20,1,2,ETHUSDT:0.1000,BTCUSDT:-0.1000;SOLUSDT:-0.1000,0.30000000000000004,4.5337413148051e-05,
2024-06-21,1,2,ETHUSDT:0.1000,BTCUSDT:-0.1000;SOLUSDT:-0.1000,0.30000000000000004,7.790515428887361e-05,
2024-06-22,1,2,BTCUSDT:0.1000,ETHUSDT:-0.1000;SOLUSDT:-0.1000,0.30000000000000004,0.20005578268226573,
2024-06-23,1,2,BTCUSDT:0.1000,ETHUSDT:-0.1000;SOLUSDT:-0.1000,0.30000000000000004,0.0006083783755082573,
2024-06-24,1,2,ETHUSDT:0.1000,BTCUSDT:-0.1000;SOLUSDT:-0.1000,0.30000000000000004,0.2008515232376487,
2024-06-25,1,2,ETHUSDT:0.1000,BTCUSDT:-0.1000;SOLUSDT:-0.1000,0.30000000000000004,0.0007065679436208299,
2024-06-26,1,2,SOLUSDT:0.1000,BTCUSDT:-0.1000;ETHUSDT:-0.1000,0.30000000000000004,0.20000029749882797,
2024-06-27,1,2,SOLUSDT:0.1000,BTCUSDT:-0.1000;ETHUSDT:-0.1000,0.30000000000000004,0.0008229014118693784,
2024-06-28,1,2,ETHUSDT:0.1000,BTCUSDT:-0.1000;SOLUSDT:-0.1000,0.30000000000000004,0.20038998599133903,
2024-06-29,1,2,ETHUSDT:0.1000,BTCUSDT:-0.1000;SOLUSDT:-0.1000,0.30000000000000004,0.00019707594952953205,
2024-06-30,1,2,SOLUSDT:0.1000,BTCUSDT:-0.1000;ETHUSDT:-0.1000,0.30000000000000004,0.20089242624513604,
2024-07-01,1,2,BTCUSDT:0.1000,ETHUSDT:-0.1000;SOLUSDT:-0.1000,0.30000000000000004,0.20009614038679363,
2024-07-02,1,2,SOLUSDT:0.1000,BTCUSDT:-0.1000;ETHUSDT:-0.1000,0.30000000000000004,0.20090672696284678,
2024-07-03,1,2,SOLUSDT:0.1000,BTCUSDT:-0.1000;ETHUSDT:-0.1000,0.30000000000000004,0.00030019598903682825,
2024-07-04,1,2,BTCUSDT:0.1000,ETHUSDT:-0.1000;SOLUSDT:-0.1000,0.30000000000000004,0.19987361306285162,
2024-07-05,1,2,BTCUSDT:0.1000,ETHUSDT:-0.1000;SOLUSDT:-0.1000,0.30000000000000004,0.0005145732162055343,
2024-07-06,1,2,SOLUSDT:0.1000,BTCUSDT:-0.1000;ETHUSDT:-0.1000,0.30000000000000004,0.20101963696891867,
2024-07-07,1,2,SOLUSDT:0.1000,BTCUSDT:-0.1000;ETHUSDT:-0.1000,0.30000000000000004,5.673427021258349e-05,
2024-07-08,1,2,SOLUSDT:0.1000,BTCUSDT:-0.1000;ETHUSDT:-0.1000,0.30000000000000004,0.0002509213893499751,
2024-07-09,1,2,SOLUSDT:0.1000,BTCUSDT:-0.1000;ETHUSDT:-0.1000,0.30000000000000004,0.0004140540807310622,
2024-07-10,1,2,SOLUSDT:0.1000,BTCUSDT:-0.1000;ETHUSDT:-0.1000,0.30000000000000004,2.8133361465982393e-05,
2024-07-11,1,2,SOLUSDT:0.1000,BTCUSDT:-0.1000;ETHUSDT:-0.1000,0.30000000000000004,0.000553975705098169,
2024-07-12,1,2,ETHUSDT:0.1000,BTCUSDT:-0.1000;SOLUSDT:-0.1000,0.30000000000000004,0.20000139550400087,
2024-07-13,1,2,SOLUSDT:0.1000,BTCUSDT:-0.1000;ETHUSDT:-0.1000,0.30000000000000004,0.20046191702792132,
2024-07-14,1,2,SOLUSDT:0.1000,BTCUSDT:-0.1000;ETHUSDT:-0.1000,0.30000000000000004,0.00014675108155783284,
2024-07-15,1,2,SOLUSDT:0.1000,BTCUSDT:-0.1000;ETHUSDT:-0.1000,0.30000000000000004,0.0008812415674175803,
2024-07-16,1,2,SOLUSDT:0.1000,BTCUSDT:-0.1000;ETHUSDT:-0.1000,0.30000000000000004,0.00021254922602060794,
2024-07-17,1,2,SOLUSDT:0.1000,BTCUSDT:-0.1000;ETHUSDT:-0.1000,0.30000000000000004,1.093313305553554e-05,
2024-07-18,1,2,SOLUSDT:0.1000,BTCUSDT:-0.1000;ETHUSDT:-0.1000,0.30000000000000004,0.00020439029888755567,
2024-07-19,1,2,SOLUSDT:0.1000,BTCUSDT:-0.1000;ETHUSDT:-0.1000,0.30000000000000004,2.899204850622527e-05,
2024-07-20,1,2,SOLUSDT:0.1000,BTCUSDT:-0.1000;ETHUSDT:-0.1000,0.30000000000000004,0.00023144290804644725,
2024-07-21,1,2,SOLUSDT:0.1000,BTCUSDT:-0.1000;ETHUSDT:-0.1000,0.30000000000000004,0.0006320900677234181,
2024-07-22,1,2,SOLUSDT:0.1000,BTCUSDT:-0.1000;ETHUSDT:-0.1000,0.30000000000000004,8.94085044486898e-05,
2024-07-23,1,2,SOLUSDT:0.1000,BTCUSDT:-0.1000;ETHUSDT:-0.1000,0.30000000000000004,0.0003321318883077389,
2024-07-24,1,2,SOLUSDT:0.1000,BTCUSDT:-0.1000;ETHUSDT:-0.1000,0.30000000000000004,0.0011914814227114976,
2024-07-25,1,2,SOLUSDT:0.1000,BTCUSDT:-0.1000;ETHUSDT:-0.1000,0.30000000000000004,0.00010070564554201952,
2024-07-26,1,2,SOLUSDT:0.1000,BTCUSDT:-0.1000;ETHUSDT:-0.1000,0.30000000000000004,3.11827643104015e-05,
2024-07-27,1,2,SOLUSDT:0.1000,BTCUSDT:-0.1000;ETHUSDT:-0.1000,0.30000000000000004,0.00018941298274271646,
2024-07-28,1,2,SOLUSDT:0.1000,BTCUSDT:-0.1000;ETHUSDT:-0.1000,0.30000000000000004,9.349321288285492e-05,
2024-07-29,1,2,SOLUSDT:0.1000,BTCUSDT:-0.1000;ETHUSDT:-0.1000,0.30000000000000004,8.858351377587269e-05,
2024-07-30,1,2,SOLUSDT:0.1000,BTCUSDT:-0.1000;ETHUSDT:-0.1000,0.30000000000000004,2.5261864294504456e-05,
2024-07-31,1,2,SOLUSDT:0.1000,BTCUSDT:-0.1000;ETHUSDT:-0.1000,0.30000000000000004,5.647180095300679e-05,
2024-08-01,1,2,BTCUSDT:0.1000,ETHUSDT:-0.1000;SOLUSDT:-0.1000,0.30000000000000004,0.20044284349401578,
2024-08-02,1,2,BTCUSDT:0.1000,ETHUSDT:-0.1000;SOLUSDT:-0.1000,0.30000000000000004,0.0013881874743391484,
2024-08-03,1,2,BTCUSDT:0.1000,ETHUSDT:-0.1000;SOLUSDT:-0.1000,0.30000000000000004,0.001234495597392205,
2024-08-04,1,2,BTCUSDT:0.1000,ETHUSDT:-0.1000;SOLUSDT:-0.1000,0.30000000000000004,0.0009128723236957104,
2024-08-05,1,2,BTCUSDT:0.1000,ETHUSDT:-0.1000;SOLUSDT:-0.1000,0.30000000000000004,0.0013451333766503276,
2024-08-06,1,2,SOLUSDT:0.1000,BTCUSDT:-0.1000;ETHUSDT:-0.1000,0.30000000000000004,0.20143229819253847,
2024-08-07,1,2,SOLUSDT:0.1000,BTCUSDT:-0.1000;ETHUSDT:-0.1000,0.30000000000000004,0.0009722237720416974,
2024-08-08,1,2,SOLUSDT:0.1000,BTCUSDT:-0.1000;ETHUSDT:-0.1000,0.30000000000000004,0.0020931849580090034,
2024-08-09,1,2,SOLUSDT:0.1000,BTCUSDT:-0.1000;ETHUSDT:-0.1000,0.30000000000000004,4.19922866975357e-05,
2024-08-10,1,2,SOLUSDT:0.1000,BTCUSDT:-0.1000;ETHUSDT:-0.1000,0.30000000000000004,0.00030002520638324013,
2024-08-11,1,2,BTCUSDT:0.1000,ETHUSDT:-0.1000;SOLUSDT:-0.1000,0.30000000000000004,0.20039294787097514,
2024-08-12,1,2,SOLUSDT:0.1000,BTCUSDT:-0.1000;ETHUSDT:-0.1000,0.30000000000000004,0.2013885852307605,
2024-08-13,1,2,BTCUSDT:0.1000,ETHUSDT:-0.1000;SOLUSDT:-0.1000,0.30000000000000004,0.20022244031713768,
2024-08-14,1,2,BTCUSDT:0.1000,ETHUSDT:-0.1000;SOLUSDT:-0.1000,0.30000000000000004,3.238774392671618e-05,
2024-08-15,1,2,BTCUSDT:0.1000,ETHUSDT:-0.1000;SOLUSDT:-0.1000,0.30000000000000004,0.0003376008612998494,
2024-08-16,1,2,BTCUSDT:0.1000,ETHUSDT:-0.1000;SOLUSDT:-0.1000,0.30000000000000004,0.0005888681683324261,
2024-08-17,1,2,BTCUSDT:0.1000,ETHUSDT:-0.1000;SOLUSDT:-0.1000,0.30000000000000004,0.0002765027071748668,
2024-08-18,1,2,BTCUSDT:0.1000,ETHUSDT:-0.1000;SOLUSDT:-0.1000,0.30000000000000004,0.00031373358119135526,
2024-08-19,1,2,BTCUSDT:0.1000,ETHUSDT:-0.1000;SOLUSDT:-0.1000,0.30000000000000004,7.627352250643313e-05,
2024-08-20,1,2,BTCUSDT:0.1000,ETHUSDT:-0.1000;SOLUSDT:-0.1000,0.30000000000000004,0.00046296868199647456,
2024-08-21,1,2,BTCUSDT:0.1000,ETHUSDT:-0.1000;SOLUSDT:-0.1000,0.30000000000000004,0.00015128888436818797,
2024-08-22,1,2,BTCUSDT:0.1000,ETHUSDT:-0.1000;SOLUSDT:-0.1000,0.30000000000000004,0.00019266799030236484,
2024-08-23,1,2,BTCUSDT:0.1000,ETHUSDT:-0.1000;SOLUSDT:-0.1000,0.30000000000000004,0.0009473168810674762,
2024-08-24,1,2,SOLUSDT:0.1000,BTCUSDT:-0.1000;ETHUSDT:-0.1000,0.30000000000000004,0.20075694087095813,
2024-08-25,1,2,BTCUSDT:0.1000,ETHUSDT:-0.1000;SOLUSDT:-0.1000,0.30000000000000004,0.20011125805322946,
2024-08-26,1,2,BTCUSDT:0.1000,ETHUSDT:-0.1000;SOLUSDT:-0.1000,0.30000000000000004,0.00018172873085799446,
2024-08-27,1,2,BTCUSDT:0.1000,ETHUSDT:-0.1000;SOLUSDT:-0.1000,0.30000000000000004,0.0014053026450051428,
2024-08-28,1,2,BTCUSDT:0.1000,ETHUSDT:-0.1000;SOLUSDT:-0.1000,0.30000000000000004,0.00024097757014520318,
2024-08-29,1,2,BTCUSDT:0.1000,ETHUSDT:-0.1000;SOLUSDT:-0.1000,0.30000000000000004,0.0004951995813285191,
2024-08-30,1,2,BTCUSDT:0.1000,ETHUSDT:-0.1000;SOLUSDT:-0.1000,0.30000000000000004,0.0001673003873307128,
2024-08-31,1,2,BTCUSDT:0.1000,ETHUSDT:-0.1000;SOLUSDT:-0.1000,0.30000000000000004,0.00032653289794178835,
2024-09-01,1,2,BTCUSDT:0.1000,ETHUSDT:-0.1000;SOLUSDT:-0.1000,0.30000000000000004,0.0008509877454526932,
2024-09-02,1,2,BTCUSDT:0.1000,ETHUSDT:-0.1000;SOLUSDT:-0.1000,0.30000000000000004,0.0009713561450594285,
2024-09-03,1,2,BTCUSDT:0.1000,ETHUSDT:-0.1000;SOLUSDT:-0.1000,0.30000000000000004,0.001055946362639148,
2024-09-04,1,2,BTCUSDT:0.1000,ETHUSDT:-0.1000;SOLUSDT:-0.1000,0.30000000000000004,0.0007463406831222937,
2024-09-05,1,2,BTCUSDT:0.1000,ETHUSDT:-0.1000;SOLUSDT:-0.1000,0.30000000000000004,0.0005110971699883586,
2024-09-06,1,2,BTCUSDT:0.1000,ETHUSDT:-0.1000;SOLUSDT:-0.1000,0.30000000000000004,0.0008209137282113503,
2024-09-07,1,2,BTCUSDT:0.1000,ETHUSDT:-0.1000;SOLUSDT:-0.1000,0.30000000000000004,0.0005957942658464676,
2024-09-08,1,2,BTCUSDT:0.1000,ETHUSDT:-0.1000;SOLUSDT:-0.1000,0.30000000000000004,0.0002455396432538234,
2024-09-09,1,2,BTCUSDT:0.1000,ETHUSDT:-0.1000;SOLUSDT:-0.1000,0.30000000000000004,0.0003841795493229771,
2024-09-10,1,2,SOLUSDT:0.1000,BTCUSDT:-0.1000;ETHUSDT:-0.1000,0.30000000000000004,0.20012276080987923,
2024-09-11,1,2,BTCUSDT:0.1000,ETHUSDT:-0.1000;SOLUSDT:-0.1000,0.30000000000000004,0.20003097847553492,
2024-09-12,1,2,BTCUSDT:0.1000,ETHUSDT:-0.1000;SOLUSDT:-0.1000,0.30000000000000004,0.0003699809681360233,
2024-09-13,1,2,BTCUSDT:0.1000,ETHUSDT:-0.1000;SOLUSDT:-0.1000,0.30000000000000004,0.00020469014815456,
2024-09-14,1,2,BTCUSDT:0.1000,ETHUSDT:-0.1000;SOLUSDT:-0.1000,0.30000000000000004,0.0002093787993274896,
2024-09-15,1,2,BTCUSDT:0.1000,ETHUSDT:-0.1000;SOLUSDT:-0.1000,0.30000000000000004,0.00103774835909045,
2024-09-16,1,2,BTCUSDT:0.1000,ETHUSDT:-0.1000;SOLUSDT:-0.1000,0.30000000000000004,0.0001115280120094167,
2024-09-17,1,2,BTCUSDT:0.1000,ETHUSDT:-0.1000;SOLUSDT:-0.1000,0.30000000000000004,0.00023258484076501014,
2024-09-18,1,2,BTCUSDT:0.1000,ETHUSDT:-0.1000;SOLUSDT:-0.1000,0.30000000000000004,0.0001751389819634737,
2024-09-19,1,2,BTCUSDT:0.1000,ETHUSDT:-0.1000;SOLUSDT:-0.1000,0.30000000000000004,0.0012451239612980176,
2024-09-20,1,2,SOLUSDT:0.1000,BTCUSDT:-0.1000;ETHUSDT:-0.1000,0.30000000000000004,0.20096134281446013,
2024-09-21,1,2,SOLUSDT:0.1000,BTCUSDT:-0.1000;ETHUSDT:-0.1000,0.30000000000000004,7.717938257849578e-05,
2024-09-22,1,2,BTCUSDT:0.1000,ETHUSDT:-0.1000;SOLUSDT:-0.1000,0.30000000000000004,0.200389112815111,
2024-09-23,1,2,ETHUSDT:0.1000,BTCUSDT:-0.1000;SOLUSDT:-0.1000,0.30000000000000004,0.20051218211161068,
2024-09-24,1,2,SOLUSDT:0.1000,BTCUSDT:-0.1000;ETHUSDT:-0.1000,0.30000000000000004,0.20108332282654476,
2024-09-25,1,2,BTCUSDT:0.1000,ETHUSDT:-0.1000;SOLUSDT:-0.1000,0.30000000000000004,0.19997294914792213,
2024-09-26,1,2,SOLUSDT:0.1000,BTCUSDT:-0.1000;ETHUSDT:-0.1000,0.30000000000000004,0.20065308745130755,
2024-09-27,1,2,SOLUSDT:0.1000,BTCUSDT:-0.1000;ETHUSDT:-0.1000,0.30000000000000004,0.0003175035251679889,
2024-09-28,1,2,SOLUSDT:0.1000,BTCUSDT:-0.1000;ETHUSDT:-0.1000,0.30000000000000004,6.103631830474544e-06,
2024-09-29,1,2,SOLUSDT:0.1000,BTCUSDT:-0.1000;ETHUSDT:-0.1000,0.30000000000000004,0.0003190853536736773,
2024-09-30,1,2,SOLUSDT:0.1000,BTCUSDT:-0.1000;ETHUSDT:-0.1000,0.30000000000000004,0.0002616417258514021,
2024-10-01,1,2,SOLUSDT:0.1000,BTCUSDT:-0.1000;ETHUSDT:-0.1000,0.30000000000000004,0.0007637073937524396,
2024-10-02,1,2,BTCUSDT:0.1000,ETHUSDT:-0.1000;SOLUSDT:-0.1000,0.30000000000000004,0.20001995649413232,
2024-10-03,1,2,BTCUSDT:0.1000,ETHUSDT:-0.1000;SOLUSDT:-0.1000,0.30000000000000004,0.0004496629232243666,
2024-10-04,1,2,BTCUSDT:0.1000,ETHUSDT:-0.1000;SOLUSDT:-0.1000,0.30000000000000004,0.0007941779737366063,
2024-10-05,1,2,BTCUSDT:0.1000,ETHUSDT:-0.1000;SOLUSDT:-0.1000,0.30000000000000004,5.7135885856201044e-05,
2024-10-06,1,2,SOLUSDT:0.1000,BTCUSDT:-0.1000;ETHUSDT:-0.1000,0.30000000000000004,0.2004130341579152,
2024-10-07,1,2,BTCUSDT:0.1000,ETHUSDT:-0.1000;SOLUSDT:-0.1000,0.30000000000000004,0.20006481640865478,
2024-10-08,1,2,BTCUSDT:0.1000,ETHUSDT:-0.1000;SOLUSDT:-0.1000,0.30000000000000004,9.906441509537781e-05,
2024-10-09,1,2,BTCUSDT:0.1000,ETHUSDT:-0.1000;SOLUSDT:-0.1000,0.30000000000000004,0.0004960853665214432,
2024-10-10,1,2,BTCUSDT:0.1000,ETHUSDT:-0.1000;SOLUSDT:-0.1000,0.30000000000000004,0.0001440830423015505,
2024-10-11,1,2,SOLUSDT:0.1000,BTCUSDT:-0.1000;ETHUSDT:-0.1000,0.30000000000000004,0.20051956554772474,
2024-10-12,1,2,BTCUSDT:0.1000,ETHUSDT:-0.1000;SOLUSDT:-0.1000,0.30000000000000004,0.20035480258212768,
2024-10-13,1,2,SOLUSDT:0.1000,BTCUSDT:-0.1000;ETHUSDT:-0.1000,0.30000000000000004,0.20022798525358798,
2024-10-14,1,2,SOLUSDT:0.1000,BTCUSDT:-0.1000;ETHUSDT:-0.1000,0.30000000000000004,0.0007737375738693223,
2024-10-15,1,2,SOLUSDT:0.1000,BTCUSDT:-0.1000;ETHUSDT:-0.1000,0.30000000000000004,0.00036527091083319365,
2024-10-16,1,2,BTCUSDT:0.1000,ETHUSDT:-0.1000;SOLUSDT:-0.1000,0.30000000000000004,0.2002256414260862,
2024-10-17,1,2,BTCUSDT:0.1000,ETHUSDT:-0.1000;SOLUSDT:-0.1000,0.30000000000000004,0.00032773525246902193,
2024-10-18,1,2,SOLUSDT:0.1000,BTCUSDT:-0.1000;ETHUSDT:-0.1000,0.30000000000000004,0.20045698105466006,
2024-10-19,1,2,SOLUSDT:0.1000,BTCUSDT:-0.1000;ETHUSDT:-0.1000,0.30000000000000004,0.0004186972769432283,
2024-10-20,1,2,SOLUSDT:0.1000,BTCUSDT:-0.1000;ETHUSDT:-0.1000,0.30000000000000004,1.5651720537041673e-05,
2024-10-21,1,2,SOLUSDT:0.1000,BTCUSDT:-0.1000;ETHUSDT:-0.1000,0.30000000000000004,0.0006789619473182486,
2024-10-22,1,2,SOLUSDT:0.1000,BTCUSDT:-0.1000;ETHUSDT:-0.1000,0.30000000000000004,0.00037202231487719854,
2024-10-23,1,2,SOLUSDT:0.1000,BTCUSDT:-0.1000;ETHUSDT:-0.1000,0.30000000000000004,0.0010132949628967186,
2024-10-24,1,2,SOLUSDT:0.1000,BTCUSDT:-0.1000;ETHUSDT:-0.1000,0.30000000000000004,0.00013988524998735988,
2024-10-25,1,2,SOLUSDT:0.1000,BTCUSDT:-0.1000;ETHUSDT:-0.1000,0.30000000000000004,0.00014572401955185874,
2024-10-26,1,2,SOLUSDT:0.1000,BTCUSDT:-0.1000;ETHUSDT:-0.1000,0.30000000000000004,0.00019690279178415383,
2024-10-27,1,2,SOLUSDT:0.1000,BTCUSDT:-0.1000;ETHUSDT:-0.1000,0.30000000000000004,0.00014843093573804154,
2024-10-28,1,2,SOLUSDT:0.1000,BTCUSDT:-0.1000;ETHUSDT:-0.1000,0.30000000000000004,0.0006494191913239164,
2024-10-29,1,2,SOLUSDT:0.1000,BTCUSDT:-0.1000;ETHUSDT:-0.1000,0.30000000000000004,0.0009306397253486293,
2024-10-30,1,2,BTCUSDT:0.1000,ETHUSDT:-0.1000;SOLUSDT:-0.1000,0.30000000000000004,0.20044910824670606,
2024-10-31,1,2,BTCUSDT:0.1000,ETHUSDT:-0.1000;SOLUSDT:-0.1000,0.30000000000000004,0.0008785502932211881,
2024-11-01,1,2,SOLUSDT:0.1000,BTCUSDT:-0.1000;ETHUSDT:-0.1000,0.30000000000000004,0.19999991520712632,
2024-11-02,1,2,SOLUSDT:0.1000,BTCUSDT:-0.1000;ETHUSDT:-0.1000,0.30000000000000004,0.00011822461650833605,
2024-11-03,1,2,BTCUSDT:0.1000,ETHUSDT:-0.1000;SOLUSDT:-0.1000,0.30000000000000004,0.2000255186461129,
2024-11-04,1,2,BTCUSDT:0.1000,ETHUSDT:-0.1000;SOLUSDT:-0.1000,0.30000000000000004,0.0005591997484819983,
2024-11-05,1,2,SOLUSDT:0.1000,BTCUSDT:-0.1000;ETHUSDT:-0.1000,0.30000000000000004,0.200674374347605,
2024-11-06,1,2,SOLUSDT:0.1000,BTCUSDT:-0.1000;ETHUSDT:-0.1000,0.30000000000000004,0.001442965030852894,
2024-11-07,1,2,SOLUSDT:0.1000,BTCUSDT:-0.1000;ETHUSDT:-0.1000,0.30000000000000004,0.00021805795216859884,
2024-11-08,1,2,SOLUSDT:0.1000,BTCUSDT:-0.1000;ETHUSDT:-0.1000,0.30000000000000004,0.0002037965538330856,
2024-11-09,1,2,SOLUSDT:0.1000,BTCUSDT:-0.1000;ETHUSDT:-0.1000,0.30000000000000004,0.0008765436884659044,
2024-11-10,1,2,SOLUSDT:0.1000,BTCUSDT:-0.1000;ETHUSDT:-0.1000,0.30000000000000004,0.0002336333165928006,
2024-11-11,1,2,SOLUSDT:0.1000,BTCUSDT:-0.1000;ETHUSDT:-0.1000,0.30000000000000004,0.001603992586355874,
2024-11-12,1,2,SOLUSDT:0.1000,BTCUSDT:-0.1000;ETHUSDT:-0.1000,0.30000000000000004,1.1182877720338551e-05,
2024-11-13,1,2,BTCUSDT:0.1000,ETHUSDT:-0.1000;SOLUSDT:-0.1000,0.30000000000000004,0.1999999731487042,
2024-11-14,1,2,BTCUSDT:0.1000,ETHUSDT:-0.1000;SOLUSDT:-0.1000,0.30000000000000004,0.00046552053857566695,
2024-11-15,1,2,SOLUSDT:0.1000,BTCUSDT:-0.1000;ETHUSDT:-0.1000,0.30000000000000004,0.2001951579953437,
2024-11-16,1,2,SOLUSDT:0.1000,BTCUSDT:-0.1000;ETHUSDT:-0.1000,0.30000000000000004,0.00035504445028593674,
2024-11-17,1,2,SOLUSDT:0.1000,BTCUSDT:-0.1000;ETHUSDT:-0.1000,0.30000000000000004,0.0018807135455594156,
2024-11-18,1,2,SOLUSDT:0.1000,BTCUSDT:-0.1000;ETHUSDT:-0.1000,0.30000000000000004,0.0006007896638937231,
2024-11-19,1,2,SOLUSDT:0.1000,BTCUSDT:-0.1000;ETHUSDT:-0.1000,0.30000000000000004,2.7528844995082163e-05,
2024-11-20,1,2,SOLUSDT:0.1000,BTCUSDT:-0.1000;ETHUSDT:-0.1000,0.30000000000000004,0.0002729994522854804,
2024-11-21,1,2,SOLUSDT:0.1000,BTCUSDT:-0.1000;ETHUSDT:-0.1000,0.30000000000000004,0.0007104803494239399,
2024-11-22,1,2,SOLUSDT:0.1000,BTCUSDT:-0.1000;ETHUSDT:-0.1000,0.30000000000000004,7.183458210017036e-05,
2024-11-23,1,2,SOLUSDT:0.1000,BTCUSDT:-0.1000;ETHUSDT:-0.1000,0.30000000000000004,0.00023602901748791312,
2024-11-24,1,2,SOLUSDT:0.1000,BTCUSDT:-0.1000;ETHUSDT:-0.1000,0.30000000000000004,1.405310441155439e-05,
2024-11-25,1,2,ETHUSDT:0.1000,BTCUSDT:-0.1000;SOLUSDT:-0.1000,0.30000000000000004,0.2006314148777986,
2024-11-26,1,2,ETHUSDT:0.1000,BTCUSDT:-0.1000;SOLUSDT:-0.1000,0.30000000000000004,2.2102033682291558e-05,
2024-11-27,1,2,ETHUSDT:0.1000,BTCUSDT:-0.1000;SOLUSDT:-0.1000,0.30000000000000004,0.00011284139618363615,
2024-11-28,1,2,ETHUSDT:0.1000,BTCUSDT:-0.1000;SOLUSDT:-0.1000,0.30000000000000004,3.874523277536938e-06,
2024-11-29,1,2,ETHUSDT:0.1000,BTCUSDT:-0.1000;SOLUSDT:-0.1000,0.30000000000000004,0.0006025693126011192,
2024-11-30,1,2,ETHUSDT:0.1000,BTCUSDT:-0.1000;SOLUSDT:-0.1000,0.30000000000000004,0.0009697752863556796,
2024-12-01,1,2,ETHUSDT:0.1000,BTCUSDT:-0.1000;SOLUSDT:-0.1000,0.30000000000000004,5.839057038663543e-05,
2024-12-02,1,2,ETHUSDT:0.1000,BTCUSDT:-0.1000;SOLUSDT:-0.1000,0.30000000000000004,0.0006538991993781854,
2024-12-03,1,2,ETHUSDT:0.1000,BTCUSDT:-0.1000;SOLUSDT:-0.1000,0.30000000000000004,0.000673632535088575,
2024-12-04,1,2,ETHUSDT:0.1000,BTCUSDT:-0.1000;SOLUSDT:-0.1000,0.30000000000000004,0.0007995247200967961,
2024-12-05,1,2,ETHUSDT:0.1000,BTCUSDT:-0.1000;SOLUSDT:-0.1000,0.30000000000000004,0.00039644625226623834,
2024-12-06,1,2,ETHUSDT:0.1000,BTCUSDT:-0.1000;SOLUSDT:-0.1000,0.30000000000000004,0.0003498546942863144,
2024-12-07,1,2,ETHUSDT:0.1000,BTCUSDT:-0.1000;SOLUSDT:-0.1000,0.30000000000000004,9.917714543971209e-05,
2024-12-08,1,2,ETHUSDT:0.1000,BTCUSDT:-0.1000;SOLUSDT:-0.1000,0.30000000000000004,0.00010050949421074878,
2024-12-09,1,2,BTCUSDT:0.1000,ETHUSDT:-0.1000;SOLUSDT:-0.1000,0.30000000000000004,0.19977679177733948,
2024-12-10,1,2,BTCUSDT:0.1000,ETHUSDT:-0.1000;SOLUSDT:-0.1000,0.30000000000000004,0.0004123891019009858,
2024-12-11,1,2,BTCUSDT:0.1000,ETHUSDT:-0.1000;SOLUSDT:-0.1000,0.30000000000000004,0.0011055103077118092,
2024-12-12,1,2,ETHUSDT:0.1000,BTCUSDT:-0.1000;SOLUSDT:-0.1000,0.30000000000000004,0.2003701219312819,
2024-12-13,1,2,ETHUSDT:0.1000,BTCUSDT:-0.1000;SOLUSDT:-0.1000,0.30000000000000004,7.911015226794412e-06,
2024-12-14,1,2,ETHUSDT:0.1000,BTCUSDT:-0.1000;SOLUSDT:-0.1000,0.30000000000000004,0.00018141489522112116,
2024-12-15,1,2,ETHUSDT:0.1000,BTCUSDT:-0.1000;SOLUSDT:-0.1000,0.30000000000000004,0.00040633324066600203,
2024-12-16,1,2,ETHUSDT:0.1000,BTCUSDT:-0.1000;SOLUSDT:-0.1000,0.30000000000000004,0.0004177911851793643,
2024-12-17,1,2,ETHUSDT:0.1000,BTCUSDT:-0.1000;SOLUSDT:-0.1000,0.30000000000000004,0.0008573396493392623,
2024-12-18,1,2,BTCUSDT:0.1000,ETHUSDT:-0.1000;SOLUSDT:-0.1000,0.30000000000000004,0.19972296355144725,
2024-12-19,1,2,BTCUSDT:0.1000,ETHUSDT:-0.1000;SOLUSDT:-0.1000,0.30000000000000004,0.0013424753767974813,
2024-12-20,1,2,ETHUSDT:0.1000,BTCUSDT:-0.1000;SOLUSDT:-0.1000,0.30000000000000004,0.2002637936447916,
2024-12-21,1,2,BTCUSDT:0.1000,ETHUSDT:-0.1000;SOLUSDT:-0.1000,0.30000000000000004,0.1998745017534977,
2024-12-22,1,2,BTCUSDT:0.1000,ETHUSDT:-0.1000;SOLUSDT:-0.1000,0.30000000000000004,1.6943383032407885e-05,
2024-12-23,1,2,ETHUSDT:0.1000,BTCUSDT:-0.1000;SOLUSDT:-0.1000,0.30000000000000004,0.20153296943296395,
2024-12-24,1,2,ETHUSDT:0.1000,BTCUSDT:-0.1000;SOLUSDT:-0.1000,0.30000000000000004,0.0008591798090045442,
2024-12-25,1,2,BTCUSDT:0.1000,ETHUSDT:-0.1000;SOLUSDT:-0.1000,0.30000000000000004,0.20015800452360022,
2024-12-26,1,2,BTCUSDT:0.1000,ETHUSDT:-0.1000;SOLUSDT:-0.1000,0.30000000000000004,0.0008040748558575859,
2024-12-27,1,2,BTCUSDT:0.1000,ETHUSDT:-0.1000;SOLUSDT:-0.1000,0.30000000000000004,0.00010450587093714347,
2024-12-28,1,2,BTCUSDT:0.1000,ETHUSDT:-0.1000;SOLUSDT:-0.1000,0.30000000000000004,0.0010786556088502885,
2024-12-29,1,2,ETHUSDT:0.1000,BTCUSDT:-0.1000;SOLUSDT:-0.1000,0.30000000000000004,0.19990322275960068,
2024-12-30,1,2,BTCUSDT:0.1000,ETHUSDT:-0.1000;SOLUSDT:-0.1000,0.30000000000000004,0.2000200071461537,
2024-12-31,1,2,BTCUSDT:0.1000,ETHUSDT:-0.1000;SOLUSDT:-0.1000,0.30000000000000004,0.00036785998055903913,
2025-01-01,1,2,BTCUSDT:0.1000,ETHUSDT:-0.1000;SOLUSDT:-0.1000,0.30000000000000004,0.00033413145162616435,
2025-01-02,1,2,BTCUSDT:0.1000,ETHUSDT:-0.1000;SOLUSDT:-0.1000,0.30000000000000004,0.001133717252057366,
2025-01-03,1,2,SOLUSDT:0.1000,BTCUSDT:-0.1000;ETHUSDT:-0.1000,0.30000000000000004,0.20122606973617474,
2025-01-04,1,2,BTCUSDT:0.1000,ETHUSDT:-0.1000;SOLUSDT:-0.1000,0.30000000000000004,0.20035405057993325,
2025-01-05,1,2,BTCUSDT:0.1000,ETHUSDT:-0.1000;SOLUSDT:-0.1000,0.30000000000000004,0.00031290998984912204,
2025-01-06,1,2,BTCUSDT:0.1000,ETHUSDT:-0.1000;SOLUSDT:-0.1000,0.30000000000000004,3.798331695421794e-05,
2025-01-07,1,2,BTCUSDT:0.1000,ETHUSDT:-0.1000;SOLUSDT:-0.1000,0.30000000000000004,0.001561241989329228,
2025-01-08,1,2,BTCUSDT:0.1000,ETHUSDT:-0.1000;SOLUSDT:-0.1000,0.30000000000000004,0.00029280238785943147,
2025-01-09,1,2,BTCUSDT:0.1000,ETHUSDT:-0.1000;SOLUSDT:-0.1000,0.30000000000000004,0.0010293952555048384,
2025-01-10,1,2,BTCUSDT:0.1000,ETHUSDT:-0.1000;SOLUSDT:-0.1000,0.30000000000000004,8.861250986143378e-05,
2025-01-11,1,2,BTCUSDT:0.1000,ETHUSDT:-0.1000;SOLUSDT:-0.1000,0.30000000000000004,0.00012496766827736506,
2025-01-12,1,2,BTCUSDT:0.1000,ETHUSDT:-0.1000;SOLUSDT:-0.1000,0.30000000000000004,2.8710909759834393e-05,
2025-01-13,1,2,BTCUSDT:0.1000,ETHUSDT:-0.1000;SOLUSDT:-0.1000,0.30000000000000004,0.0010353476065867156,
2025-01-14,1,2,BTCUSDT:0.1000,ETHUSDT:-0.1000;SOLUSDT:-0.1000,0.30000000000000004,0.0004837208813087962,
2025-01-15,1,2,SOLUSDT:0.1000,BTCUSDT:-0.1000;ETHUSDT:-0.1000,0.30000000000000004,0.2019588929607003,
2025-01-16,1,2,SOLUSDT:0.1000,BTCUSDT:-0.1000;ETHUSDT:-0.1000,0.30000000000000004,0.0010510076238489396,
2025-01-17,1,2,SOLUSDT:0.1000,BTCUSDT:-0.1000;ETHUSDT:-0.1000,0.30000000000000004,0.0007706955780295387,
2025-01-18,1,2,SOLUSDT:0.1000,BTCUSDT:-0.1000;ETHUSDT:-0.1000,0.30000000000000004,0.0034649836649033026,
2025-01-19,1,2,SOLUSDT:0.1000,BTCUSDT:-0.1000;ETHUSDT:-0.1000,0.30000000000000004,0.0003424623770097874,
2025-01-20,1,2,SOLUSDT:0.1000,BTCUSDT:-0.1000;ETHUSDT:-0.1000,0.30000000000000004,0.0011003342104746602,
2025-01-21,1,2,SOLUSDT:0.1000,BTCUSDT:-0.1000;ETHUSDT:-0.1000,0.30000000000000004,0.0002476177179471508,
2025-01-22,1,2,SOLUSDT:0.1000,BTCUSDT:-0.1000;ETHUSDT:-0.1000,0.30000000000000004,0.0011414452775333544,
2025-01-23,1,2,SOLUSDT:0.1000,BTCUSDT:-0.1000;ETHUSDT:-0.1000,0.30000000000000004,0.0007261718150251118,
2025-01-24,1,2,SOLUSDT:0.1000,BTCUSDT:-0.1000;ETHUSDT:-0.1000,0.30000000000000004,7.521234510019254e-06,
2025-01-25,1,2,SOLUSDT:0.1000,BTCUSDT:-0.1000;ETHUSDT:-0.1000,0.30000000000000004,0.00015653800714910383,
2025-01-26,1,2,SOLUSDT:0.1000,BTCUSDT:-0.1000;ETHUSDT:-0.1000,0.30000000000000004,0.00023468495291509907,
2025-01-27,1,2,SOLUSDT:0.1000,BTCUSDT:-0.1000;ETHUSDT:-0.1000,0.30000000000000004,3.7761193169123546e-05,
2025-01-28,1,2,SOLUSDT:0.1000,BTCUSDT:-0.1000;ETHUSDT:-0.1000,0.30000000000000004,0.00010205345809563102,
2025-01-29,1,2,BTCUSDT:0.1000,ETHUSDT:-0.1000;SOLUSDT:-0.1000,0.30000000000000004,0.2004955321823732,
2025-01-30,1,2,SOLUSDT:0.1000,BTCUSDT:-0.1000;ETHUSDT:-0.1000,0.30000000000000004,0.20123185407670466,
2025-01-31,1,2,SOLUSDT:0.1000,BTCUSDT:-0.1000;ETHUSDT:-0.1000,0.30000000000000004,0.0003568766845459517,
2025-02-01,1,2,BTCUSDT:0.1000,ETHUSDT:-0.1000;SOLUSDT:-0.1000,0.30000000000000004,0.20014993082151752,
2025-02-02,1,2,BTCUSDT:0.1000,ETHUSDT:-0.1000;SOLUSDT:-0.1000,0.30000000000000004,0.0013866475669029514,
2025-02-03,1,2,BTCUSDT:0.1000,ETHUSDT:-0.1000;SOLUSDT:-0.1000,0.30000000000000004,0.0004421004900383783,
2025-02-04,1,2,BTCUSDT:0.1000,ETHUSDT:-0.1000;SOLUSDT:-0.1000,0.30000000000000004,0.0009126551784850149,
2025-02-05,1,2,BTCUSDT:0.1000,ETHUSDT:-0.1000;SOLUSDT:-0.1000,0.30000000000000004,0.000267974271791557,
2025-02-06,1,2,BTCUSDT:0.1000,ETHUSDT:-0.1000;SOLUSDT:-0.1000,0.30000000000000004,0.001037943700546335,
2025-02-07,1,2,BTCUSDT:0.1000,ETHUSDT:-0.1000;SOLUSDT:-0.1000,0.30000000000000004,0.00016185482430530385,
2025-02-08,1,2,SOLUSDT:0.1000,BTCUSDT:-0.1000;ETHUSDT:-0.1000,0.30000000000000004,0.2006770037868143,
2025-02-09,1,2,SOLUSDT:0.1000,BTCUSDT:-0.1000;ETHUSDT:-0.1000,0.30000000000000004,8.568376265618002e-05,
2025-02-10,1,2,SOLUSDT:0.1000,BTCUSDT:-0.1000;ETHUSDT:-0.1000,0.30000000000000004,0.00034319997315928203,
2025-02-11,1,2,SOLUSDT:0.1000,BTCUSDT:-0.1000;ETHUSDT:-0.1000,0.30000000000000004,0.0004017283071493662,
2025-02-12,1,2,SOLUSDT:0.1000,BTCUSDT:-0.1000;ETHUSDT:-0.1000,0.30000000000000004,0.0012092755902680578,
2025-02-13,1,2,SOLUSDT:0.1000,BTCUSDT:-0.1000;ETHUSDT:-0.1000,0.30000000000000004,0.0003373241764428262,
2025-02-14,1,2,SOLUSDT:0.1000,BTCUSDT:-0.1000;ETHUSDT:-0.1000,0.30000000000000004,1.806083900896029e-05,
2025-02-15,1,2,BTCUSDT:0.1000,ETHUSDT:-0.1000;SOLUSDT:-0.1000,0.30000000000000004,0.20023822067668634,
2025-02-16,1,2,BTCUSDT:0.1000,ETHUSDT:-0.1000;SOLUSDT:-0.1000,0.30000000000000004,0.00040476996536022326,
2025-02-17,1,2,BTCUSDT:0.1000,ETHUSDT:-0.1000;SOLUSDT:-0.1000,0.30000000000000004,0.0003313108296399273,
2025-02-18,1,2,BTCUSDT:0.1000,ETHUSDT:-0.1000;SOLUSDT:-0.1000,0.30000000000000004,0.0010675477903355271,
2025-02-19,1,2,BTCUSDT:0.1000,ETHUSDT:-0.1000;SOLUSDT:-0.1000,0.30000000000000004,5.940947346699452e-05,
2025-02-20,1,2,BTCUSDT:0.1000,ETHUSDT:-0.1000;SOLUSDT:-0.1000,0.30000000000000004,0.0004970327348172245,
2025-02-21,1,2,BTCUSDT:0.1000,ETHUSDT:-0.1000;SOLUSDT:-0.1000,0.30000000000000004,0.0006918601192060492,
2025-02-22,1,2,BTCUSDT:0.1000,ETHUSDT:-0.1000;SOLUSDT:-0.1000,0.30000000000000004,0.0007958416811980897,
2025-02-23,1,2,BTCUSDT:0.1000,ETHUSDT:-0.1000;SOLUSDT:-0.1000,0.30000000000000004,9.704228832756045e-06,
2025-02-24,1,2,BTCUSDT:0.1000,ETHUSDT:-0.1000;SOLUSDT:-0.1000,0.30000000000000004,0.0031620122339916907,
2025-02-25,1,2,BTCUSDT:0.1000,ETHUSDT:-0.1000;SOLUSDT:-0.1000,0.30000000000000004,0.0006335952974771971,
2025-02-26,1,2,BTCUSDT:0.1000,ETHUSDT:-0.1000;SOLUSDT:-0.1000,0.30000000000000004,0.001131222874828691,
2025-02-27,1,2,BTCUSDT:0.1000,ETHUSDT:-0.1000;SOLUSDT:-0.1000,0.30000000000000004,7.509516251275422e-06,
2025-02-28,1,2,BTCUSDT:0.1000,ETHUSDT:-0.1000;SOLUSDT:-0.1000,0.30000000000000004,0.0007580607224293622,
2025-03-01,1,2,BTCUSDT:0.1000,ETHUSDT:-0.1000;SOLUSDT:-0.1000,0.30000000000000004,0.0008903911143971067,
2025-03-02,1,2,BTCUSDT:0.1000,ETHUSDT:-0.1000;SOLUSDT:-0.1000,0.30000000000000004,0.15001800216025923,daily_loss_flatten
2025-03-03,1,2,BTCUSDT:0.1000,ETHUSDT:-0.1000;SOLUSDT:-0.1000,0.30000000000000004,0.003871783645246757,
2025-03-04,1,2,BTCUSDT:0.1000,ETHUSDT:-0.1000;SOLUSDT:-0.1000,0.30000000000000004,0.00025307547123670543,
2025-03-05,1,2,BTCUSDT:0.1000,ETHUSDT:-0.1000;SOLUSDT:-0.1000,0.30000000000000004,6.391298623010024e-05,
2025-03-06,1,2,BTCUSDT:0.1000,ETHUSDT:-0.1000;SOLUSDT:-0.1000,0.30000000000000004,0.0004498647425835939,
2025-03-07,1,2,BTCUSDT:0.1000,ETHUSDT:-0.1000;SOLUSDT:-0.1000,0.30000000000000004,0.0002989402398907941,
2025-03-08,1,2,BTCUSDT:0.1000,ETHUSDT:-0.1000;SOLUSDT:-0.1000,0.30000000000000004,0.0002768795897481429,
2025-03-09,1,2,BTCUSDT:0.1000,ETHUSDT:-0.1000;SOLUSDT:-0.1000,0.30000000000000004,0.001430446441696264,
2025-03-10,1,2,BTCUSDT:0.1000,ETHUSDT:-0.1000;SOLUSDT:-0.1000,0.30000000000000004,0.0017033184227974428,
2025-03-11,1,2,BTCUSDT:0.1000,ETHUSDT:-0.1000;SOLUSDT:-0.1000,0.30000000000000004,0.0005335911272655963,
2025-03-12,1,2,BTCUSDT:0.1000,ETHUSDT:-0.1000;SOLUSDT:-0.1000,0.30000000000000004,0.00010247483549596326,
2025-03-13,1,2,BTCUSDT:0.1000,ETHUSDT:-0.1000;SOLUSDT:-0.1000,0.30000000000000004,0.0002660639849383362,
2025-03-14,1,2,BTCUSDT:0.1000,ETHUSDT:-0.1000;SOLUSDT:-0.1000,0.30000000000000004,0.001095474078743723,
2025-03-15,1,2,BTCUSDT:0.1000,ETHUSDT:-0.1000;SOLUSDT:-0.1000,0.30000000000000004,0.00039475022445383646,
2025-03-16,1,2,BTCUSDT:0.1000,ETHUSDT:-0.1000;SOLUSDT:-0.1000,0.30000000000000004,0.0011433763489848217,
2025-03-17,1,2,BTCUSDT:0.1000,ETHUSDT:-0.1000;SOLUSDT:-0.1000,0.30000000000000004,0.0002794563382338954,
2025-03-18,1,2,BTCUSDT:0.1000,ETHUSDT:-0.1000;SOLUSDT:-0.1000,0.30000000000000004,4.145855689085676e-05,
2025-03-19,1,2,BTCUSDT:0.1000,ETHUSDT:-0.1000;SOLUSDT:-0.1000,0.30000000000000004,0.0014331154334253065,
2025-03-20,1,2,BTCUSDT:0.1000,ETHUSDT:-0.1000;SOLUSDT:-0.1000,0.30000000000000004,0.0009307216390745793,
2025-03-21,1,2,BTCUSDT:0.1000,ETHUSDT:-0.1000;SOLUSDT:-0.1000,0.30000000000000004,1.1654957420805917e-05,
2025-03-22,1,2,BTCUSDT:0.1000,ETHUSDT:-0.1000;SOLUSDT:-0.1000,0.30000000000000004,0.00016359158964875583,
2025-03-23,1,2,BTCUSDT:0.1000,ETHUSDT:-0.1000;SOLUSDT:-0.1000,0.30000000000000004,0.0002982593613580516,
2025-03-24,1,2,BTCUSDT:0.1000,ETHUSDT:-0.1000;SOLUSDT:-0.1000,0.30000000000000004,0.0012513004323727545,
2025-03-25,1,2,SOLUSDT:0.1000,BTCUSDT:-0.1000;ETHUSDT:-0.1000,0.30000000000000004,0.20021993187446846,
2025-03-26,1,2,SOLUSDT:0.1000,BTCUSDT:-0.1000;ETHUSDT:-0.1000,0.30000000000000004,0.00018977904468204815,
2025-03-27,1,2,BTCUSDT:0.1000,ETHUSDT:-0.1000;SOLUSDT:-0.1000,0.30000000000000004,0.19999520039997187,
2025-03-28,1,2,BTCUSDT:0.1000,ETHUSDT:-0.1000;SOLUSDT:-0.1000,0.30000000000000004,0.0012551328145055125,
2025-03-29,1,2,BTCUSDT:0.1000,ETHUSDT:-0.1000;SOLUSDT:-0.1000,0.30000000000000004,0.0007903319809227901,
2025-03-30,1,2,BTCUSDT:0.1000,ETHUSDT:-0.1000;SOLUSDT:-0.1000,0.30000000000000004,9.327807539895391e-05,
2025-03-31,1,2,BTCUSDT:0.1000,ETHUSDT:-0.1000;SOLUSDT:-0.1000,0.30000000000000004,6.116823172014498e-05,
2025-04-01,1,2,BTCUSDT:0.1000,ETHUSDT:-0.1000;SOLUSDT:-0.1000,0.30000000000000004,0.0004639957244419698,
2025-04-02,1,2,BTCUSDT:0.1000,ETHUSDT:-0.1000;SOLUSDT:-0.1000,0.30000000000000004,0.0014851382875485939,
2025-04-03,1,2,BTCUSDT:0.1000,ETHUSDT:-0.1000;SOLUSDT:-0.1000,0.30000000000000004,2.74187419806516e-05,
2025-04-04,1,2,BTCUSDT:0.1000,ETHUSDT:-0.1000;SOLUSDT:-0.1000,0.30000000000000004,0.0005981634835019178,
2025-04-05,1,2,BTCUSDT:0.1000,ETHUSDT:-0.1000;SOLUSDT:-0.1000,0.30000000000000004,0.00032817804723037276,
2025-04-06,1,2,BTCUSDT:0.1000,ETHUSDT:-0.1000;SOLUSDT:-0.1000,0.30000000000000004,0.002698990938611001,
2025-04-07,1,2,BTCUSDT:0.1000,ETHUSDT:-0.1000;SOLUSDT:-0.1000,0.30000000000000004,0.00025257836818255833,
2025-04-08,1,2,BTCUSDT:0.1000,ETHUSDT:-0.1000;SOLUSDT:-0.1000,0.30000000000000004,0.0004537477649051823,
2025-04-09,1,2,BTCUSDT:0.1000,ETHUSDT:-0.1000;SOLUSDT:-0.1000,0.30000000000000004,0.0027596439182231472,
2025-04-10,1,2,BTCUSDT:0.1000,ETHUSDT:-0.1000;SOLUSDT:-0.1000,0.30000000000000004,0.001547618974212252,
2025-04-11,1,2,BTCUSDT:0.1000,ETHUSDT:-0.1000;SOLUSDT:-0.1000,0.30000000000000004,0.0008672549223239346,
2025-04-12,1,2,SOLUSDT:0.1000,BTCUSDT:-0.1000;ETHUSDT:-0.1000,0.30000000000000004,0.2018026364958038,
2025-04-13,1,2,SOLUSDT:0.1000,BTCUSDT:-0.1000;ETHUSDT:-0.1000,0.30000000000000004,0.00023045049223738336,
2025-04-14,1,2,SOLUSDT:0.1000,BTCUSDT:-0.1000;ETHUSDT:-0.1000,0.30000000000000004,0.00027464791503828325,
2025-04-15,1,2,SOLUSDT:0.1000,BTCUSDT:-0.1000;ETHUSDT:-0.1000,0.30000000000000004,0.00010967023714166182,
2025-04-16,1,2,SOLUSDT:0.1000,BTCUSDT:-0.1000;ETHUSDT:-0.1000,0.30000000000000004,0.0006612747217042311,
2025-04-17,1,2,SOLUSDT:0.1000,BTCUSDT:-0.1000;ETHUSDT:-0.1000,0.30000000000000004,0.00017024767449310603,
2025-04-18,1,2,SOLUSDT:0.1000,BTCUSDT:-0.1000;ETHUSDT:-0.1000,0.30000000000000004,4.8753192288654006e-05,
2025-04-19,1,2,SOLUSDT:0.1000,BTCUSDT:-0.1000;ETHUSDT:-0.1000,0.30000000000000004,0.0003058383267310196,
2025-04-20,1,2,SOLUSDT:0.1000,BTCUSDT:-0.1000;ETHUSDT:-0.1000,0.30000000000000004,8.795698235644179e-06,
2025-04-21,1,2,SOLUSDT:0.1000,BTCUSDT:-0.1000;ETHUSDT:-0.1000,0.30000000000000004,0.0004803969343383323,
2025-04-22,1,2,SOLUSDT:0.1000,BTCUSDT:-0.1000;ETHUSDT:-0.1000,0.30000000000000004,0.0013630440733304492,
2025-04-23,1,2,SOLUSDT:0.1000,BTCUSDT:-0.1000;ETHUSDT:-0.1000,0.30000000000000004,0.0001330231348710161,
2025-04-24,1,2,SOLUSDT:0.1000,BTCUSDT:-0.1000;ETHUSDT:-0.1000,0.30000000000000004,0.00030787003556632947,
2025-04-25,1,2,SOLUSDT:0.1000,BTCUSDT:-0.1000;ETHUSDT:-0.1000,0.30000000000000004,0.00040269604551290396,
2025-04-26,1,2,BTCUSDT:0.1000,ETHUSDT:-0.1000;SOLUSDT:-0.1000,0.30000000000000004,0.20049693203739932,
2025-04-27,1,2,SOLUSDT:0.1000,BTCUSDT:-0.1000;ETHUSDT:-0.1000,0.30000000000000004,0.19996346828254086,
2025-04-28,1,2,SOLUSDT:0.1000,BTCUSDT:-0.1000;ETHUSDT:-0.1000,0.30000000000000004,0.0003189935840882513,
2025-04-29,1,2,SOLUSDT:0.1000,BTCUSDT:-0.1000;ETHUSDT:-0.1000,0.30000000000000004,1.6897618811288653e-05,
2025-04-30,1,2,SOLUSDT:0.1000,BTCUSDT:-0.1000;ETHUSDT:-0.1000,0.30000000000000004,0.00017633225709092002,
2025-05-01,1,2,SOLUSDT:0.1000,BTCUSDT:-0.1000;ETHUSDT:-0.1000,0.30000000000000004,0.00040795552875279295,
2025-05-02,1,2,SOLUSDT:0.1000,BTCUSDT:-0.1000;ETHUSDT:-0.1000,0.30000000000000004,0.000375991196305732,
2025-05-03,1,2,SOLUSDT:0.1000,BTCUSDT:-0.1000;ETHUSDT:-0.1000,0.30000000000000004,9.692234299566815e-05,
2025-05-04,1,2,SOLUSDT:0.1000,BTCUSDT:-0.1000;ETHUSDT:-0.1000,0.30000000000000004,0.00016677835883400764,
2025-05-05,1,2,SOLUSDT:0.1000,BTCUSDT:-0.1000;ETHUSDT:-0.1000,0.30000000000000004,0.00012059696121444882,
2025-05-06,1,2,SOLUSDT:0.1000,BTCUSDT:-0.1000;ETHUSDT:-0.1000,0.30000000000000004,0.0002897109516132625,
2025-05-07,1,2,SOLUSDT:0.1000,BTCUSDT:-0.1000;ETHUSDT:-0.1000,0.30000000000000004,6.573553788068721e-05,
2025-05-08,1,2,ETHUSDT:0.1000,BTCUSDT:-0.1000;SOLUSDT:-0.1000,0.30000000000000004,0.20257836526231393,
2025-05-09,1,2,ETHUSDT:0.1000,BTCUSDT:-0.1000;SOLUSDT:-0.1000,0.30000000000000004,0.00019448663810854315,
2025-05-10,1,2,ETHUSDT:0.1000,BTCUSDT:-0.1000;SOLUSDT:-0.1000,0.30000000000000004,0.000802293524232246,
2025-05-11,1,2,ETHUSDT:0.1000,BTCUSDT:-0.1000;SOLUSDT:-0.1000,0.30000000000000004,0.00010537728718036927,
2025-05-12,1,2,ETHUSDT:0.1000,BTCUSDT:-0.1000;SOLUSDT:-0.1000,0.30000000000000004,1.2378624017560683e-05,
2025-05-13,1,2,ETHUSDT:0.1000,BTCUSDT:-0.1000;SOLUSDT:-0.1000,0.30000000000000004,8.960560720541104e-05,
2025-05-14,1,2,ETHUSDT:0.1000,BTCUSDT:-0.1000;SOLUSDT:-0.1000,0.30000000000000004,0.0002853015569752396,
2025-05-15,1,2,ETHUSDT:0.1000,BTCUSDT:-0.1000;SOLUSDT:-0.1000,0.30000000000000004,0.0002448131998129341,
2025-05-16,1,2,ETHUSDT:0.1000,BTCUSDT:-0.1000;SOLUSDT:-0.1000,0.30000000000000004,0.00012625386264113653,
2025-05-17,1,2,ETHUSDT:0.1000,BTCUSDT:-0.1000;SOLUSDT:-0.1000,0.30000000000000004,0.0001856928566759323,
2025-05-18,1,2,ETHUSDT:0.1000,BTCUSDT:-0.1000;SOLUSDT:-0.1000,0.30000000000000004,0.0010188907655090996,
2025-05-19,1,2,ETHUSDT:0.1000,BTCUSDT:-0.1000;SOLUSDT:-0.1000,0.30000000000000004,0.0008590459311088618,
2025-05-20,1,2,ETHUSDT:0.1000,BTCUSDT:-0.1000;SOLUSDT:-0.1000,0.30000000000000004,0.0003611226203156665,
2025-05-21,1,2,ETHUSDT:0.1000,BTCUSDT:-0.1000;SOLUSDT:-0.1000,0.30000000000000004,0.0006803530816951837,
2025-05-22,1,2,ETHUSDT:0.1000,BTCUSDT:-0.1000;SOLUSDT:-0.1000,0.30000000000000004,0.00014122759587817873,
2025-05-23,1,2,ETHUSDT:0.1000,BTCUSDT:-0.1000;SOLUSDT:-0.1000,0.30000000000000004,0.00028474571553919147,
2025-05-24,1,2,ETHUSDT:0.1000,BTCUSDT:-0.1000;SOLUSDT:-0.1000,0.30000000000000004,0.00020002485658898692,
2025-05-25,1,2,ETHUSDT:0.1000,BTCUSDT:-0.1000;SOLUSDT:-0.1000,0.30000000000000004,3.8335596197487604e-05,
2025-05-26,1,2,ETHUSDT:0.1000,BTCUSDT:-0.1000;SOLUSDT:-0.1000,0.30000000000000004,8.615158085434953e-05,
2025-05-27,1,2,ETHUSDT:0.1000,BTCUSDT:-0.1000;SOLUSDT:-0.1000,0.30000000000000004,0.00047900225451176547,
2025-05-28,1,2,ETHUSDT:0.1000,BTCUSDT:-0.1000;SOLUSDT:-0.1000,0.30000000000000004,0.0006583178414639346,
2025-05-29,1,2,ETHUSDT:0.1000,BTCUSDT:-0.1000;SOLUSDT:-0.1000,0.30000000000000004,0.0005003527151599894,
2025-05-30,1,2,ETHUSDT:0.1000,BTCUSDT:-0.1000;SOLUSDT:-0.1000,0.30000000000000004,0.0005947063546850296,
2025-05-31,1,2,ETHUSDT:0.1000,BTCUSDT:-0.1000;SOLUSDT:-0.1000,0.30000000000000004,0.00012320696359136225,
2025-06-01,1,2,ETHUSDT:0.1000,BTCUSDT:-0.1000;SOLUSDT:-0.1000,0.30000000000000004,0.00020699472408430882,
2025-06-02,1,2,ETHUSDT:0.1000,BTCUSDT:-0.1000;SOLUSDT:-0.1000,0.30000000000000004,0.0004549153258504212,
2025-06-03,1,2,ETHUSDT:0.1000,BTCUSDT:-0.1000;SOLUSDT:-0.1000,0.30000000000000004,0.00014489625720202364,
2025-06-04,1,2,ETHUSDT:0.1000,BTCUSDT:-0.1000;SOLUSDT:-0.1000,0.30000000000000004,0.0003645664225730535,
2025-06-05,1,2,ETHUSDT:0.1000,BTCUSDT:-0.1000;SOLUSDT:-0.1000,0.30000000000000004,0.00021953539226066113,
2025-06-06,1,2,ETHUSDT:0.1000,BTCUSDT:-0.1000;SOLUSDT:-0.1000,0.30000000000000004,0.0003931069441955273,
2025-06-07,1,2,ETHUSDT:0.1000,BTCUSDT:-0.1000;SOLUSDT:-0.1000,0.30000000000000004,0.00011690965926143275,
2025-06-08,1,2,ETHUSDT:0.1000,BTCUSDT:-0.1000;SOLUSDT:-0.1000,0.30000000000000004,0.0003535450226249554,
2025-06-09,1,2,BTCUSDT:0.1000,ETHUSDT:-0.1000;SOLUSDT:-0.1000,0.30000000000000004,0.20051683749661056,
2025-06-10,1,2,ETHUSDT:0.1000,BTCUSDT:-0.1000;SOLUSDT:-0.1000,0.30000000000000004,0.20119900505141572,
2025-06-11,1,2,ETHUSDT:0.1000,BTCUSDT:-0.1000;SOLUSDT:-0.1000,0.30000000000000004,0.0003356473723209329,
2025-06-12,1,2,ETHUSDT:0.1000,BTCUSDT:-0.1000;SOLUSDT:-0.1000,0.30000000000000004,0.0005194553784750281,
2025-06-13,1,2,BTCUSDT:0.1000,ETHUSDT:-0.1000;SOLUSDT:-0.1000,0.30000000000000004,0.20008726656706174,
2025-06-14,1,2,BTCUSDT:0.1000,ETHUSDT:-0.1000;SOLUSDT:-0.1000,0.30000000000000004,0.000564144951091974,
2025-06-15,1,2,BTCUSDT:0.1000,ETHUSDT:-0.1000;SOLUSDT:-0.1000,0.30000000000000004,0.0009453495660067723,
2025-06-16,1,2,BTCUSDT:0.1000,ETHUSDT:-0.1000;SOLUSDT:-0.1000,0.30000000000000004,0.00040819049332033733,
2025-06-17,1,2,BTCUSDT:0.1000,ETHUSDT:-0.1000;SOLUSDT:-0.1000,0.30000000000000004,0.0002025221190328602,
2025-06-18,1,2,BTCUSDT:0.1000,ETHUSDT:-0.1000;SOLUSDT:-0.1000,0.30000000000000004,8.291920237184247e-05,
2025-06-19,1,2,ETHUSDT:0.1000,BTCUSDT:-0.1000;SOLUSDT:-0.1000,0.30000000000000004,0.20011443513203656,
2025-06-20,1,2,BTCUSDT:0.1000,ETHUSDT:-0.1000;SOLUSDT:-0.1000,0.30000000000000004,0.19996658367598985,
2025-06-21,1,2,BTCUSDT:0.1000,ETHUSDT:-0.1000;SOLUSDT:-0.1000,0.30000000000000004,0.0009943058199862352,
2025-06-22,1,2,BTCUSDT:0.1000,ETHUSDT:-0.1000;SOLUSDT:-0.1000,0.30000000000000004,0.0006785232568636108,
2025-06-23,1,2,BTCUSDT:0.1000,ETHUSDT:-0.1000;SOLUSDT:-0.1000,0.30000000000000004,0.0020714885904144025,
2025-06-24,1,2,BTCUSDT:0.1000,ETHUSDT:-0.1000;SOLUSDT:-0.1000,0.30000000000000004,0.0002736873152067582,
2025-06-25,1,2,BTCUSDT:0.1000,ETHUSDT:-0.1000;SOLUSDT:-0.1000,0.30000000000000004,0.0006010978059241576,
2025-06-26,1,2,BTCUSDT:0.1000,ETHUSDT:-0.1000;SOLUSDT:-0.1000,0.30000000000000004,0.00043489842464388236,
2025-06-27,1,2,BTCUSDT:0.1000,ETHUSDT:-0.1000;SOLUSDT:-0.1000,0.30000000000000004,0.00036539070539076245,
2025-06-28,1,2,BTCUSDT:0.1000,ETHUSDT:-0.1000;SOLUSDT:-0.1000,0.30000000000000004,0.0009630490583232671,
2025-06-29,1,2,SOLUSDT:0.1000,BTCUSDT:-0.1000;ETHUSDT:-0.1000,0.30000000000000004,0.20053438818948036,
2025-06-30,1,2,SOLUSDT:0.1000,BTCUSDT:-0.1000;ETHUSDT:-0.1000,0.30000000000000004,0.000382794901886286,
2025-07-01,1,2,BTCUSDT:0.1000,ETHUSDT:-0.1000;SOLUSDT:-0.1000,0.30000000000000004,0.2001118537917564,
2025-07-02,1,2,BTCUSDT:0.1000,ETHUSDT:-0.1000;SOLUSDT:-0.1000,0.30000000000000004,0.0011721277128525626,
2025-07-03,1,2,BTCUSDT:0.1000,ETHUSDT:-0.1000;SOLUSDT:-0.1000,0.30000000000000004,2.6720834267697038e-05,
2025-07-04,1,2,BTCUSDT:0.1000,ETHUSDT:-0.1000;SOLUSDT:-0.1000,0.30000000000000004,0.0007204964641876036,
2025-07-05,1,2,BTCUSDT:0.1000,ETHUSDT:-0.1000;SOLUSDT:-0.1000,0.30000000000000004,9.830848064585316e-06,
2025-07-06,1,2,ETHUSDT:0.1000,BTCUSDT:-0.1000;SOLUSDT:-0.1000,0.30000000000000004,0.2006558179860876,
2025-07-07,1,2,BTCUSDT:0.1000,ETHUSDT:-0.1000;SOLUSDT:-0.1000,0.30000000000000004,0.19995287126027794,
2025-07-08,1,2,ETHUSDT:0.1000,BTCUSDT:-0.1000;SOLUSDT:-0.1000,0.30000000000000004,0.20067387057185107,
2025-07-09,1,2,ETHUSDT:0.1000,BTCUSDT:-0.1000;SOLUSDT:-0.1000,0.30000000000000004,3.1757523910131446e-06,
2025-07-10,1,2,ETHUSDT:0.1000,BTCUSDT:-0.1000;SOLUSDT:-0.1000,0.30000000000000004,0.0003516452267242491,
2025-07-11,1,2,ETHUSDT:0.1000,BTCUSDT:-0.1000;SOLUSDT:-0.1000,0.30000000000000004,3.501401502559151e-05,
2025-07-12,1,2,ETHUSDT:0.1000,BTCUSDT:-0.1000;SOLUSDT:-0.1000,0.30000000000000004,0.0001438922632744066,
2025-07-13,1,2,ETHUSDT:0.1000,BTCUSDT:-0.1000;SOLUSDT:-0.1000,0.30000000000000004,0.00010376917760008212,
2025-07-14,1,2,ETHUSDT:0.1000,BTCUSDT:-0.1000;SOLUSDT:-0.1000,0.30000000000000004,1.1937453908627083e-05,
2025-07-15,1,2,ETHUSDT:0.1000,BTCUSDT:-0.1000;SOLUSDT:-0.1000,0.30000000000000004,0.0007089449576679582,
2025-07-16,1,2,ETHUSDT:0.1000,BTCUSDT:-0.1000;SOLUSDT:-0.1000,0.30000000000000004,0.00012213549550025375,
2025-07-17,1,2,ETHUSDT:0.1000,BTCUSDT:-0.1000;SOLUSDT:-0.1000,0.30000000000000004,0.00020944216286402194,
2025-07-18,1,2,ETHUSDT:0.1000,BTCUSDT:-0.1000;SOLUSDT:-0.1000,0.30000000000000004,0.0003424982372443203,
2025-07-19,1,2,ETHUSDT:0.1000,BTCUSDT:-0.1000;SOLUSDT:-0.1000,0.30000000000000004,0.00022388239012787047,
2025-07-20,1,2,ETHUSDT:0.1000,BTCUSDT:-0.1000;SOLUSDT:-0.1000,0.30000000000000004,0.0003810219923960845,
2025-07-21,1,2,ETHUSDT:0.1000,BTCUSDT:-0.1000;SOLUSDT:-0.1000,0.30000000000000004,0.0011876826395338328,
2025-07-22,1,2,ETHUSDT:0.1000,BTCUSDT:-0.1000;SOLUSDT:-0.1000,0.30000000000000004,0.0011780449158173539,
2025-07-23,1,2,ETHUSDT:0.1000,BTCUSDT:-0.1000;SOLUSDT:-0.1000,0.30000000000000004,0.0008741768498545467,
2025-07-24,1,2,ETHUSDT:0.1000,BTCUSDT:-0.1000;SOLUSDT:-0.1000,0.30000000000000004,0.0008956596995819916,
2025-07-25,1,2,ETHUSDT:0.1000,BTCUSDT:-0.1000;SOLUSDT:-0.1000,0.30000000000000004,0.00015661153616048206,
2025-07-26,1,2,ETHUSDT:0.1000,BTCUSDT:-0.1000;SOLUSDT:-0.1000,0.30000000000000004,0.00017478775240914059,
2025-07-27,1,2,ETHUSDT:0.1000,BTCUSDT:-0.1000;SOLUSDT:-0.1000,0.30000000000000004,2.9323689761972433e-05,
2025-07-28,1,2,ETHUSDT:0.1000,BTCUSDT:-0.1000;SOLUSDT:-0.1000,0.30000000000000004,0.0003196305902899797,
2025-07-29,1,2,ETHUSDT:0.1000,BTCUSDT:-0.1000;SOLUSDT:-0.1000,0.30000000000000004,0.00013500942361375644,
2025-07-30,1,2,ETHUSDT:0.1000,BTCUSDT:-0.1000;SOLUSDT:-0.1000,0.30000000000000004,0.00038952774834613265,
2025-07-31,1,2,ETHUSDT:0.1000,BTCUSDT:-0.1000;SOLUSDT:-0.1000,0.30000000000000004,0.00028891148742378475,
2025-08-01,1,2,ETHUSDT:0.1000,BTCUSDT:-0.1000;SOLUSDT:-0.1000,0.30000000000000004,0.00029580780276364466,
2025-08-02,1,2,ETHUSDT:0.1000,BTCUSDT:-0.1000;SOLUSDT:-0.1000,0.30000000000000004,8.133448530806577e-05,
2025-08-03,1,2,ETHUSDT:0.1000,BTCUSDT:-0.1000;SOLUSDT:-0.1000,0.30000000000000004,9.116891203918368e-05,
2025-08-04,1,2,ETHUSDT:0.1000,BTCUSDT:-0.1000;SOLUSDT:-0.1000,0.30000000000000004,0.00014490664929878966,
2025-08-05,1,2,ETHUSDT:0.1000,BTCUSDT:-0.1000;SOLUSDT:-0.1000,0.30000000000000004,0.0001651017506635806,
2025-08-06,1,2,ETHUSDT:0.1000,BTCUSDT:-0.1000;SOLUSDT:-0.1000,0.30000000000000004,0.00018929967668716036,
2025-08-07,1,2,ETHUSDT:0.1000,BTCUSDT:-0.1000;SOLUSDT:-0.1000,0.30000000000000004,4.3214569329710285e-05,
2025-08-08,1,2,ETHUSDT:0.1000,BTCUSDT:-0.1000;SOLUSDT:-0.1000,0.30000000000000004,0.00036328788649115,
2025-08-09,1,2,ETHUSDT:0.1000,BTCUSDT:-0.1000;SOLUSDT:-0.1000,0.30000000000000004,0.0006914305627105554,
2025-08-10,1,2,ETHUSDT:0.1000,BTCUSDT:-0.1000;SOLUSDT:-0.1000,0.30000000000000004,0.0006326791151707828,
2025-08-11,1,2,ETHUSDT:0.1000,BTCUSDT:-0.1000;SOLUSDT:-0.1000,0.30000000000000004,0.0006216117026967137,
2025-08-12,1,2,ETHUSDT:0.1000,BTCUSDT:-0.1000;SOLUSDT:-0.1000,0.30000000000000004,0.00033520366528024074,
2025-08-13,1,2,ETHUSDT:0.1000,BTCUSDT:-0.1000;SOLUSDT:-0.1000,0.30000000000000004,0.0006562538626884134,
2025-08-14,1,2,ETHUSDT:0.1000,BTCUSDT:-0.1000;SOLUSDT:-0.1000,0.30000000000000004,0.0006573475107543257,
2025-08-15,1,2,ETHUSDT:0.1000,BTCUSDT:-0.1000;SOLUSDT:-0.1000,0.30000000000000004,0.00029260262095548743,
2025-08-16,1,2,ETHUSDT:0.1000,BTCUSDT:-0.1000;SOLUSDT:-0.1000,0.30000000000000004,0.00037988016618601084,
2025-08-17,1,2,ETHUSDT:0.1000,BTCUSDT:-0.1000;SOLUSDT:-0.1000,0.30000000000000004,5.72132285688173e-05,
2025-08-18,1,2,ETHUSDT:0.1000,BTCUSDT:-0.1000;SOLUSDT:-0.1000,0.30000000000000004,0.00025072419418128175,
2025-08-19,1,2,ETHUSDT:0.1000,BTCUSDT:-0.1000;SOLUSDT:-0.1000,0.30000000000000004,0.00015676256983470022,
2025-08-20,1,2,ETHUSDT:0.1000,BTCUSDT:-0.1000;SOLUSDT:-0.1000,0.30000000000000004,0.0002290248525813738,
2025-08-21,1,2,ETHUSDT:0.1000,BTCUSDT:-0.1000;SOLUSDT:-0.1000,0.30000000000000004,0.00045674823168990395,
2025-08-22,1,2,ETHUSDT:0.1000,BTCUSDT:-0.1000;SOLUSDT:-0.1000,0.30000000000000004,0.00013737039403385887,
2025-08-23,1,2,ETHUSDT:0.1000,BTCUSDT:-0.1000;SOLUSDT:-0.1000,0.30000000000000004,0.00023406536476527695,
2025-08-24,1,2,ETHUSDT:0.1000,BTCUSDT:-0.1000;SOLUSDT:-0.1000,0.30000000000000004,0.00011613741201635862,
2025-08-25,1,2,ETHUSDT:0.1000,BTCUSDT:-0.1000;SOLUSDT:-0.1000,0.30000000000000004,0.0005595458750873653,
2025-08-26,1,2,ETHUSDT:0.1000,BTCUSDT:-0.1000;SOLUSDT:-0.1000,0.30000000000000004,0.0001514974915176904,
2025-08-27,1,2,ETHUSDT:0.1000,BTCUSDT:-0.1000;SOLUSDT:-0.1000,0.30000000000000004,0.0007898535505023457,
2025-08-28,1,2,SOLUSDT:0.1000,BTCUSDT:-0.1000;ETHUSDT:-0.1000,0.30000000000000004,0.20104093380253224,
2025-08-29,1,2,SOLUSDT:0.1000,BTCUSDT:-0.1000;ETHUSDT:-0.1000,0.30000000000000004,0.00038033044177621735,
2025-08-30,1,2,SOLUSDT:0.1000,BTCUSDT:-0.1000;ETHUSDT:-0.1000,0.30000000000000004,0.0002803227257857193,
2025-08-31,1,2,ETHUSDT:0.1000,BTCUSDT:-0.1000;SOLUSDT:-0.1000,0.30000000000000004,0.200166292983964,
2025-09-01,1,2,SOLUSDT:0.1000,BTCUSDT:-0.1000;ETHUSDT:-0.1000,0.30000000000000004,0.20020320267163097,
2025-09-02,1,2,SOLUSDT:0.1000,BTCUSDT:-0.1000;ETHUSDT:-0.1000,0.30000000000000004,0.0005955525862364871,
2025-09-03,1,2,SOLUSDT:0.1000,BTCUSDT:-0.1000;ETHUSDT:-0.1000,0.30000000000000004,0.0004142166923644094,
2025-09-04,1,2,SOLUSDT:0.1000,BTCUSDT:-0.1000;ETHUSDT:-0.1000,0.30000000000000004,4.645230550165927e-05,
2025-09-05,1,2,SOLUSDT:0.1000,BTCUSDT:-0.1000;ETHUSDT:-0.1000,0.30000000000000004,5.3058638106822054e-05,
2025-09-06,1,2,SOLUSDT:0.1000,BTCUSDT:-0.1000;ETHUSDT:-0.1000,0.30000000000000004,5.552901598701044e-05,
2025-09-07,1,2,SOLUSDT:0.1000,BTCUSDT:-0.1000;ETHUSDT:-0.1000,0.30000000000000004,0.0002257488683006529,
2025-09-08,1,2,SOLUSDT:0.1000,BTCUSDT:-0.1000;ETHUSDT:-0.1000,0.30000000000000004,0.0004338186706115473,
2025-09-09,1,2,SOLUSDT:0.1000,BTCUSDT:-0.1000;ETHUSDT:-0.1000,0.30000000000000004,0.00026928535281945466,
2025-09-10,1,2,SOLUSDT:0.1000,BTCUSDT:-0.1000;ETHUSDT:-0.1000,0.30000000000000004,1.2115776722374554e-05,
2025-09-11,1,2,SOLUSDT:0.1000,BTCUSDT:-0.1000;ETHUSDT:-0.1000,0.30000000000000004,0.00026466855881439907,
2025-09-12,1,2,SOLUSDT:0.1000,BTCUSDT:-0.1000;ETHUSDT:-0.1000,0.30000000000000004,4.399258860444299e-05,
2025-09-13,1,2,SOLUSDT:0.1000,BTCUSDT:-0.1000;ETHUSDT:-0.1000,0.30000000000000004,0.00017267111649416623,
2025-09-14,1,2,SOLUSDT:0.1000,BTCUSDT:-0.1000;ETHUSDT:-0.1000,0.30000000000000004,0.00012389622753897819,
2025-09-15,1,2,SOLUSDT:0.1000,BTCUSDT:-0.1000;ETHUSDT:-0.1000,0.30000000000000004,9.076100901043489e-05,
2025-09-16,1,2,SOLUSDT:0.1000,BTCUSDT:-0.1000;ETHUSDT:-0.1000,0.30000000000000004,5.683760159605389e-05,
2025-09-17,1,2,SOLUSDT:0.1000,BTCUSDT:-0.1000;ETHUSDT:-0.1000,0.30000000000000004,0.0002472093443916335,
2025-09-18,1,2,SOLUSDT:0.1000,BTCUSDT:-0.1000;ETHUSDT:-0.1000,0.30000000000000004,8.922616794541661e-05,
2025-09-19,1,2,SOLUSDT:0.1000,BTCUSDT:-0.1000;ETHUSDT:-0.1000,0.30000000000000004,3.207420183083552e-05,
2025-09-20,1,2,SOLUSDT:0.1000,BTCUSDT:-0.1000;ETHUSDT:-0.1000,0.30000000000000004,1.4903999404785249e-05,
2025-09-21,1,2,SOLUSDT:0.1000,BTCUSDT:-0.1000;ETHUSDT:-0.1000,0.30000000000000004,3.3358752230190865e-05,
2025-09-22,1,2,SOLUSDT:0.1000,BTCUSDT:-0.1000;ETHUSDT:-0.1000,0.30000000000000004,0.0001646017381477427,
2025-09-23,1,2,BTCUSDT:0.1000,ETHUSDT:-0.1000;SOLUSDT:-0.1000,0.30000000000000004,0.2003047711599001,
2025-09-24,1,2,SOLUSDT:0.1000,BTCUSDT:-0.1000;ETHUSDT:-0.1000,0.30000000000000004,0.19992714788024743,
2025-09-25,1,2,BTCUSDT:0.1000,ETHUSDT:-0.1000;SOLUSDT:-0.1000,0.30000000000000004,0.1999609236567016,
2025-09-26,1,2,BTCUSDT:0.1000,ETHUSDT:-0.1000;SOLUSDT:-0.1000,0.30000000000000004,0.001524091185836232,
2025-09-27,1,2,BTCUSDT:0.1000,ETHUSDT:-0.1000;SOLUSDT:-0.1000,0.30000000000000004,0.00017072266434127876,
2025-09-28,1,2,BTCUSDT:0.1000,ETHUSDT:-0.1000;SOLUSDT:-0.1000,0.30000000000000004,0.0006569116496142021,
2025-09-29,1,2,BTCUSDT:0.1000,ETHUSDT:-0.1000;SOLUSDT:-0.1000,0.30000000000000004,0.0001148308719479257,
2025-09-30,1,2,BTCUSDT:0.1000,ETHUSDT:-0.1000;SOLUSDT:-0.1000,0.30000000000000004,0.0004947027685144613,
2025-10-01,1,2,SOLUSDT:0.1000,BTCUSDT:-0.1000;ETHUSDT:-0.1000,0.30000000000000004,0.20113236896180764,
2025-10-02,1,2,SOLUSDT:0.1000,BTCUSDT:-0.1000;ETHUSDT:-0.1000,0.30000000000000004,0.00012059890324446762,
2025-10-03,1,2,SOLUSDT:0.1000,BTCUSDT:-0.1000;ETHUSDT:-0.1000,0.30000000000000004,0.000430431089488623,
2025-10-04,1,2,SOLUSDT:0.1000,BTCUSDT:-0.1000;ETHUSDT:-0.1000,0.30000000000000004,0.0002562124198370799,
2025-10-05,1,2,BTCUSDT:0.1000,ETHUSDT:-0.1000;SOLUSDT:-0.1000,0.30000000000000004,0.2002092044644045,
2025-10-06,1,2,SOLUSDT:0.1000,BTCUSDT:-0.1000;ETHUSDT:-0.1000,0.30000000000000004,0.20072966035104498,
2025-10-07,1,2,BTCUSDT:0.1000,ETHUSDT:-0.1000;SOLUSDT:-0.1000,0.30000000000000004,0.1999210209581219,
2025-10-08,1,2,BTCUSDT:0.1000,ETHUSDT:-0.1000;SOLUSDT:-0.1000,0.30000000000000004,0.0006701362899931173,
2025-10-09,1,2,BTCUSDT:0.1000,ETHUSDT:-0.1000;SOLUSDT:-0.1000,0.30000000000000004,0.0008505793601143819,
2025-10-10,1,2,BTCUSDT:0.1000,ETHUSDT:-0.1000;SOLUSDT:-0.1000,0.30000000000000004,0.0029735309405400055,
2025-10-11,1,2,BTCUSDT:0.1000,ETHUSDT:-0.1000;SOLUSDT:-0.1000,0.30000000000000004,0.0008389313306490179,
2025-10-12,1,2,BTCUSDT:0.1000,ETHUSDT:-0.1000;SOLUSDT:-0.1000,0.30000000000000004,0.0027504643998908416,
2025-10-13,1,2,BTCUSDT:0.1000,ETHUSDT:-0.1000;SOLUSDT:-0.1000,0.30000000000000004,0.0011962987646174626,
2025-10-14,1,2,BTCUSDT:0.1000,ETHUSDT:-0.1000;SOLUSDT:-0.1000,0.30000000000000004,0.0005810458759017262,
2025-10-15,1,2,BTCUSDT:0.1000,ETHUSDT:-0.1000;SOLUSDT:-0.1000,0.30000000000000004,0.0008367503009035068,
2025-10-16,1,2,BTCUSDT:0.1000,ETHUSDT:-0.1000;SOLUSDT:-0.1000,0.30000000000000004,0.0006886708466965064,
2025-10-17,1,2,BTCUSDT:0.1000,ETHUSDT:-0.1000;SOLUSDT:-0.1000,0.30000000000000004,0.0002287633869335785,
2025-10-18,1,2,BTCUSDT:0.1000,ETHUSDT:-0.1000;SOLUSDT:-0.1000,0.30000000000000004,0.0005815693863903322,
2025-10-19,1,2,BTCUSDT:0.1000,ETHUSDT:-0.1000;SOLUSDT:-0.1000,0.30000000000000004,0.00018055007339528252,
2025-10-20,1,2,BTCUSDT:0.1000,ETHUSDT:-0.1000;SOLUSDT:-0.1000,0.30000000000000004,0.00012380265979499322,
2025-10-21,1,2,BTCUSDT:0.1000,ETHUSDT:-0.1000;SOLUSDT:-0.1000,0.30000000000000004,0.00042275775554591024,
2025-10-22,1,2,BTCUSDT:0.1000,ETHUSDT:-0.1000;SOLUSDT:-0.1000,0.30000000000000004,0.000604885584090817,
2025-10-23,1,2,BTCUSDT:0.1000,ETHUSDT:-0.1000;SOLUSDT:-0.1000,0.30000000000000004,0.0007968949654629599,
2025-10-24,1,2,BTCUSDT:0.1000,ETHUSDT:-0.1000;SOLUSDT:-0.1000,0.30000000000000004,0.00035112351442463376,
2025-10-25,1,2,BTCUSDT:0.1000,ETHUSDT:-0.1000;SOLUSDT:-0.1000,0.30000000000000004,5.435067443378186e-06,
2025-10-26,1,2,BTCUSDT:0.1000,ETHUSDT:-0.1000;SOLUSDT:-0.1000,0.30000000000000004,0.0008696091510414857,
2025-10-27,1,2,BTCUSDT:0.1000,ETHUSDT:-0.1000;SOLUSDT:-0.1000,0.30000000000000004,0.00017867756329353952,
2025-10-28,1,2,BTCUSDT:0.1000,ETHUSDT:-0.1000;SOLUSDT:-0.1000,0.30000000000000004,0.0006925425873666816,
2025-10-29,1,2,BTCUSDT:0.1000,ETHUSDT:-0.1000;SOLUSDT:-0.1000,0.30000000000000004,6.910284309427891e-05,
2025-10-30,1,2,BTCUSDT:0.1000,ETHUSDT:-0.1000;SOLUSDT:-0.1000,0.30000000000000004,0.0008522127027877127,
2025-10-31,1,2,BTCUSDT:0.1000,ETHUSDT:-0.1000;SOLUSDT:-0.1000,0.30000000000000004,0.0002028759281440959,
2025-11-01,1,2,BTCUSDT:0.1000,ETHUSDT:-0.1000;SOLUSDT:-0.1000,0.30000000000000004,3.407421453385429e-05,
2025-11-02,1,2,BTCUSDT:0.1000,ETHUSDT:-0.1000;SOLUSDT:-0.1000,0.30000000000000004,0.0001752105866280573,
2025-11-03,1,2,BTCUSDT:0.1000,ETHUSDT:-0.1000;SOLUSDT:-0.1000,0.30000000000000004,0.0023242753989746122,
2025-11-04,1,2,BTCUSDT:0.1000,ETHUSDT:-0.1000;SOLUSDT:-0.1000,0.30000000000000004,0.001580450296202559,
2025-11-05,1,2,BTCUSDT:0.1000,ETHUSDT:-0.1000;SOLUSDT:-0.1000,0.30000000000000004,0.0009935170132721934,
2025-11-06,1,2,BTCUSDT:0.1000,ETHUSDT:-0.1000;SOLUSDT:-0.1000,0.30000000000000004,0.0007639365706350967,
2025-11-07,1,2,BTCUSDT:0.1000,ETHUSDT:-0.1000;SOLUSDT:-0.1000,0.30000000000000004,0.0008855569109750212,
2025-11-08,1,2,BTCUSDT:0.1000,ETHUSDT:-0.1000;SOLUSDT:-0.1000,0.30000000000000004,0.00034903810184947176,
2025-11-09,1,2,ETHUSDT:0.1000,BTCUSDT:-0.1000;SOLUSDT:-0.1000,0.30000000000000004,0.20110565892507837,
2025-11-10,1,2,BTCUSDT:0.1000,ETHUSDT:-0.1000;SOLUSDT:-0.1000,0.30000000000000004,0.20056086035029308,
2025-11-11,1,2,BTCUSDT:0.1000,ETHUSDT:-0.1000;SOLUSDT:-0.1000,0.30000000000000004,0.0013189785473106638,
2025-11-12,1,2,BTCUSDT:0.1000,ETHUSDT:-0.1000;SOLUSDT:-0.1000,0.30000000000000004,7.694927285783925e-05,
2025-11-13,1,2,BTCUSDT:0.1000,ETHUSDT:-0.1000;SOLUSDT:-0.1000,0.30000000000000004,0.0013563416579729856,
2025-11-14,1,2,BTCUSDT:0.1000,ETHUSDT:-0.1000;SOLUSDT:-0.1000,0.30000000000000004,0.000382569352587257,
2025-11-15,1,2,BTCUSDT:0.1000,ETHUSDT:-0.1000;SOLUSDT:-0.1000,0.30000000000000004,0.00018382430621581716,
2025-11-16,1,2,BTCUSDT:0.1000,ETHUSDT:-0.1000;SOLUSDT:-0.1000,0.30000000000000004,0.0003934550773969776,
2025-11-17,1,2,BTCUSDT:0.1000,ETHUSDT:-0.1000;SOLUSDT:-0.1000,0.30000000000000004,0.0006610014544030559,
2025-11-18,1,2,BTCUSDT:0.1000,ETHUSDT:-0.1000;SOLUSDT:-0.1000,0.30000000000000004,0.001461390604739859,
2025-11-19,1,2,BTCUSDT:0.1000,ETHUSDT:-0.1000;SOLUSDT:-0.1000,0.30000000000000004,0.0006305881389778522,
2025-11-20,1,2,BTCUSDT:0.1000,ETHUSDT:-0.1000;SOLUSDT:-0.1000,0.30000000000000004,0.0005097185162132444,
2025-11-21,1,2,BTCUSDT:0.1000,ETHUSDT:-0.1000;SOLUSDT:-0.1000,0.30000000000000004,0.0006576638499372018,
2025-11-22,1,2,BTCUSDT:0.1000,ETHUSDT:-0.1000;SOLUSDT:-0.1000,0.30000000000000004,3.443121914300552e-05,
2025-11-23,1,2,BTCUSDT:0.1000,ETHUSDT:-0.1000;SOLUSDT:-0.1000,0.30000000000000004,0.000150640711495581,
2025-11-24,1,2,BTCUSDT:0.1000,ETHUSDT:-0.1000;SOLUSDT:-0.1000,0.30000000000000004,0.0014814964907941684,
2025-11-25,1,2,BTCUSDT:0.1000,ETHUSDT:-0.1000;SOLUSDT:-0.1000,0.30000000000000004,0.00024457137225756767,
2025-11-26,1,2,BTCUSDT:0.1000,ETHUSDT:-0.1000;SOLUSDT:-0.1000,0.30000000000000004,0.00024149218964842083,
2025-11-27,1,2,BTCUSDT:0.1000,ETHUSDT:-0.1000;SOLUSDT:-0.1000,0.30000000000000004,0.00042481238139759395,
2025-11-28,1,2,BTCUSDT:0.1000,ETHUSDT:-0.1000;SOLUSDT:-0.1000,0.30000000000000004,0.00021886050391910938,
2025-11-29,1,2,BTCUSDT:0.1000,ETHUSDT:-0.1000;SOLUSDT:-0.1000,0.30000000000000004,0.00034996922844922584,
2025-11-30,1,2,BTCUSDT:0.1000,ETHUSDT:-0.1000;SOLUSDT:-0.1000,0.30000000000000004,0.00018758235668983275,
2025-12-01,1,2,BTCUSDT:0.1000,ETHUSDT:-0.1000;SOLUSDT:-0.1000,0.30000000000000004,0.001047018861031733,
2025-12-02,1,2,BTCUSDT:0.1000,ETHUSDT:-0.1000;SOLUSDT:-0.1000,0.30000000000000004,0.0016356040268313357,
2025-12-03,1,2,ETHUSDT:0.1000,BTCUSDT:-0.1000;SOLUSDT:-0.1000,0.30000000000000004,0.20130333774470768,
2025-12-04,1,2,ETHUSDT:0.1000,BTCUSDT:-0.1000;SOLUSDT:-0.1000,0.30000000000000004,0.0005175491041296346,
2025-12-05,1,2,ETHUSDT:0.1000,BTCUSDT:-0.1000;SOLUSDT:-0.1000,0.30000000000000004,0.0005306136694960826,
2025-12-06,1,2,ETHUSDT:0.1000,BTCUSDT:-0.1000;SOLUSDT:-0.1000,0.30000000000000004,0.0002167858268767441,
2025-12-07,1,2,ETHUSDT:0.1000,BTCUSDT:-0.1000;SOLUSDT:-0.1000,0.30000000000000004,8.870468049717186e-05,
2025-12-08,1,2,ETHUSDT:0.1000,BTCUSDT:-0.1000;SOLUSDT:-0.1000,0.30000000000000004,0.0001576767212632706,
2025-12-09,1,2,ETHUSDT:0.1000,BTCUSDT:-0.1000;SOLUSDT:-0.1000,0.30000000000000004,7.148882227632748e-05,
2025-12-10,1,2,ETHUSDT:0.1000,BTCUSDT:-0.1000;SOLUSDT:-0.1000,0.30000000000000004,0.0003133361260121099,
2025-12-11,1,2,ETHUSDT:0.1000,BTCUSDT:-0.1000;SOLUSDT:-0.1000,0.30000000000000004,0.0004958725691594296,
2025-12-12,1,2,ETHUSDT:0.1000,BTCUSDT:-0.1000;SOLUSDT:-0.1000,0.30000000000000004,0.00011655813791450782,
2025-12-13,1,2,ETHUSDT:0.1000,BTCUSDT:-0.1000;SOLUSDT:-0.1000,0.30000000000000004,5.422165045102813e-05,
2025-12-14,1,2,ETHUSDT:0.1000,BTCUSDT:-0.1000;SOLUSDT:-0.1000,0.30000000000000004,0.0005177400389378359,
2025-12-15,1,2,ETHUSDT:0.1000,BTCUSDT:-0.1000;SOLUSDT:-0.1000,0.30000000000000004,6.327614665685743e-06,
2025-12-16,1,2,SOLUSDT:0.1000,BTCUSDT:-0.1000;ETHUSDT:-0.1000,0.30000000000000004,0.20045464346251404,
2025-12-17,1,2,BTCUSDT:0.1000,ETHUSDT:-0.1000;SOLUSDT:-0.1000,0.30000000000000004,0.19995933340707753,
2025-12-18,1,2,BTCUSDT:0.1000,ETHUSDT:-0.1000;SOLUSDT:-0.1000,0.30000000000000004,0.00031495367658745634,
2025-12-19,1,2,ETHUSDT:0.1000,BTCUSDT:-0.1000;SOLUSDT:-0.1000,0.30000000000000004,0.20121961729694926,
2025-12-20,1,2,ETHUSDT:0.1000,BTCUSDT:-0.1000;SOLUSDT:-0.1000,0.30000000000000004,1.3709225707498754e-05,
2025-12-21,1,2,ETHUSDT:0.1000,BTCUSDT:-0.1000;SOLUSDT:-0.1000,0.30000000000000004,4.405418801210849e-05,
2025-12-22,1,2,ETHUSDT:0.1000,BTCUSDT:-0.1000;SOLUSDT:-0.1000,0.30000000000000004,5.676930989502417e-05,
2025-12-23,1,2,ETHUSDT:0.1000,BTCUSDT:-0.1000;SOLUSDT:-0.1000,0.30000000000000004,0.00019259274493158205,
2025-12-24,1,2,ETHUSDT:0.1000,BTCUSDT:-0.1000;SOLUSDT:-0.1000,0.30000000000000004,6.210097016865654e-05,
2025-12-25,1,2,BTCUSDT:0.1000,ETHUSDT:-0.1000;SOLUSDT:-0.1000,0.30000000000000004,0.19997752349416256,
2025-12-26,1,2,BTCUSDT:0.1000,ETHUSDT:-0.1000;SOLUSDT:-0.1000,0.30000000000000004,0.00041231911164685357,
2025-12-27,1,2,ETHUSDT:0.1000,BTCUSDT:-0.1000;SOLUSDT:-0.1000,0.30000000000000004,0.20035225863845998,
2025-12-28,1,2,ETHUSDT:0.1000,BTCUSDT:-0.1000;SOLUSDT:-0.1000,0.30000000000000004,9.450117204027864e-05,
2025-12-29,1,2,ETHUSDT:0.1000,BTCUSDT:-0.1000;SOLUSDT:-0.1000,0.30000000000000004,0.0002968804967864972,
2025-12-30,1,2,ETHUSDT:0.1000,BTCUSDT:-0.1000;SOLUSDT:-0.1000,0.30000000000000004,0.00024371943054444782,
2025-12-31,1,2,ETHUSDT:0.1000,BTCUSDT:-0.1000;SOLUSDT:-0.1000,0.30000000000000004,0.00017385816565121498,
2026-01-01,1,2,ETHUSDT:0.1000,BTCUSDT:-0.1000;SOLUSDT:-0.1000,0.30000000000000004,0.0003123619800736755,
2026-01-02,1,2,ETHUSDT:0.1000,BTCUSDT:-0.1000;SOLUSDT:-0.1000,0.30000000000000004,0.00022821368998359002,
2026-01-03,1,2,ETHUSDT:0.1000,BTCUSDT:-0.1000;SOLUSDT:-0.1000,0.30000000000000004,0.00022159587525607605,
2026-01-04,1,2,ETHUSDT:0.1000,BTCUSDT:-0.1000;SOLUSDT:-0.1000,0.30000000000000004,0.0001458693540531881,
2026-01-05,1,2,ETHUSDT:0.1000,BTCUSDT:-0.1000;SOLUSDT:-0.1000,0.30000000000000004,0.00042404497928369856,
2026-01-06,1,2,SOLUSDT:0.1000,BTCUSDT:-0.1000;ETHUSDT:-0.1000,0.30000000000000004,0.20003035403083216,
2026-01-07,1,2,SOLUSDT:0.1000,BTCUSDT:-0.1000;ETHUSDT:-0.1000,0.30000000000000004,0.0004370830730852933,
2026-01-08,1,2,SOLUSDT:0.1000,BTCUSDT:-0.1000;ETHUSDT:-0.1000,0.30000000000000004,0.0005537522624083197,
2026-01-09,1,2,SOLUSDT:0.1000,BTCUSDT:-0.1000;ETHUSDT:-0.1000,0.30000000000000004,9.906331806821713e-05,
2026-01-10,1,2,SOLUSDT:0.1000,BTCUSDT:-0.1000;ETHUSDT:-0.1000,0.30000000000000004,1.9293896115685867e-05,
2026-01-11,1,2,SOLUSDT:0.1000,BTCUSDT:-0.1000;ETHUSDT:-0.1000,0.30000000000000004,0.00016771075682998253,
2026-01-12,1,2,SOLUSDT:0.1000,BTCUSDT:-0.1000;ETHUSDT:-0.1000,0.30000000000000004,3.1892972115143515e-05,
2026-01-13,1,2,SOLUSDT:0.1000,BTCUSDT:-0.1000;ETHUSDT:-0.1000,0.30000000000000004,0.0011206115543035996,
2026-01-14,1,2,SOLUSDT:0.1000,BTCUSDT:-0.1000;ETHUSDT:-0.1000,0.30000000000000004,0.0002540507978028122,
2026-01-15,1,2,ETHUSDT:0.1000,BTCUSDT:-0.1000;SOLUSDT:-0.1000,0.30000000000000004,0.2001012583734617,
2026-01-16,1,2,SOLUSDT:0.1000,BTCUSDT:-0.1000;ETHUSDT:-0.1000,0.30000000000000004,0.20041430483166975,
2026-01-17,1,2,SOLUSDT:0.1000,BTCUSDT:-0.1000;ETHUSDT:-0.1000,0.30000000000000004,0.0001515283479171777,
2026-01-18,1,2,ETHUSDT:0.1000,BTCUSDT:-0.1000;SOLUSDT:-0.1000,0.30000000000000004,0.2002895193807223,
2026-01-19,1,2,ETHUSDT:0.1000,BTCUSDT:-0.1000;SOLUSDT:-0.1000,0.30000000000000004,0.0001869682984862638,
2026-01-20,1,2,BTCUSDT:0.1000,ETHUSDT:-0.1000;SOLUSDT:-0.1000,0.30000000000000004,0.1999101019236396,
2026-01-21,1,2,BTCUSDT:0.1000,ETHUSDT:-0.1000;SOLUSDT:-0.1000,0.30000000000000004,0.0005177093568209971,
2026-01-22,1,2,BTCUSDT:0.1000,ETHUSDT:-0.1000;SOLUSDT:-0.1000,0.30000000000000004,0.00028950840069373563,
2026-01-23,1,2,BTCUSDT:0.1000,ETHUSDT:-0.1000;SOLUSDT:-0.1000,0.30000000000000004,0.00010960525990992936,
2026-01-24,1,2,BTCUSDT:0.1000,ETHUSDT:-0.1000;SOLUSDT:-0.1000,0.30000000000000004,2.1060719824408215e-05,
2026-01-25,1,2,BTCUSDT:0.1000,ETHUSDT:-0.1000;SOLUSDT:-0.1000,0.30000000000000004,0.001242076908028433,
2026-01-26,1,2,BTCUSDT:0.1000,ETHUSDT:-0.1000;SOLUSDT:-0.1000,0.30000000000000004,0.0010061802925014171,
2026-01-27,1,2,ETHUSDT:0.1000,BTCUSDT:-0.1000;SOLUSDT:-0.1000,0.30000000000000004,0.2007300540152216,
2026-01-28,1,2,ETHUSDT:0.1000,BTCUSDT:-0.1000;SOLUSDT:-0.1000,0.30000000000000004,0.00010505547855464607,
2026-01-29,1,2,ETHUSDT:0.1000,BTCUSDT:-0.1000;SOLUSDT:-0.1000,0.30000000000000004,0.0007451558214162891,
2026-01-30,1,2,BTCUSDT:0.1000,ETHUSDT:-0.1000;SOLUSDT:-0.1000,0.30000000000000004,0.2005547031535947,
2026-01-31,1,2,BTCUSDT:0.1000,ETHUSDT:-0.1000;SOLUSDT:-0.1000,0.30000000000000004,0.0019284620859912806,
2026-02-01,1,2,BTCUSDT:0.1000,ETHUSDT:-0.1000;SOLUSDT:-0.1000,0.30000000000000004,0.0014291654953272224,
2026-02-02,1,2,BTCUSDT:0.1000,ETHUSDT:-0.1000;SOLUSDT:-0.1000,0.30000000000000004,0.0007245071931907971,
2026-02-03,1,2,BTCUSDT:0.1000,ETHUSDT:-0.1000;SOLUSDT:-0.1000,0.30000000000000004,0.0011096938248243734,
2026-02-04,1,2,BTCUSDT:0.1000,ETHUSDT:-0.1000;SOLUSDT:-0.1000,0.30000000000000004,0.0009329815194056918,
2026-02-05,1,2,BTCUSDT:0.1000,ETHUSDT:-0.1000;SOLUSDT:-0.1000,0.30000000000000004,0.0023513703941913412,
2026-02-06,1,2,BTCUSDT:0.1000,ETHUSDT:-0.1000;SOLUSDT:-0.1000,0.30000000000000004,0.001894478187582472,
2026-02-07,1,2,BTCUSDT:0.1000,ETHUSDT:-0.1000;SOLUSDT:-0.1000,0.30000000000000004,0.0004615505631481189,
2026-02-08,1,2,BTCUSDT:0.1000,ETHUSDT:-0.1000;SOLUSDT:-0.1000,0.30000000000000004,0.00030518959198097155,
2026-02-09,1,2,BTCUSDT:0.1000,ETHUSDT:-0.1000;SOLUSDT:-0.1000,0.30000000000000004,0.00011209439798122377,
2026-02-10,1,2,BTCUSDT:0.1000,ETHUSDT:-0.1000;SOLUSDT:-0.1000,0.30000000000000004,0.0009529141584551951,
2026-02-11,1,2,BTCUSDT:0.1000,ETHUSDT:-0.1000;SOLUSDT:-0.1000,0.30000000000000004,0.000886289423750372,
2026-02-12,1,2,BTCUSDT:0.1000,ETHUSDT:-0.1000;SOLUSDT:-0.1000,0.30000000000000004,6.980457842029134e-05,
2026-02-13,1,2,BTCUSDT:0.1000,ETHUSDT:-0.1000;SOLUSDT:-0.1000,0.30000000000000004,0.001334844159998487,
2026-02-14,1,2,BTCUSDT:0.1000,ETHUSDT:-0.1000;SOLUSDT:-0.1000,0.30000000000000004,0.0007323615367497803,
2026-02-15,1,2,BTCUSDT:0.1000,ETHUSDT:-0.1000;SOLUSDT:-0.1000,0.30000000000000004,0.0009707443123639847,
2026-02-16,1,2,BTCUSDT:0.1000,ETHUSDT:-0.1000;SOLUSDT:-0.1000,0.30000000000000004,0.0002819138887789983,
2026-02-17,1,2,BTCUSDT:0.1000,ETHUSDT:-0.1000;SOLUSDT:-0.1000,0.30000000000000004,1.4105698347542925e-05,
2026-02-18,1,2,BTCUSDT:0.1000,ETHUSDT:-0.1000;SOLUSDT:-0.1000,0.30000000000000004,0.0006458944347525423,
2026-02-19,1,2,BTCUSDT:0.1000,ETHUSDT:-0.1000;SOLUSDT:-0.1000,0.30000000000000004,7.814257368284055e-06,
2026-02-20,1,2,BTCUSDT:0.1000,ETHUSDT:-0.1000;SOLUSDT:-0.1000,0.30000000000000004,0.000320128384952203,
2026-02-21,1,2,BTCUSDT:0.1000,ETHUSDT:-0.1000;SOLUSDT:-0.1000,0.30000000000000004,0.00013473482940641867,
2026-02-22,1,2,BTCUSDT:0.1000,ETHUSDT:-0.1000;SOLUSDT:-0.1000,0.30000000000000004,0.00046371870572842514,
2026-02-23,1,2,BTCUSDT:0.1000,ETHUSDT:-0.1000;SOLUSDT:-0.1000,0.30000000000000004,0.0009933751077011305,
2026-02-24,1,2,BTCUSDT:0.1000,ETHUSDT:-0.1000;SOLUSDT:-0.1000,0.30000000000000004,0.00030364446101567723,
2026-02-25,1,2,BTCUSDT:0.1000,ETHUSDT:-0.1000;SOLUSDT:-0.1000,0.30000000000000004,0.002517333044203093,
2026-02-26,1,2,BTCUSDT:0.1000,ETHUSDT:-0.1000;SOLUSDT:-0.1000,0.30000000000000004,0.0004706187815989003,
2026-02-27,1,2,BTCUSDT:0.1000,ETHUSDT:-0.1000;SOLUSDT:-0.1000,0.30000000000000004,0.0010698787663258255,
2026-02-28,1,2,BTCUSDT:0.1000,ETHUSDT:-0.1000;SOLUSDT:-0.1000,0.30000000000000004,0.0004794610660145178,
2026-03-01,1,2,BTCUSDT:0.1000,ETHUSDT:-0.1000;SOLUSDT:-0.1000,0.30000000000000004,5.589133242428553e-05,
2026-03-02,1,2,BTCUSDT:0.1000,ETHUSDT:-0.1000;SOLUSDT:-0.1000,0.30000000000000004,0.0005332918515132288,
2026-03-03,1,2,SOLUSDT:0.1000,BTCUSDT:-0.1000;ETHUSDT:-0.1000,0.30000000000000004,0.199977309035748,
2026-03-04,1,2,BTCUSDT:0.1000,ETHUSDT:-0.1000;SOLUSDT:-0.1000,0.30000000000000004,0.2014419680506572,
2026-03-05,1,2,BTCUSDT:0.1000,ETHUSDT:-0.1000;SOLUSDT:-0.1000,0.30000000000000004,0.00032931084385144643,
2026-03-06,1,2,BTCUSDT:0.1000,ETHUSDT:-0.1000;SOLUSDT:-0.1000,0.30000000000000004,0.0007862690309629758,
2026-03-07,1,2,ETHUSDT:0.1000,BTCUSDT:-0.1000;SOLUSDT:-0.1000,0.30000000000000004,0.19998428160689724,
2026-03-08,1,2,ETHUSDT:0.1000,BTCUSDT:-0.1000;SOLUSDT:-0.1000,0.30000000000000004,0.0003082347186438493,
2026-03-09,1,2,BTCUSDT:0.1000,ETHUSDT:-0.1000;SOLUSDT:-0.1000,0.30000000000000004,0.20077536421560027,
2026-03-10,1,2,BTCUSDT:0.1000,ETHUSDT:-0.1000;SOLUSDT:-0.1000,0.30000000000000004,0.00018072315582220305,
2026-03-11,1,2,BTCUSDT:0.1000,ETHUSDT:-0.1000;SOLUSDT:-0.1000,0.30000000000000004,0.00018255761848660592,
2026-03-12,1,2,SOLUSDT:0.1000,BTCUSDT:-0.1000;ETHUSDT:-0.1000,0.30000000000000004,0.2001681989424615,
2026-03-13,1,2,SOLUSDT:0.1000,BTCUSDT:-0.1000;ETHUSDT:-0.1000,0.30000000000000004,1.755417133414718e-05,
2026-03-14,1,2,SOLUSDT:0.1000,BTCUSDT:-0.1000;ETHUSDT:-0.1000,0.30000000000000004,0.00011178305437105601,
2026-03-15,1,2,SOLUSDT:0.1000,BTCUSDT:-0.1000;ETHUSDT:-0.1000,0.30000000000000004,0.00019741773664719216,
2026-03-16,1,2,ETHUSDT:0.1000,BTCUSDT:-0.1000;SOLUSDT:-0.1000,0.30000000000000004,0.20103571274322932,
2026-03-17,1,2,ETHUSDT:0.1000,BTCUSDT:-0.1000;SOLUSDT:-0.1000,0.30000000000000004,0.00019120458958958394,
2026-03-18,1,2,ETHUSDT:0.1000,BTCUSDT:-0.1000;SOLUSDT:-0.1000,0.30000000000000004,0.0005204660100904388,
2026-03-19,1,2,ETHUSDT:0.1000,BTCUSDT:-0.1000;SOLUSDT:-0.1000,0.30000000000000004,2.823968431209179e-05,
2026-03-20,1,2,SOLUSDT:0.1000,BTCUSDT:-0.1000;ETHUSDT:-0.1000,0.30000000000000004,0.20026032526495655,
2026-03-21,1,2,SOLUSDT:0.1000,BTCUSDT:-0.1000;ETHUSDT:-0.1000,0.30000000000000004,0.0003611208552795501,
2026-03-22,1,2,ETHUSDT:0.1000,BTCUSDT:-0.1000;SOLUSDT:-0.1000,0.30000000000000004,0.19995971400724935,
2026-03-23,1,2,SOLUSDT:0.1000,BTCUSDT:-0.1000;ETHUSDT:-0.1000,0.30000000000000004,0.20092970151056014,
2026-03-24,1,2,SOLUSDT:0.1000,BTCUSDT:-0.1000;ETHUSDT:-0.1000,0.30000000000000004,8.828978983616336e-05,
2026-03-25,1,2,SOLUSDT:0.1000,BTCUSDT:-0.1000;ETHUSDT:-0.1000,0.30000000000000004,0.0001043195111354584,
2026-03-26,1,2,ETHUSDT:0.1000,BTCUSDT:-0.1000;SOLUSDT:-0.1000,0.30000000000000004,0.1998879961348822,
2026-03-27,1,2,BTCUSDT:0.1000,ETHUSDT:-0.1000;SOLUSDT:-0.1000,0.30000000000000004,0.1998297829814161,
2026-03-28,1,2,BTCUSDT:0.1000,ETHUSDT:-0.1000;SOLUSDT:-0.1000,0.30000000000000004,0.00014101351096388026,
2026-03-29,1,2,ETHUSDT:0.1000,BTCUSDT:-0.1000;SOLUSDT:-0.1000,0.30000000000000004,0.19999350351352904,
2026-03-30,1,2,ETHUSDT:0.1000,BTCUSDT:-0.1000;SOLUSDT:-0.1000,0.30000000000000004,9.911107918768134e-05,
2026-03-31,1,2,ETHUSDT:0.1000,BTCUSDT:-0.1000;SOLUSDT:-0.1000,0.30000000000000004,0.00013516057690530846,
2026-04-01,1,2,ETHUSDT:0.1000,BTCUSDT:-0.1000;SOLUSDT:-0.1000,0.30000000000000004,0.0006384713079018933,
2026-04-02,1,2,ETHUSDT:0.1000,BTCUSDT:-0.1000;SOLUSDT:-0.1000,0.30000000000000004,9.94629701858601e-05,
2026-04-03,1,2,ETHUSDT:0.1000,BTCUSDT:-0.1000;SOLUSDT:-0.1000,0.30000000000000004,0.00031035755037877276,
2026-04-04,1,2,ETHUSDT:0.1000,BTCUSDT:-0.1000;SOLUSDT:-0.1000,0.30000000000000004,7.453831066463585e-05,
2026-04-05,1,2,ETHUSDT:0.1000,BTCUSDT:-0.1000;SOLUSDT:-0.1000,0.30000000000000004,0.00025592787138443355,
2026-04-06,1,2,ETHUSDT:0.1000,BTCUSDT:-0.1000;SOLUSDT:-0.1000,0.30000000000000004,0.00036176478372956046,
2026-04-07,1,2,ETHUSDT:0.1000,BTCUSDT:-0.1000;SOLUSDT:-0.1000,0.30000000000000004,0.000773210672561386,
2026-04-08,1,2,ETHUSDT:0.1000,BTCUSDT:-0.1000;SOLUSDT:-0.1000,0.30000000000000004,0.0003696043757261821,
2026-04-09,1,2,ETHUSDT:0.1000,BTCUSDT:-0.1000;SOLUSDT:-0.1000,0.30000000000000004,0.0002906350872447194,
2026-04-10,1,2,ETHUSDT:0.1000,BTCUSDT:-0.1000;SOLUSDT:-0.1000,0.30000000000000004,0.0001357067147466035,
2026-04-11,1,2,ETHUSDT:0.1000,BTCUSDT:-0.1000;SOLUSDT:-0.1000,0.30000000000000004,0.0002274850816847943,
2026-04-12,1,2,ETHUSDT:0.1000,BTCUSDT:-0.1000;SOLUSDT:-0.1000,0.30000000000000004,0.00046000254749486595,
2026-04-13,1,2,ETHUSDT:0.1000,BTCUSDT:-0.1000;SOLUSDT:-0.1000,0.30000000000000004,0.0004830869329367703,
2026-04-14,1,2,ETHUSDT:0.1000,BTCUSDT:-0.1000;SOLUSDT:-0.1000,0.30000000000000004,0.0002464933464540606,
2026-04-15,1,2,ETHUSDT:0.1000,BTCUSDT:-0.1000;SOLUSDT:-0.1000,0.30000000000000004,0.0001053131686310896,
2026-04-16,1,2,ETHUSDT:0.1000,BTCUSDT:-0.1000;SOLUSDT:-0.1000,0.30000000000000004,0.0008864802178002915,
2026-04-17,1,2,ETHUSDT:0.1000,BTCUSDT:-0.1000;SOLUSDT:-0.1000,0.30000000000000004,0.0001216209598062555,
2026-04-18,1,2,ETHUSDT:0.1000,BTCUSDT:-0.1000;SOLUSDT:-0.1000,0.30000000000000004,0.00028114109313910146,
2026-04-19,1,2,BTCUSDT:0.1000,ETHUSDT:-0.1000;SOLUSDT:-0.1000,0.30000000000000004,0.1999348690070214,
2026-04-20,1,2,BTCUSDT:0.1000,ETHUSDT:-0.1000;SOLUSDT:-0.1000,0.30000000000000004,0.0002745287537318455,
2026-04-21,1,2,BTCUSDT:0.1000,ETHUSDT:-0.1000;SOLUSDT:-0.1000,0.30000000000000004,0.00012311608332691952,
2026-04-22,1,2,BTCUSDT:0.1000,ETHUSDT:-0.1000;SOLUSDT:-0.1000,0.30000000000000004,8.325976213099003e-05,
2026-04-23,1,2,BTCUSDT:0.1000,ETHUSDT:-0.1000;SOLUSDT:-0.1000,0.30000000000000004,0.00042190121192605057,
2026-04-24,1,2,BTCUSDT:0.1000,ETHUSDT:-0.1000;SOLUSDT:-0.1000,0.30000000000000004,6.932226592122226e-05,
2026-04-25,1,2,BTCUSDT:0.1000,ETHUSDT:-0.1000;SOLUSDT:-0.1000,0.30000000000000004,8.667814743534854e-06,
2026-04-26,1,2,BTCUSDT:0.1000,ETHUSDT:-0.1000;SOLUSDT:-0.1000,0.30000000000000004,0.0002546985993314549,
2026-04-27,1,2,BTCUSDT:0.1000,ETHUSDT:-0.1000;SOLUSDT:-0.1000,0.30000000000000004,0.0005325556998806057,
2026-04-28,1,2,BTCUSDT:0.1000,ETHUSDT:-0.1000;SOLUSDT:-0.1000,0.30000000000000004,2.4633971401140634e-05,
2026-04-29,1,2,BTCUSDT:0.1000,ETHUSDT:-0.1000;SOLUSDT:-0.1000,0.30000000000000004,0.0003134278892482379,
2026-04-30,1,2,BTCUSDT:0.1000,ETHUSDT:-0.1000;SOLUSDT:-0.1000,0.30000000000000004,7.139654002289339e-05,
2026-05-01,1,2,BTCUSDT:0.1000,ETHUSDT:-0.1000;SOLUSDT:-0.1000,0.30000000000000004,2.9165547450563935e-08,
2026-05-02,1,2,BTCUSDT:0.1000,ETHUSDT:-0.1000;SOLUSDT:-0.1000,0.30000000000000004,0.00014766592027578646,
2026-05-03,1,2,BTCUSDT:0.1000,ETHUSDT:-0.1000;SOLUSDT:-0.1000,0.30000000000000004,3.0911758501496593e-06,
2026-05-04,1,2,BTCUSDT:0.1000,ETHUSDT:-0.1000;SOLUSDT:-0.1000,0.30000000000000004,5.764318773224221e-05,
2026-05-05,1,2,BTCUSDT:0.1000,ETHUSDT:-0.1000;SOLUSDT:-0.1000,0.30000000000000004,0.0002821579252006427,
2026-05-06,1,2,BTCUSDT:0.1000,ETHUSDT:-0.1000;SOLUSDT:-0.1000,0.30000000000000004,0.0003381502446709928,
2026-05-07,1,2,BTCUSDT:0.1000,ETHUSDT:-0.1000;SOLUSDT:-0.1000,0.30000000000000004,0.0002372840573279745,
2026-05-08,1,2,SOLUSDT:0.1000,BTCUSDT:-0.1000;ETHUSDT:-0.1000,0.30000000000000004,0.2007127544644263,
2026-05-09,1,2,SOLUSDT:0.1000,BTCUSDT:-0.1000;ETHUSDT:-0.1000,0.30000000000000004,5.820582652377953e-05,
2026-05-10,1,2,SOLUSDT:0.1000,BTCUSDT:-0.1000;ETHUSDT:-0.1000,0.30000000000000004,3.749871160161509e-05,
2026-05-11,1,2,SOLUSDT:0.1000,BTCUSDT:-0.1000;ETHUSDT:-0.1000,0.30000000000000004,0.0004245888933301299,
2026-05-12,1,2,SOLUSDT:0.1000,BTCUSDT:-0.1000;ETHUSDT:-0.1000,0.30000000000000004,0.00017222870167611073,
2026-05-13,1,2,SOLUSDT:0.1000,BTCUSDT:-0.1000;ETHUSDT:-0.1000,0.30000000000000004,0.0001752521833179594,
2026-05-14,1,2,SOLUSDT:0.1000,BTCUSDT:-0.1000;ETHUSDT:-0.1000,0.30000000000000004,0.00033211500063905935,
2026-05-15,1,2,BTCUSDT:0.1000,ETHUSDT:-0.1000;SOLUSDT:-0.1000,0.30000000000000004,0.19994033223993932,
2026-05-16,1,2,BTCUSDT:0.1000,ETHUSDT:-0.1000;SOLUSDT:-0.1000,0.30000000000000004,0.0005442693347317986,
2026-05-17,1,2,BTCUSDT:0.1000,ETHUSDT:-0.1000;SOLUSDT:-0.1000,0.30000000000000004,0.00043903851755309976,
2026-05-18,1,2,BTCUSDT:0.1000,ETHUSDT:-0.1000;SOLUSDT:-0.1000,0.30000000000000004,0.00011431900291319444,
2026-05-19,1,2,BTCUSDT:0.1000,ETHUSDT:-0.1000;SOLUSDT:-0.1000,0.30000000000000004,0.00028770108896356575,
2026-05-20,1,2,BTCUSDT:0.1000,ETHUSDT:-0.1000;SOLUSDT:-0.1000,0.30000000000000004,0.0003200020688614612,
2026-05-21,1,2,BTCUSDT:0.1000,ETHUSDT:-0.1000;SOLUSDT:-0.1000,0.30000000000000004,0.00022592272632877976,
2026-05-22,1,2,SOLUSDT:0.1000,BTCUSDT:-0.1000;ETHUSDT:-0.1000,0.30000000000000004,0.19983786908575285,
2026-05-23,1,2,SOLUSDT:0.1000,BTCUSDT:-0.1000;ETHUSDT:-0.1000,0.30000000000000004,0.0004003516361633576,
2026-05-24,1,2,BTCUSDT:0.1000,ETHUSDT:-0.1000;SOLUSDT:-0.1000,0.30000000000000004,0.2000513318552217,
2026-05-25,1,2,BTCUSDT:0.1000,ETHUSDT:-0.1000;SOLUSDT:-0.1000,0.30000000000000004,2.6773140868073793e-05,
2026-05-26,1,2,BTCUSDT:0.1000,ETHUSDT:-0.1000;SOLUSDT:-0.1000,0.30000000000000004,0.0002452764558039209,
2026-05-27,1,2,SOLUSDT:0.1000,BTCUSDT:-0.1000;ETHUSDT:-0.1000,0.30000000000000004,0.19993476391294202,
2026-05-28,1,2,SOLUSDT:0.1000,BTCUSDT:-0.1000;ETHUSDT:-0.1000,0.30000000000000004,0.00019549549395490883,
2026-05-29,1,2,SOLUSDT:0.1000,BTCUSDT:-0.1000;ETHUSDT:-0.1000,0.30000000000000004,1.628731845847712e-05,
2026-05-30,1,2,SOLUSDT:0.1000,BTCUSDT:-0.1000;ETHUSDT:-0.1000,0.30000000000000004,1.8965253431586693e-05,
2026-05-31,1,2,SOLUSDT:0.1000,BTCUSDT:-0.1000;ETHUSDT:-0.1000,0.30000000000000004,0.00010016343445873972,
2026-06-01,1,2,SOLUSDT:0.1000,BTCUSDT:-0.1000;ETHUSDT:-0.1000,0.30000000000000004,0.0002549336000480323,
2026-06-02,1,2,SOLUSDT:0.1000,BTCUSDT:-0.1000;ETHUSDT:-0.1000,0.30000000000000004,0.0007696940370280245,
2026-06-03,1,2,SOLUSDT:0.1000,BTCUSDT:-0.1000;ETHUSDT:-0.1000,0.30000000000000004,0.0004353120671680171,
2026-06-04,1,2,BTCUSDT:0.1000,ETHUSDT:-0.1000;SOLUSDT:-0.1000,0.30000000000000004,0.20019627226301165,
2026-06-05,1,2,BTCUSDT:0.1000,ETHUSDT:-0.1000;SOLUSDT:-0.1000,0.30000000000000004,0.002010481824268977,
2026-06-06,1,2,BTCUSDT:0.1000,ETHUSDT:-0.1000;SOLUSDT:-0.1000,0.30000000000000004,0.0004261578747815854,
2026-06-07,1,2,BTCUSDT:0.1000,ETHUSDT:-0.1000;SOLUSDT:-0.1000,0.30000000000000004,0.0016063093131145996,
2026-06-08,1,2,BTCUSDT:0.1000,ETHUSDT:-0.1000;SOLUSDT:-0.1000,0.30000000000000004,0.00013007558858700116,
2026-06-09,1,2,BTCUSDT:0.1000,ETHUSDT:-0.1000;SOLUSDT:-0.1000,0.30000000000000004,0.0005428400655190237,
2026-06-10,1,2,BTCUSDT:0.1000,ETHUSDT:-0.1000;SOLUSDT:-0.1000,0.30000000000000004,0.0005174628979452405,
2026-06-11,1,2,BTCUSDT:0.1000,ETHUSDT:-0.1000;SOLUSDT:-0.1000,0.30000000000000004,0.0008524342107154297,
2026-06-12,1,2,BTCUSDT:0.1000,ETHUSDT:-0.1000;SOLUSDT:-0.1000,0.30000000000000004,7.162856740912598e-05,
2026-06-13,1,2,BTCUSDT:0.1000,ETHUSDT:-0.1000;SOLUSDT:-0.1000,0.30000000000000004,0.0003992730099724065,
2026-06-14,1,2,SOLUSDT:0.1000,BTCUSDT:-0.1000;ETHUSDT:-0.1000,0.30000000000000004,0.2006454301416462,
2026-06-15,1,2,SOLUSDT:0.1000,BTCUSDT:-0.1000;ETHUSDT:-0.1000,0.30000000000000004,0.00020367807392540128,
2026-06-16,1,2,SOLUSDT:0.1000,BTCUSDT:-0.1000;ETHUSDT:-0.1000,0.30000000000000004,7.946638221568357e-05,
2026-06-17,1,2,SOLUSDT:0.1000,BTCUSDT:-0.1000;ETHUSDT:-0.1000,0.30000000000000004,0.0003208221540148713,
2026-06-18,1,2,SOLUSDT:0.1000,BTCUSDT:-0.1000;ETHUSDT:-0.1000,0.30000000000000004,0.00021636418885430573,
2026-06-19,1,2,SOLUSDT:0.1000,BTCUSDT:-0.1000;ETHUSDT:-0.1000,0.30000000000000004,0.00014158779321086536,
2026-06-20,1,2,SOLUSDT:0.1000,BTCUSDT:-0.1000;ETHUSDT:-0.1000,0.30000000000000004,0.0003133938662647227,
2026-06-21,1,2,SOLUSDT:0.1000,BTCUSDT:-0.1000;ETHUSDT:-0.1000,0.30000000000000004,0.00036111304818822043,
2026-06-22,1,2,SOLUSDT:0.1000,BTCUSDT:-0.1000;ETHUSDT:-0.1000,0.30000000000000004,0.00045841614122917306,
2026-06-23,1,2,BTCUSDT:0.1000,ETHUSDT:-0.1000;SOLUSDT:-0.1000,0.30000000000000004,0.19991282058248358,
