symbol,direction,entry_date,entry_price,exit_date,exit_price,reason,pnl_usd,pnl_pct,bars_held,atr_1h_at_entry,ema50_4h_at_entry,ema50_4h_slope_at_entry
BTCUSDT,short,2023-08-05,29077.944426000002,2023-08-06,29097.429350000002,rsi_cross_back,-3.348220862678941,-0.0006696441725357882,6,47.85619469484977,29242.91817915924,-0.0002449923929539286
BTCUSDT,short,2023-08-06,29075.994036,2023-08-06,29086.861464,rsi_cross_back,-1.8680365614491068,-0.00037361982190664556,1,41.03175341780755,29229.466462191976,-0.0002310196453076731
BTCUSDT,long,2023-08-14,29539.9068,2023-08-14,29324.143998,atr_hard_stop<entry-2.5*ATR@entry,-36.51865740768404,-0.007304112482846459,4,69.27102284714303,29393.39532099039,2.3044273667501795e-05
BTCUSDT,short,2023-08-19,26092.11738,2023-08-20,26176.443664000002,rsi_cross_back,-16.100561936363835,-0.003221456859549443,7,152.65090096060368,28077.764234721097,-0.002699106066455456
BTCUSDT,short,2023-08-20,26077.66449,2023-08-20,26116.245706,rsi_cross_back,-7.382167943251904,-0.00147728798519986,3,125.87904012540187,27926.652713404597,-0.00266262945850211
BTCUSDT,short,2023-08-20,26097.218399999998,2023-08-20,26106.7776,rsi_cross_back,-1.829594954474619,-0.0003661577903817381,3,108.5991132606622,27855.224763859318,-0.0025576982060221756
BTCUSDT,short,2023-08-23,25971.183198000002,2023-08-23,26013.016356,rsi_cross_back,-8.035421469423316,-0.0016081625224653173,3,122.9611627638912,26891.61240703764,-0.0012649825510094952
BTCUSDT,short,2023-08-24,26121.27321,2023-08-25,26055.627832000002,rsi_cross_back,12.587700846479672,0.002519431825756202,30,140.56088355602446,26764.16741831648,-0.0004879981719513756
BTCUSDT,short,2023-08-25,26059.190796,2023-08-26,26070.794798,rsi_cross_back,-2.224088328225618,-0.0004450958281061457,4,127.72543877711604,26564.4726351908,-0.0009089544334845153
BTCUSDT,short,2023-08-27,26038.726704,2023-08-27,26040.760806000002,rsi_cross_back,-0.39030840221642743,-7.811223393794364e-05,1,39.50109810841315,26422.136989469487,-0.0006178025510738237
BTCUSDT,short,2023-08-28,26001.459251999997,2023-08-28,26056.197718,rsi_cross_back,-10.49708532472427,-0.002100784872467676,3,87.9182763240429,26310.920724826345,-0.00032063109610838003
BTCUSDT,long,2023-08-30,27285.435996,2023-08-30,27172.844344,rsi_cross_back,-20.616589281189686,-0.004126437708985242,1,182.81490092006808,26555.10348554806,0.0009947273237506417
BTCUSDT,long,2023-08-30,27255.60003,2023-08-31,27216.685574000003,rsi_cross_back,-7.131930922068,-0.001427760018387625,4,172.91203191577318,26579.541780232452,0.0009202861776716717
BTCUSDT,short,2023-09-02,25866.592284,2023-09-02,25856.337698,rsi_cross_back,1.9809432209868933,0.00039659854847862164,6,98.62863187261708,26384.289991251673,-0.0007567266718075938
BTCUSDT,short,2023-09-03,25878.6747,2023-09-03,25882.8224,rsi_cross_back,-0.8004334391682691,-0.00016024913882661806,2,72.98546019250031,26295.719142164828,-0.0005466033688521467
BTCUSDT,short,2023-09-04,25915.272018,2023-09-04,25977.963368,rsi_cross_back,-12.053927124509155,-0.0024132511510592813,2,83.49749550367059,26256.987285859508,-0.0004440417865173851
BTCUSDT,short,2023-09-04,25912.971558,2023-09-04,25910.476868,rsi_cross_back,0.4808557497268475,9.628113032067454e-05,8,78.58438452490165,26235.383803671157,-0.00042054137811165345
BTCUSDT,short,2023-09-05,25741.397249999998,2023-09-05,25763.136342,rsi_cross_back,-4.214231534707263,-0.0008438061155063847,9,93.0639541310065,26129.41110202055,-0.0005397694021937973
BTCUSDT,short,2023-09-07,25750.138998000002,2023-09-07,25743.610247999997,rsi_cross_back,1.2665373094648535,0.0002536066207152743,2,84.27245764896057,25990.426332981064,-0.00035720383048565583
BTCUSDT,short,2023-09-07,25713.741719999998,2023-09-07,25763.606248,rsi_cross_back,-9.666026176757047,-0.0019354638290931536,3,75.81837808118311,25990.426332981064,-0.00035720383048565583
BTCUSDT,short,2023-09-11,25731.49527,2023-09-11,25887.791406,rsi_cross_back,-30.149083753278727,-0.006037445742234193,5,97.02895588453015,25930.411944515516,-0.00013976108817406738
BTCUSDT,short,2023-09-11,25810.421051999998,2023-09-12,25792.810406,rsi_cross_back,3.4085241668814716,0.0006827734443355382,19,87.6501820281997,25918.673432826512,-0.0001653619305236642
BTCUSDT,short,2023-09-13,25884.415848,2023-09-13,25921.174728,4h_trend_reversal,-7.079656280372449,-0.0014181023964278117,1,175.01219363239554,25849.264233466223,-1.4470235190620575e-05
BTCUSDT,long,2023-09-13,25958.070576000002,2023-09-15,26419.874968,rsi_cross_back,88.80950254579835,0.017790397427571714,51,161.73360262902563,25851.595449654902,4.470701247104379e-05
BTCUSDT,long,2023-09-15,26474.433827999997,2023-09-16,26482.082524,rsi_cross_back,1.4435128293155988,0.00028890876570564217,9,111.3574152799131,26108.330799691113,0.00045208789230994544
BTCUSDT,long,2023-09-16,26550.489036,2023-09-16,26495.309878,rsi_cross_back,-10.384097256751097,-0.002078272755171473,4,108.19807064285406,26160.417308522818,0.0005215184262023311
BTCUSDT,long,2023-09-16,26532.495437999998,2023-09-16,26522.104518,rsi_cross_back,-1.9565771361836841,-0.00039162995521013766,4,90.1153693735662,26187.715885337675,0.0004980730670239539
BTCUSDT,long,2023-09-16,26575.324001999998,2023-09-17,26463.376266,rsi_cross_back,-21.04501859976452,-0.004212469281336784,3,82.90402525885695,26201.248595716588,0.0005167579501078233
BTCUSDT,long,2023-09-18,26844.497826,2023-09-18,26757.157498,rsi_cross_back,-16.25101979156218,-0.0032535653513102725,2,165.49220106831396,26400.93047207581,0.0006402441306282739
BTCUSDT,long,2023-09-19,26826.934314,2023-09-19,26790.900748,rsi_cross_back,-6.7079007218431395,-0.001343186126981144,3,149.1721769412626,26415.11006140617,0.0005370867267484503
BTCUSDT,short,2023-09-22,26636.336202,2023-09-23,26600.988738000004,rsi_cross_back,6.635623589745436,0.0013288026376816475,25,91.91127589168079,26687.298740120514,-7.19372342346757e-05
BTCUSDT,short,2023-09-25,26284.865922,2023-09-25,26299.549038,rsi_cross_back,-2.7881750891349464,-0.0005583029571641918,2,107.96722674716659,26544.729981062115,-0.0003272570997870677
BTCUSDT,short,2023-09-26,26271.2532,2023-09-26,26292.34048,rsi_cross_back,-4.005247038551117,-0.0008020312994212464,1,95.03394211498727,26535.3213543538,-0.0003544442424175068
BTCUSDT,long,2023-09-29,26925.384,2023-09-29,26864.626,rsi_cross_back,-11.268396978081194,-0.0022565323488050737,3,150.88529492646833,26589.047803341626,0.00046000216257969476
BTCUSDT,long,2023-10-01,27101.549226,2023-10-02,27793.250238,rsi_cross_back,127.4370957737545,0.02552256353435367,24,70.02289754823792,26753.110828055913,0.0006107449384931053
BTCUSDT,long,2023-10-04,27525.433986,2023-10-04,27414.516,rsi_cross_back,-20.14620432090593,-0.004029654393693294,5,129.67140607113325,27173.118027272474,0.00042175587559600906
BTCUSDT,long,2023-10-04,27529.564812,2023-10-05,27602.458404,rsi_cross_back,13.23512135950362,0.0026478294334759678,15,131.29256715563403,27197.22605285706,0.0003107433790386628
BTCUSDT,long,2023-10-05,27655.159926,2023-10-05,27549.489,rsi_cross_back,-19.10182026783781,-0.003821020246592477,7,110.96349135630062,27266.141829958404,0.0005119800923234262
BTCUSDT,long,2023-10-08,27939.496782,2023-10-08,27886.241636,rsi_cross_back,-9.526983982282493,-0.001906088231134806,1,84.36021696241563,27541.704518423212,0.0007759237249968096
BTCUSDT,short,2023-10-10,27637.846464,2023-10-10,27594.52999,4h_trend_reversal,7.845147966745725,0.001569748570303453,1,114.32851805358932,27610.60483754274,-3.0281498871530945e-05
BTCUSDT,long,2023-10-10,27660.951083999997,2023-10-10,27604.478,rsi_cross_back,-10.204213224256737,-0.0020416175795439084,4,100.18339073022464,27611.456412541065,3.0842315962799206e-05
BTCUSDT,short,2023-10-13,26801.379204,2023-10-13,26815.555816,rsi_cross_back,-2.6420829169870146,-0.0005286711973182534,3,92.30626352245721,27265.984820755795,-0.0005849496821890923
BTCUSDT,short,2023-10-13,26762.441418,2023-10-13,26975.963728000002,rsi_cross_back,-39.55629463310244,-0.007915280141720271,6,98.69601998802666,27248.531298373215,-0.0006401207400839725
BTCUSDT,short,2023-10-14,26875.374,2023-10-15,26884.631998,rsi_cross_back,-1.7202453284595194,-0.00034436022783168596,7,64.60241908445586,27152.845539769074,-0.0003160026438595592
BTCUSDT,long,2023-10-22,29886.406086,2023-10-22,29869.025,rsi_cross_back,-2.905180618294958,-0.0005815716332697729,5,176.06008909238432,28679.772910199245,0.0016200399306681775
BTCUSDT,long,2023-10-22,29920.492901999998,2023-10-22,29836.781450000002,rsi_cross_back,-13.975695357530165,-0.0027977965561657436,2,141.2509511244706,28771.047142402305,0.00149829321685043
BTCUSDT,long,2023-10-27,34246.848,2023-10-27,33935.2116,rsi_cross_back,-45.44897665893256,-0.00909971043174529,1,225.75270067156816,31956.279870892107,0.0027675314205595166
BTCUSDT,long,2023-10-27,34164.901614,2023-10-27,34059.38676,rsi_cross_back,-15.418151959103287,-0.003088399176210843,1,220.02497207559625,32034.151248504182,0.002436809851668788
BTCUSDT,long,2023-10-27,34160.820798,2023-10-27,33893.22,rsi_cross_back,-39.10127616619305,-0.00783355878895231,1,204.82884728891912,32113.086885817745,0.002464108903689128
BTCUSDT,long,2023-10-28,34099.16847,2023-10-28,34015.775484000005,rsi_cross_back,-12.202460879579466,-0.002445601747542936,10,187.62551117074017,32310.873291189455,0.0020013622315731175
BTCUSDT,long,2023-10-30,34392.197064,2023-10-30,34300.918444,rsi_cross_back,-13.240906661401064,-0.0026540502728028548,9,169.00343872450748,33133.648435849114,0.0013072560882498776
BTCUSDT,long,2023-10-30,34438.996422,2023-10-30,34408.077008,rsi_cross_back,-4.478491047610779,-0.0008978024104164817,1,206.68714742562065,33248.93060917867,0.0017306987907029642
BTCUSDT,long,2023-10-30,34535.485716,2023-10-31,34345.139598,rsi_cross_back,-27.492225850974723,-0.00551160969807396,5,201.05560160678488,33295.32980097559,0.0013955092974962916
BTCUSDT,long,2023-11-03,34719.632538,2023-11-03,34418.314959999996,rsi_cross_back,-43.27739343101234,-0.008678593521121436,3,247.5432425021267,34116.77745481863,0.00016228122432137887
BTCUSDT,long,2023-11-03,34635.065628,2023-11-04,34687.571098,rsi_cross_back,7.556345188936213,0.0015159627691756494,18,218.72963405151978,34157.385109196286,0.0004463032299939333
BTCUSDT,long,2023-11-05,35073.933383999996,2023-11-05,34638.990816,atr_hard_stop<entry-2.5*ATR@entry,-61.816386216826466,-0.01240073541903941,4,165.91632187545812,34425.461626849545,0.0005426769079747674
BTCUSDT,long,2023-11-05,34978.404282,2023-11-06,34868.025,rsi_cross_back,-15.720790518825364,-0.003155640866579046,3,201.47012126291222,34447.530190502504,0.0006410535286982968
BTCUSDT,long,2023-11-07,35384.085402000004,2023-11-08,35218.634864,rsi_cross_back,-23.290482669674198,-0.004675846107658699,21,206.89924879648697,34623.87340774842,0.00011478191725601132
BTCUSDT,long,2023-11-09,36632.595054,2023-11-09,36361.27629,rsi_cross_back,-36.883224152161226,-0.007406484951449577,1,469.9107564323864,35115.95172359364,0.002292789791858952
BTCUSDT,long,2023-11-09,36559.540446,2023-11-10,36432.692004000004,rsi_cross_back,-17.27190668765046,-0.003469639947672687,11,447.3499824642692,35165.60851874683,0.001414080858296297
BTCUSDT,long,2023-11-14,36740.686667999995,2023-11-14,36475.103520000004,rsi_cross_back,-35.97773100227401,-0.007228584223258561,1,162.71472979666356,36319.87651643552,0.00040921251929859105
BTCUSDT,short,2023-11-17,36348.2682,2023-11-17,36492.690001999996,rsi_cross_back,-19.690212873020794,-0.003957554293533394,4,272.55751092634364,36395.527440689206,-2.545374760858689e-05
BTCUSDT,short,2023-11-17,36329.66448,2023-11-17,36475.973346,rsi_cross_back,-19.95268464679309,-0.004011102448511994,1,322.4797604257255,36381.77342340728,-0.0003779040516542009
BTCUSDT,long,2023-11-21,37415.101524000005,2023-11-21,37306.547198,rsi_cross_back,-14.429480064998348,-0.0029013505664383654,1,215.2812414872024,36726.03587218698,0.0006159399276417373
BTCUSDT,long,2023-11-21,37353.089124,2023-11-21,37167.535006000006,rsi_cross_back,-24.701967257547576,-0.0049675708850749345,1,198.72724393539409,36726.03587218698,0.0006159399276417373
BTCUSDT,short,2023-11-22,36671.792892,2023-11-22,37190.550402,rsi_cross_back,-69.34439717909979,-0.013948637608012016,8,272.4821275753052,36697.705944014895,-0.00028675761265773174
BTCUSDT,long,2023-11-23,37263.161142,2023-11-25,37677.86292,rsi_cross_back,55.28824343533381,0.011129001547122819,40,221.28480941206553,36807.3827097531,0.00015966215135799103
BTCUSDT,long,2023-11-25,37729.24434,2023-11-25,37669.684556,rsi_cross_back,-7.846811003482253,-0.001578610572299577,2,149.3751098860076,37113.11333294122,0.0005935707538562483
BTCUSDT,long,2023-11-26,37596.087714,2023-11-26,37439.940514,rsi_cross_back,-20.64312544511754,-0.004153283213610859,3,154.46946380181905,37261.192323367926,0.00013023689509080184
BTCUSDT,long,2023-11-29,37881.77484,2023-11-29,37667.465000000004,rsi_cross_back,-28.11289055113743,-0.005657333662563824,1,234.03421842774202,37392.20050765808,0.00047893817479389213
BTCUSDT,long,2023-11-29,37862.210928,2023-11-30,37771.384212000004,rsi_cross_back,-11.917316803561771,-0.0023988751257213448,1,217.79693025080005,37411.102448534235,0.0005055049079628563
BTCUSDT,long,2023-12-07,43668.72199799999,2023-12-07,43410.336196,rsi_cross_back,-29.391172601420394,-0.005916953603813502,2,318.1360252034766,40980.90175442188,0.0022031076518001895
BTCUSDT,long,2023-12-08,43506.079476,2023-12-08,43357.336798000004,rsi_cross_back,-16.977584190612465,-0.0034188940900098386,1,264.2907593452585,41251.52278992228,0.002004298684189346
BTCUSDT,long,2023-12-08,43662.550764,2023-12-09,43825.58313,rsi_cross_back,18.53876188340242,0.0037339175826260895,21,241.16252477054607,41406.269980239675,0.0017376821012528765
BTCUSDT,long,2023-12-09,44005.129266,2023-12-09,43882.681708000004,rsi_cross_back,-13.817958984691415,-0.0027825746689627007,4,210.0017005415663,42030.20627640476,0.0017385462953854304
BTCUSDT,short,2023-12-12,41812.930914,2023-12-13,41457.7068,rsi_cross_back,42.54355809244677,0.008568349323170965,28,357.2869803693636,42357.19619999449,-0.0004247057393966558
BTCUSDT,long,2023-12-14,42606.309558,2023-12-15,42584.111474,rsi_cross_back,-2.587999788600317,-0.000521004617163201,13,389.1410761931983,42230.10375600111,0.0002109166274500326
BTCUSDT,short,2023-12-17,41946.397602000005,2023-12-18,41596.988937999995,rsi_cross_back,41.723729944717505,0.008399854723158073,17,238.38128913337124,42247.58074239045,-0.0001368525210857794
BTCUSDT,short,2023-12-18,41274.213191999996,2023-12-18,41487.690802,rsi_cross_back,-25.56976769021268,-0.005145565006710595,1,332.1070778102955,42088.28789995349,-0.0009525471096270482
BTCUSDT,short,2023-12-18,41393.287002000005,2023-12-18,41635.101314,rsi_cross_back,-28.853887873409697,-0.005807943402762472,1,328.99870484663217,42056.03974701414,-0.0007662025363446469
BTCUSDT,long,2023-12-19,42526.493597999994,2023-12-19,42325.173272,rsi_cross_back,-23.511691642576697,-0.004733997773318954,1,340.08389557766975,42193.542905738446,0.00014359330907616334
BTCUSDT,long,2023-12-20,42431.9847,2023-12-20,42300.178272,rsi_cross_back,-15.42397324533333,-0.0031062989141774633,1,316.86985735573614,42196.77612512125,7.662829807933738e-05
BTCUSDT,long,2023-12-20,42436.495602,2023-12-21,43511.026054,rsi_cross_back,125.70853806737753,0.025320904489327223,36,308.0908463934663,42196.77612512125,7.662829807933738e-05
BTCUSDT,long,2023-12-25,43532.114682,2023-12-26,43438.16063,rsi_cross_back,-10.728544319989672,-0.0021582698815881818,3,211.70779939768988,43216.27558648284,0.00024370758218431092
BTCUSDT,long,2023-12-26,43511.890638000004,2023-12-26,43398.928478,rsi_cross_back,-12.903669009497909,-0.0025961216197153414,1,199.5732439243391,43230.38752426783,0.0003265422018320322
BTCUSDT,short,2023-12-28,43068.591996,2023-12-29,42647.348824,rsi_cross_back,49.08769493037787,0.009877358935919345,22,239.84722292089165,43073.04746719156,-2.262594601242506e-05
BTCUSDT,short,2023-12-29,42279.544217999995,2023-12-30,42235.671176,rsi_cross_back,5.164931688593054,0.0010387674867806673,23,307.5985404536375,42967.34143058554,-0.00010004835741486822
BTCUSDT,short,2023-12-31,42266.331576,2024-01-01,42466.73495400001,rsi_cross_back,-23.465237603289886,-0.004719067246801267,2,229.85540053930026,42669.75543750521,-4.851017820924365e-05
BTCUSDT,long,2024-01-05,43853.588964,2024-01-05,43619.454364000005,rsi_cross_back,-26.54157928016804,-0.005339006579192507,4,494.4559187946061,43402.43393064554,5.903908117999553e-05
BTCUSDT,long,2024-01-05,43780.09426799999,2024-01-05,43477.342792,rsi_cross_back,-34.3684487991847,-0.00691527693263283,3,458.3518533702582,43417.14122748297,0.00033885880365454817
BTCUSDT,long,2024-01-05,43963.861014,2024-01-06,43689.980256,rsi_cross_back,-30.950371039908276,-0.006229679370353347,9,476.6558889722432,43440.25655993656,0.00015011695857292844
BTCUSDT,long,2024-01-11,46286.2554,2024-01-11,45998.088542000005,rsi_cross_back,-30.9212364594402,-0.006225754395331684,8,581.5319783101634,44991.86150207523,0.0010075803644455914
BTCUSDT,short,2024-01-14,42897.617808,2024-01-14,42964.675345999996,rsi_cross_back,-7.749358030749751,-0.0015607597976703413,7,249.56181949504276,44505.39442342581,-0.0013682453522654708
BTCUSDT,short,2024-01-15,42659.63022,2024-01-15,42706.237044,rsi_cross_back,-5.4181867076123496,-0.0010913352996186898,1,288.8653419345164,44146.38256909758,-0.0014590482457709102
BTCUSDT,short,2024-01-15,42573.773052000004,2024-01-15,42689.450402,rsi_cross_back,-13.4524018595769,-0.0027097409057901256,1,264.83791261432015,44090.24129187807,-0.0012717073053865493
BTCUSDT,short,2024-01-15,42672.322758,2024-01-15,42843.969492000004,rsi_cross_back,-19.8865324238251,-0.004006321917301658,1,249.52457771336753,44035.6432020005,-0.0012383259487315295
BTCUSDT,short,2024-01-15,42207.4398,2024-01-15,42688.040684,rsi_cross_back,-55.87333033602905,-0.011258443261841555,3,287.7037940487707,44035.6432020005,-0.0012383259487315295
BTCUSDT,short,2024-01-15,42636.5256,2024-01-16,42701.458,rsi_cross_back,-7.542241313224177,-0.001520613183746522,4,320.5964996694956,43928.555435602924,-0.0008688247670958397
BTCUSDT,short,2024-01-18,42669.322158,2024-01-18,42764.315426,rsi_cross_back,-11.01691390582697,-0.0022213209086527907,5,257.35800463344253,43476.77511759122,-0.0006573667042704233
BTCUSDT,short,2024-01-20,41490.586458,2024-01-20,41647.088916,rsi_cross_back,-18.635323048166487,-0.0037578246661047476,1,370.4837949080681,42802.712913128846,-0.0010894188000640241
BTCUSDT,short,2024-01-24,39621.9228,2024-01-24,39646.449124,rsi_cross_back,-3.067234425150448,-0.0006186259940528238,1,359.7712046159728,41433.0549749968,-0.0015103153205782375
BTCUSDT,short,2024-01-24,39769.062222,2024-01-24,39868.004804000004,rsi_cross_back,-12.304503928792716,-0.0024817540402742866,4,329.4305222953253,41216.90906742262,-0.0011535327344318303
BTCUSDT,long,2024-01-29,42168.642042,2024-01-29,42045.049308,rsi_cross_back,-14.529638245304499,-0.0029309156760822797,6,250.46679560055415,41360.94827714783,0.0006617255942825552
BTCUSDT,long,2024-01-31,43369.77222,2024-01-31,42532.671764,atr_hard_stop<entry-2.5*ATR@entry,-95.67054904394726,-0.019301472273215436,5,313.0544277952119,42100.22189693151,0.0005313357486420243
BTCUSDT,long,2024-02-02,43250.73841799999,2024-02-02,42919.424398,rsi_cross_back,-37.93279011180543,-0.007660308982426645,3,272.0200119630512,42374.62213185725,0.0007458883224271152
BTCUSDT,long,2024-02-02,43070.582394,2024-02-02,42944.05947,rsi_cross_back,-14.540877073917217,-0.002937571701320252,1,273.87525514568716,42408.64047962755,0.0008028000264981261
BTCUSDT,long,2024-02-04,43068.71202,2024-02-04,42865.4252,rsi_cross_back,-23.360690303542906,-0.00472005802972697,3,130.018620883111,42619.0946699107,0.00021642519907888797
BTCUSDT,long,2024-02-05,42827.883863999996,2024-02-05,42635.501194,rsi_cross_back,-22.22670874324232,-0.0044919956963297425,9,193.4755990487724,42648.25875908172,6.704672379804957e-05
BTCUSDT,long,2024-02-10,47191.4364,2024-02-12,48060.386,rsi_cross_back,91.08978244714054,0.018413289916303643,41,290.3773283927962,44335.989287817705,0.00259893770666789
BTCUSDT,long,2024-02-13,49409.289882000005,2024-02-14,49376.112801999996,rsi_cross_back,-3.3248149375331812,-0.0006714745360486551,8,431.71979597413684,46861.13482326929,0.001898553986959154
BTCUSDT,long,2024-02-17,51814.16076,2024-02-18,51520.523834,rsi_cross_back,-28.059863162459695,-0.005667117284020251,4,301.8717402456824,49821.583785136136,0.0012902165864087495
BTCUSDT,long,2024-02-20,51919.48182,2024-02-20,51828.912144,rsi_cross_back,-8.634809000669822,-0.0017444256534376867,2,271.2856249197357,50711.96344624297,0.0006993267963132402
BTCUSDT,long,2024-02-20,52130.413997999996,2024-02-20,51669.664000000004,rsi_cross_back,-43.74581958224614,-0.008838410491381676,5,266.1574837369172,50756.171938547166,0.0008717566684449419
BTCUSDT,long,2024-02-21,51521.402219999996,2024-02-22,51228.562238,rsi_cross_back,-28.119857818820318,-0.005683851164406395,3,400.9066631405884,51021.237856696396,2.9410101318862027e-05
BTCUSDT,short,2024-02-24,50980.003961999995,2024-02-24,51058.48626,rsi_cross_back,-7.6024007378317595,-0.0015371058515201153,1,240.09315725103653,51115.63193722464,-0.00021208863542406642
BTCUSDT,short,2024-02-24,51005.118984,2024-02-24,51080.881779999996,rsi_cross_back,-7.335187363987516,-0.0014831927985561322,1,229.7610896705366,51113.791469098185,-3.6005974233451295e-05
BTCUSDT,long,2024-02-25,51570.281994,2024-02-26,51462.875366,rsi_cross_back,-10.299424803932911,-0.0020827233020074276,8,189.83010658956152,51218.74178481961,0.00024333607051265794
BTCUSDT,long,2024-02-29,61612.32,2024-02-29,61362.665012000005,rsi_cross_back,-20.035899846830343,-0.004052030308223986,2,1018.3618211623324,55414.20822027783,0.005446080781255097
BTCUSDT,long,2024-03-01,61536.39481799999,2024-03-01,61299.747598,rsi_cross_back,-19.01155005580475,-0.0038456464779891286,1,823.9157309343103,56076.734926743615,0.0036740125079476878
BTCUSDT,long,2024-03-05,66880.12335,2024-03-05,66394.608422,rsi_cross_back,-35.88146581472748,-0.007259480151661335,1,977.9211713561697,61015.23518865223,0.003433042056605302
BTCUSDT,long,2024-03-05,66823.54203599998,2024-03-05,66759.69539000001,rsi_cross_back,-4.720799805126463,-0.0009554513881586679,5,951.1775916285335,61015.23518865223,0.003433042056605302
BTCUSDT,long,2024-03-08,67086.06452999999,2024-03-09,68090.969082,rsi_cross_back,74.00801193517876,0.014979333771332204,40,630.5689511314911,63437.071632301595,0.002183421453734148
BTCUSDT,long,2024-03-11,69333.653958,2024-03-12,71652.45664199999,rsi_cross_back,165.3602408808338,0.033444114821997495,32,540.4991547652457,66169.96292725892,0.0015039306259904115
BTCUSDT,long,2024-03-13,72019.77107399999,2024-03-13,72169.21327,rsi_cross_back,10.27681450918277,0.0020750162597220623,12,762.6093451203634,68143.40460410046,0.001985713509645518
BTCUSDT,long,2024-03-13,72367.27056,2024-03-14,72869.4232,rsi_cross_back,34.36969095986126,0.006938946793408007,21,676.5671430477308,68655.64179408987,0.002628533438057745
BTCUSDT,long,2024-03-15,71924.392002,2024-03-15,71617.663602,rsi_cross_back,-21.130535862559785,-0.004264594965105339,1,922.6741881085092,69707.10692670362,0.0009857519425403032
BTCUSDT,long,2024-03-16,69213.920016,2024-03-16,68997.207798,4h_trend_reversal,-15.510652100243659,-0.003131049620508475,1,1024.9160679338127,69457.38714887973,2.4953729432357286e-05
BTCUSDT,short,2024-03-17,66597.506838,2024-03-17,67113.684578,rsi_cross_back,-38.09432657999657,-0.007691095240048851,1,864.8133929376426,68800.484702447,-0.0010933581387135415
BTCUSDT,short,2024-03-20,63116.250726,2024-03-20,64094.758484000005,rsi_cross_back,-75.58695096128747,-0.015266580000364183,1,1054.7833024598042,66872.48159120051,-0.001993187193259472
BTCUSDT,long,2024-03-26,70080.56331,2024-03-26,69463.774466,rsi_cross_back,-43.54239957951837,-0.00880113992907905,2,698.6599134217222,67025.07675836518,0.0019677490920420233
BTCUSDT,long,2024-03-26,70014.680136,2024-03-27,69712.044802,rsi_cross_back,-21.375328610061057,-0.004322455425235683,10,650.1225134641247,67121.25688548811,0.0014349871984433093
BTCUSDT,long,2024-03-30,69946.88657999999,2024-03-30,69920.0132,rsi_cross_back,-1.8995131766936875,-0.0003841969430512515,2,403.3993291589979,68649.79661651675,0.0007144223323057589
BTCUSDT,long,2024-04-01,69744.006012,2024-04-01,69572.0828,rsi_cross_back,-12.187305283131995,-0.0024650607533271973,1,534.1292949701415,69305.56770446272,0.00020171620333949968
BTCUSDT,long,2024-04-01,69725.732358,2024-04-01,69635.87004000001,rsi_cross_back,-6.371050739484327,-0.00128879704753182,1,503.3331165813964,69305.56770446272,0.00020171620333949968
BTCUSDT,short,2024-04-03,66149.217198,2024-04-03,66504.73639199999,rsi_cross_back,-26.424636442573036,-0.005345772546250682,1,609.6765288356909,68479.1063018942,-0.0013412665529907214
BTCUSDT,short,2024-04-03,66210.859524,2024-04-03,66614.604414,rsi_cross_back,-29.951600375628804,-0.0060609065166969955,4,584.2103767682254,68387.21938809443,-0.001341824079810259
BTCUSDT,short,2024-04-03,65849.17720199999,2024-04-03,66126.772,rsi_cross_back,-20.738856979517536,-0.004197918476952167,7,631.0733116064092,68295.94647091426,-0.0013346487545018069
BTCUSDT,short,2024-04-03,65976.472656,2024-04-04,66274.7424,rsi_cross_back,-22.22904490202619,-0.0045005040110123185,1,558.9062763565329,68104.75373189739,-0.001388934994469914
BTCUSDT,short,2024-04-04,65757.528876,2024-04-04,66078.38168,rsi_cross_back,-23.977745852980167,-0.004855639557787783,5,548.308877243186,68020.77436986219,-0.0012330910462696075
BTCUSDT,long,2024-04-07,69323.551938,2024-04-07,69017.49374,rsi_cross_back,-21.796144097760337,-0.0044149237805027886,1,427.7207042594793,68115.07232308477,0.0005713513471390845
BTCUSDT,long,2024-04-07,69213.84,2024-04-09,71041.7888,rsi_cross_back,130.35619138876646,0.02641016305409427,31,425.7955562237351,68115.07232308477,0.0005713513471390845
BTCUSDT,long,2024-04-11,70873.001766,2024-04-11,69586.61989199999,rsi_cross_back,-89.70626532856714,-0.018150520535975545,2,574.8769477876896,69318.17136232204,0.0003917158365013693
BTCUSDT,long,2024-04-11,70218.030798,2024-04-11,70085.73005,rsi_cross_back,-9.303642908603246,-0.0018841420999202718,1,607.8466389096321,69344.9097402702,0.0003857340351406659
BTCUSDT,long,2024-04-11,70473.761934,2024-04-11,70101.386918,rsi_cross_back,-26.08864622711577,-0.005283881628863951,2,593.0924590598365,69344.9097402702,0.0003857340351406659
BTCUSDT,short,2024-04-17,63310.49956799999,2024-04-18,61809.385650000004,rsi_cross_back,119.87895134084926,0.024286180848005046,27,671.7979726799604,66150.65887379534,-0.0014224517467106503
BTCUSDT,long,2024-04-21,64834.9644,2024-04-21,64759.045600000005,rsi_cross_back,-5.786964476966813,-0.0011709546030073126,1,408.7333594222366,64655.460784745075,0.00024514518679458056
BTCUSDT,long,2024-04-23,66223.98214800001,2024-04-23,66030.78120200001,rsi_cross_back,-14.417145692298474,-0.0029173864170267683,1,391.65009345924085,65083.31607220619,0.0006378777079788056
BTCUSDT,long,2024-04-23,66522.59185799999,2024-04-23,66339.669412,rsi_cross_back,-13.586882321689297,-0.002749779298895194,7,402.3704720590208,65120.989559570655,0.0005788501514377468
BTCUSDT,short,2024-04-26,64319.891405999995,2024-04-26,64487.01001800001,rsi_cross_back,-12.803091222621157,-0.002591508149522914,2,494.9201536935654,65074.26645740258,-0.00036110608737294436
BTCUSDT,short,2024-04-26,64394.116248,2024-04-26,64541.079202,rsi_cross_back,-11.248060230880474,-0.002277045190707705,2,482.61440148132795,65074.26645740258,-0.00036110608737294436
BTCUSDT,short,2024-04-27,63290.645597999996,2024-04-27,63449.287604000005,rsi_cross_back,-12.349460282884689,-0.002500296094577581,3,414.4796071000895,64513.60375835911,-0.000734311735216859
BTCUSDT,short,2024-04-28,63496.706802,2024-04-28,63577.311994,rsi_cross_back,-6.261279531815304,-0.001267829505085194,1,325.80358961240483,64433.5427873683,-0.0003280537757913684
BTCUSDT,short,2024-04-29,62804.57840399999,2024-04-29,63020.623354,rsi_cross_back,-16.92918815189462,-0.0034281626950346533,1,465.8440743363542,64026.06620918162,-0.0006288099516553067
BTCUSDT,short,2024-04-29,62882.574,2024-04-29,62974.772526,rsi_cross_back,-7.228657194755254,-0.0014640549271048853,1,455.9235130757342,64026.06620918162,-0.0006288099516553067
BTCUSDT,short,2024-05-03,59051.808,2024-05-03,59279.231781999995,rsi_cross_back,-18.940950846767745,-0.003836483287036341,1,484.39777382526745,61318.93208203846,-0.0014146055762198563
BTCUSDT,long,2024-05-05,63248.577186,2024-05-06,63994.368566,rsi_cross_back,58.20385490717079,0.0117914333125122,31,493.6309517684214,61815.05881613185,0.0013733087976262593
BTCUSDT,long,2024-05-06,64216.400711999995,2024-05-06,63581.271201999996,rsi_cross_back,-48.8491998504251,-0.009890456378090273,1,471.6446181914653,62404.96809294322,0.001398874495880241
BTCUSDT,long,2024-05-07,63908.499144,2024-05-07,63226.842102,rsi_cross_back,-52.65427144883469,-0.010666140671901525,2,521.0971358997582,62572.464741025025,0.0003867871483686826
BTCUSDT,long,2024-05-07,63682.423938,2024-05-07,63477.731914,rsi_cross_back,-15.859005933040693,-0.00321426245017431,4,492.7489171583986,62598.62259431816,0.00041804096101056876
BTCUSDT,short,2024-05-11,61111.26981,2024-05-11,61202.297092,rsi_cross_back,-7.337171608853262,-0.0014873180636205685,1,343.37516096193616,62127.25688198051,-0.0006257600354956305
BTCUSDT,short,2024-05-11,61028.783316,2024-05-12,61087.78,rsi_cross_back,-4.763934546827767,-0.0009657689966797722,8,329.3576999392763,62088.697788569516,-0.0006206469647330747
BTCUSDT,long,2024-05-16,65475.082398,2024-05-16,65222.162958,rsi_cross_back,-19.053629342465243,-0.0038628350013000246,2,484.9537517429734,63056.76961795326,0.0013806938938351154
BTCUSDT,long,2024-05-17,65521.791738,2024-05-17,65327.771832,rsi_cross_back,-14.603205303344577,-0.0029611507996579745,1,444.2966153714694,63142.19865254333,0.0013547956089039895
BTCUSDT,long,2024-05-17,65399.087202,2024-05-19,66819.62340200001,rsi_cross_back,107.10357798000513,0.021721040167003602,58,428.5970816213183,63142.19865254333,0.0013547956089039895
BTCUSDT,long,2024-05-21,70236.264444,2024-05-22,69941.728856,rsi_cross_back,-20.700038007970107,-0.004193497338327745,5,539.5973653707397,66583.12209247012,0.0016596433052401614
BTCUSDT,long,2024-05-26,69087.43472399999,2024-05-26,68979.421356,rsi_cross_back,-7.715820965366498,-0.0015634299989787381,9,247.99174217783553,68016.45851206253,0.0007651727851369263
BTCUSDT,long,2024-05-26,69149.967228,2024-05-26,68834.220402,rsi_cross_back,-22.532883181005595,-0.004566116784392893,2,236.84090883944444,68148.4626745795,0.0005911645943409642
BTCUSDT,long,2024-05-27,69087.82480199999,2024-05-27,68859.65531399999,rsi_cross_back,-16.29395961091621,-0.003302600547258727,2,289.32733136596437,68216.32196848575,0.00017435460352574616
BTCUSDT,long,2024-06-06,71035.674294,2024-06-06,70889.82919799999,rsi_cross_back,-10.127778379124528,-0.0020531246792475644,1,343.0802015970061,69206.65554988445,0.0010883409056018673
BTCUSDT,long,2024-06-06,70993.075776,2024-06-06,70934.76021,rsi_cross_back,-4.051564744612183,-0.0008214261089912744,7,324.9360921933369,69277.82474400663,0.0010283576565967806
BTCUSDT,short,2024-06-10,69594.396096,2024-06-10,69648.157582,rsi_cross_back,-3.8071332301733896,-0.0007719010504578794,9,175.51840590870538,69629.67031234675,-9.654665221934205e-06
BTCUSDT,short,2024-06-10,69599.397096,2024-06-12,67739.76933600001,rsi_cross_back,135.3948010339226,0.027452525720540022,36,277.34954951495854,69623.70223315567,-7.790677828844305e-05
BTCUSDT,short,2024-06-12,68277.642798,2024-06-13,68316.353996,rsi_cross_back,-2.7985129954129917,-0.0005666461357447528,1,586.326526717889,68920.21619891669,-0.000820918067740546
BTCUSDT,short,2024-06-13,67993.225926,2024-06-14,67138.609592,rsi_cross_back,62.86398935288203,0.012729133641484314,31,563.6593010985883,68894.48183817486,-0.0003733934999210614
BTCUSDT,short,2024-06-14,66933.39400199999,2024-06-15,66334.740398,rsi_cross_back,44.59785601074778,0.009024737270518335,27,381.9081936156708,68382.73791091403,-0.0008812676437736554
BTCUSDT,short,2024-06-17,66485.554452,2024-06-17,66593.958544,rsi_cross_back,-8.047966939593234,-0.0016278367342943412,16,221.5279506612801,67419.68133240782,-0.00044950081276859795
BTCUSDT,short,2024-06-18,65763.139998,2024-06-19,65314.874412000005,rsi_cross_back,33.928393165261994,0.00686314702486257,26,479.743204808324,67146.21425743694,-0.0003900315030602763
BTCUSDT,short,2024-06-19,65196.926778,2024-06-19,65293.588670000005,rsi_cross_back,-7.321056319563023,-0.0014804193484989625,1,437.707090239214,66609.83831885133,-0.000785531151244625
BTCUSDT,short,2024-06-19,65223.042,2024-06-20,65145.528288,rsi_cross_back,5.883703404137598,0.0011898546843818192,14,429.4911214488172,66609.83831885133,-0.000785531151244625
BTCUSDT,short,2024-06-20,65155.67853,2024-06-22,64290.53932,rsi_cross_back,66.54594710365619,0.013456711036344604,37,382.2730485448516,66300.89692263804,-8.066893129865287e-05
BTCUSDT,short,2024-06-25,61036.214802,2024-06-25,61455.716398000004,rsi_cross_back,-33.77894847945584,-0.006826079339523505,4,570.8199135505374,64152.0820534483,-0.0018096890553498989
BTCUSDT,short,2024-06-25,61199.877528,2024-06-25,61187.76,rsi_cross_back,0.9796614526808965,0.00019803843121568576,2,517.2267873339017,64016.124325862096,-0.002119303430758955
BTCUSDT,short,2024-06-26,61574.322402,2024-06-26,61707.675996,rsi_cross_back,-10.69045961380354,-0.002161053577980243,2,429.21445339887447,63606.15972365216,-0.0010705559223181597
BTCUSDT,short,2024-06-26,61484.774496000005,2024-06-26,61747.648,rsi_cross_back,-21.05766964299608,-0.004257222947180006,5,398.78344902234943,63532.19345997953,-0.0011628789411905125
BTCUSDT,short,2024-06-28,61362.280002,2024-06-28,61535.240490000004,rsi_cross_back,-13.899989082757903,-0.0028107550506463186,2,329.05614566682976,62747.73891576391,-0.0005978062009419428
BTCUSDT,short,2024-06-28,61407.369018,2024-06-29,61040.08954,rsi_cross_back,29.751709226822086,0.00601702062968501,19,328.45009566898096,62653.595585063114,-0.00062735039727859
