identifier	project_id	status
SMA-35060	ba6b1beb-575f-4959-b19a-c5ff2c72cb0e	done
SMA-35047		done
SMA-35043	ba6b1beb-575f-4959-b19a-c5ff2c72cb0e	done
SMA-35041	ba6b1beb-575f-4959-b19a-c5ff2c72cb0e	done
SMA-35033	ba6b1beb-575f-4959-b19a-c5ff2c72cb0e	done
SMA-35026		done
SMA-35023		done
SMA-34996		done
SMA-34980	ba6b1beb-575f-4959-b19a-c5ff2c72cb0e	done
SMA-34969		done
SMA-34963		done
SMA-34331	ba6b1beb-575f-4959-b19a-c5ff2c72cb0e	done
SMA-34206	d1f4d321-98ed-459d-b3d4-ceacbde591ab	done
SMA-33955	915627d9-d97a-440d-9e50-47c46dcb0eb6	cancelled
SMA-33881	ba6b1beb-575f-4959-b19a-c5ff2c72cb0e	cancelled
SMA-33688	915627d9-d97a-440d-9e50-47c46dcb0eb6	cancelled
SMA-33541	915627d9-d97a-440d-9e50-47c46dcb0eb6	cancelled
SMA-33540	915627d9-d97a-440d-9e50-47c46dcb0eb6	cancelled
SMA-32681	ba6b1beb-575f-4959-b19a-c5ff2c72cb0e	done
SMA-32281	915627d9-d97a-440d-9e50-47c46dcb0eb6	done
SMA-32271	d1f4d321-98ed-459d-b3d4-ceacbde591ab	done
SMA-32270	d1f4d321-98ed-459d-b3d4-ceacbde591ab	done
SMA-32267	d1f4d321-98ed-459d-b3d4-ceacbde591ab	cancelled
SMA-32269	d1f4d321-98ed-459d-b3d4-ceacbde591ab	done
SMA-32266	d1f4d321-98ed-459d-b3d4-ceacbde591ab	done
SMA-32268	d1f4d321-98ed-459d-b3d4-ceacbde591ab	done
SMA-32265	d1f4d321-98ed-459d-b3d4-ceacbde591ab	done
SMA-34940	ba6b1beb-575f-4959-b19a-c5ff2c72cb0e	done
SMA-35055		backlog
SMA-35006	915627d9-d97a-440d-9e50-47c46dcb0eb6	backlog
SMA-35005	915627d9-d97a-440d-9e50-47c46dcb0eb6	done
SMA-35035	ba6b1beb-575f-4959-b19a-c5ff2c72cb0e	done
SMA-35022		done
SMA-35004	915627d9-d97a-440d-9e50-47c46dcb0eb6	backlog
SMA-35072	ba6b1beb-575f-4959-b19a-c5ff2c72cb0e	done
SMA-35021		in_progress
SMA-35003	915627d9-d97a-440d-9e50-47c46dcb0eb6	backlog
SMA-34854	915627d9-d97a-440d-9e50-47c46dcb0eb6	done
SMA-35069	ba6b1beb-575f-4959-b19a-c5ff2c72cb0e	in_review
SMA-35020		done
SMA-35002	915627d9-d97a-440d-9e50-47c46dcb0eb6	done
SMA-34945	ba6b1beb-575f-4959-b19a-c5ff2c72cb0e	done
SMA-35062	ba6b1beb-575f-4959-b19a-c5ff2c72cb0e	in_review
SMA-35001	915627d9-d97a-440d-9e50-47c46dcb0eb6	in_progress
SMA-34992		in_progress
SMA-34991		in_progress
SMA-32071	ba6b1beb-575f-4959-b19a-c5ff2c72cb0e	in_progress
SMA-35054	ba6b1beb-575f-4959-b19a-c5ff2c72cb0e	done
SMA-35000	915627d9-d97a-440d-9e50-47c46dcb0eb6	in_review
SMA-34990		done
SMA-29220	399861eb-fd1d-4a4a-a165-aacacad3ab14	cancelled
SMA-34999	915627d9-d97a-440d-9e50-47c46dcb0eb6	in_review
SMA-34962	915627d9-d97a-440d-9e50-47c46dcb0eb6	done
SMA-29219	d1f4d321-98ed-459d-b3d4-ceacbde591ab	done
SMA-34998	915627d9-d97a-440d-9e50-47c46dcb0eb6	in_progress
SMA-34961	915627d9-d97a-440d-9e50-47c46dcb0eb6	done
SMA-34997	915627d9-d97a-440d-9e50-47c46dcb0eb6	done
SMA-34960	915627d9-d97a-440d-9e50-47c46dcb0eb6	done
SMA-2952	70760f01-5240-4f36-ad07-18d32ca4ca5c	backlog
SMA-2951	70760f01-5240-4f36-ad07-18d32ca4ca5c	backlog
SMA-2167	70760f01-5240-4f36-ad07-18d32ca4ca5c	done
SMA-34878	915627d9-d97a-440d-9e50-47c46dcb0eb6	done
SMA-34876	915627d9-d97a-440d-9e50-47c46dcb0eb6	done
SMA-34725	d1f4d321-98ed-459d-b3d4-ceacbde591ab	done
SMA-34717	70760f01-5240-4f36-ad07-18d32ca4ca5c	done
SMA-34928	3bfac0d2-f958-4cba-91d6-c3c7902b1b6c	done
SMA-34714	d1f4d321-98ed-459d-b3d4-ceacbde591ab	done
SMA-34927	ba6b1beb-575f-4959-b19a-c5ff2c72cb0e	done
SMA-34926	ba6b1beb-575f-4959-b19a-c5ff2c72cb0e	done
SMA-34925	ba6b1beb-575f-4959-b19a-c5ff2c72cb0e	done
SMA-34924	d1f4d321-98ed-459d-b3d4-ceacbde591ab	done
SMA-34923		cancelled
SMA-34742	d1f4d321-98ed-459d-b3d4-ceacbde591ab	done
SMA-35025		cancelled
SMA-34917	ba6b1beb-575f-4959-b19a-c5ff2c72cb0e	done
SMA-35029		cancelled
SMA-35028		cancelled
SMA-35027	ba6b1beb-575f-4959-b19a-c5ff2c72cb0e	done
SMA-35024		cancelled
SMA-34789	3bfac0d2-f958-4cba-91d6-c3c7902b1b6c	done
SMA-35038		in_progress
SMA-35019		in_progress
SMA-35018		done
SMA-35017		done
SMA-34987	ba6b1beb-575f-4959-b19a-c5ff2c72cb0e	done
SMA-35037		in_progress
SMA-35014		cancelled
SMA-34989	ba6b1beb-575f-4959-b19a-c5ff2c72cb0e	done
SMA-34979		done
SMA-34977		done
SMA-34967	915627d9-d97a-440d-9e50-47c46dcb0eb6	done
SMA-34875	915627d9-d97a-440d-9e50-47c46dcb0eb6	done
SMA-34796	3bfac0d2-f958-4cba-91d6-c3c7902b1b6c	done
SMA-35042		cancelled
SMA-35040		cancelled
SMA-35039		cancelled
SMA-35036		in_progress
SMA-35034		cancelled
SMA-34978		done
SMA-34975		done
SMA-34973		done
SMA-34972		done
SMA-34968		done
SMA-34966	915627d9-d97a-440d-9e50-47c46dcb0eb6	in_progress
SMA-34905	3bfac0d2-f958-4cba-91d6-c3c7902b1b6c	done
SMA-34869	ba6b1beb-575f-4959-b19a-c5ff2c72cb0e	done
SMA-34652	915627d9-d97a-440d-9e50-47c46dcb0eb6	done
SMA-35032		done
SMA-34995		done
SMA-34988		done
SMA-34974		done
SMA-34971		done
SMA-34965		done
SMA-34964		cancelled
SMA-34955	915627d9-d97a-440d-9e50-47c46dcb0eb6	done
SMA-34954	ba6b1beb-575f-4959-b19a-c5ff2c72cb0e	done
SMA-34952	ba6b1beb-575f-4959-b19a-c5ff2c72cb0e	done
SMA-34951	ba6b1beb-575f-4959-b19a-c5ff2c72cb0e	done
SMA-34938	ba6b1beb-575f-4959-b19a-c5ff2c72cb0e	done
SMA-34937	ba6b1beb-575f-4959-b19a-c5ff2c72cb0e	done
SMA-34936	915627d9-d97a-440d-9e50-47c46dcb0eb6	done
SMA-34934	915627d9-d97a-440d-9e50-47c46dcb0eb6	done
SMA-34920	d1f4d321-98ed-459d-b3d4-ceacbde591ab	done
SMA-34895	ba6b1beb-575f-4959-b19a-c5ff2c72cb0e	done
SMA-34872	99e0c1c1-350c-44de-9597-4bcea7517d9e	done
SMA-35068		in_review
SMA-35067		in_progress
SMA-35052	ba6b1beb-575f-4959-b19a-c5ff2c72cb0e	done
SMA-35031		done
SMA-35016		cancelled
SMA-35011		done
SMA-35010		done
SMA-35009		done
SMA-35008	915627d9-d97a-440d-9e50-47c46dcb0eb6	done
SMA-35007		done
SMA-34994		done
SMA-34993		done
SMA-34970	915627d9-d97a-440d-9e50-47c46dcb0eb6	done
SMA-34959	915627d9-d97a-440d-9e50-47c46dcb0eb6	done
SMA-34958	ba6b1beb-575f-4959-b19a-c5ff2c72cb0e	done
SMA-34957	ba6b1beb-575f-4959-b19a-c5ff2c72cb0e	done
SMA-34950	ba6b1beb-575f-4959-b19a-c5ff2c72cb0e	done
SMA-34948	ba6b1beb-575f-4959-b19a-c5ff2c72cb0e	done
SMA-34947	ba6b1beb-575f-4959-b19a-c5ff2c72cb0e	done
SMA-34946	3bfac0d2-f958-4cba-91d6-c3c7902b1b6c	done
SMA-34942	ba6b1beb-575f-4959-b19a-c5ff2c72cb0e	done
SMA-34921	915627d9-d97a-440d-9e50-47c46dcb0eb6	done
SMA-34912	ba6b1beb-575f-4959-b19a-c5ff2c72cb0e	done
SMA-34871	99e0c1c1-350c-44de-9597-4bcea7517d9e	done
SMA-34752	d1f4d321-98ed-459d-b3d4-ceacbde591ab	done
SMA-30199	915627d9-d97a-440d-9e50-47c46dcb0eb6	in_review
SMA-35073		in_progress
SMA-35071		in_review
SMA-35070	ba6b1beb-575f-4959-b19a-c5ff2c72cb0e	done
SMA-35066		cancelled
SMA-35065	ba6b1beb-575f-4959-b19a-c5ff2c72cb0e	done
SMA-35064		done
SMA-35063		done
SMA-35061		done
SMA-35059		done
SMA-35058	ba6b1beb-575f-4959-b19a-c5ff2c72cb0e	done
SMA-35057		done
SMA-35056		done
SMA-35053		done
SMA-35051		done
SMA-35050		done
SMA-35049		done
SMA-35048		done
SMA-35046	ba6b1beb-575f-4959-b19a-c5ff2c72cb0e	done
SMA-35045		cancelled
SMA-35044		done
SMA-35030		done
SMA-35015		in_progress
SMA-35013		cancelled
SMA-35012		in_progress
SMA-34986	915627d9-d97a-440d-9e50-47c46dcb0eb6	done
SMA-34985		done
SMA-34984		done
SMA-34983		cancelled
SMA-34982		done
SMA-34981		in_review
SMA-34976		done
SMA-34944	d1f4d321-98ed-459d-b3d4-ceacbde591ab	cancelled
SMA-34943	ba6b1beb-575f-4959-b19a-c5ff2c72cb0e	done
SMA-34939	d1f4d321-98ed-459d-b3d4-ceacbde591ab	cancelled
SMA-34935	915627d9-d97a-440d-9e50-47c46dcb0eb6	done
SMA-34932	d1f4d321-98ed-459d-b3d4-ceacbde591ab	cancelled
SMA-34930	ba6b1beb-575f-4959-b19a-c5ff2c72cb0e	done
SMA-34929	ba6b1beb-575f-4959-b19a-c5ff2c72cb0e	done
SMA-34922	ba6b1beb-575f-4959-b19a-c5ff2c72cb0e	done
SMA-34918	915627d9-d97a-440d-9e50-47c46dcb0eb6	done
SMA-34915	915627d9-d97a-440d-9e50-47c46dcb0eb6	done
SMA-34914	ba6b1beb-575f-4959-b19a-c5ff2c72cb0e	done
SMA-34913	915627d9-d97a-440d-9e50-47c46dcb0eb6	done
SMA-34911	ba6b1beb-575f-4959-b19a-c5ff2c72cb0e	done
SMA-34909	ba6b1beb-575f-4959-b19a-c5ff2c72cb0e	done
SMA-34901	d1f4d321-98ed-459d-b3d4-ceacbde591ab	in_progress
SMA-34900	ba6b1beb-575f-4959-b19a-c5ff2c72cb0e	done
SMA-34899	3bfac0d2-f958-4cba-91d6-c3c7902b1b6c	done
SMA-34870	99e0c1c1-350c-44de-9597-4bcea7517d9e	done
SMA-34734	d1f4d321-98ed-459d-b3d4-ceacbde591ab	done
SMA-34733	d1f4d321-98ed-459d-b3d4-ceacbde591ab	done
SMA-30054	915627d9-d97a-440d-9e50-47c46dcb0eb6	in_progress
