pair,direction,entry_ts,exit_ts,z_at_entry,z_at_exit,slope15m_at_entry,trend2h_at_entry,pnl_pct,bars_held,exit_reason,entry_price_a,entry_price_b,exit_price_a,exit_price_b
BTCUSDT/ETHUSDT,long_a_short_b,2022-01-06T13:48:00,2022-01-06T13:54:00,-2.5630150632425273,-3.1280178629240476,,1,-0.003374089665763335,7,regime_break,43099.93,3394.46,43175.0,3409.11
BTCUSDT/ETHUSDT,long_a_short_b,2022-01-06T13:55:00,2022-01-06T15:13:00,-3.0057212291413777,-0.4759388066589893,,1,0.001962701645617427,79,z_mean_revert,43156.4,3407.01,42743.49,3365.0
BTCUSDT/ETHUSDT,long_a_short_b,2022-01-19T11:01:00,2022-01-19T11:05:00,-2.919052306408052,0.23875253525956935,,1,0.002046175730242928,5,z_mean_revert,41569.88,3088.55,41828.98,3099.01
BTCUSDT/ETHUSDT,short_a_long_b,2022-02-04T13:32:00,2022-02-04T13:33:00,2.9803425205658343,4.396527395811736,,-1,-0.0024227004706755865,2,regime_break,37659.75,2807.81,37582.98,2797.53
BTCUSDT/ETHUSDT,short_a_long_b,2022-02-04T13:34:00,2022-02-04T13:35:00,4.888624146612548,4.774100998466935,,-1,-0.0008904141711794982,2,regime_break,37562.8,2793.88,37593.22,2795.89
BTCUSDT/ETHUSDT,short_a_long_b,2022-02-04T13:36:00,2022-02-04T13:37:00,3.042217646902048,3.9472651910894645,,-1,-0.0019789370140223853,2,regime_break,37597.63,2801.64,37605.99,2798.96
BTCUSDT/ETHUSDT,short_a_long_b,2022-02-04T13:38:00,2022-02-04T13:39:00,3.5505195779299745,4.132171034656884,,-1,-0.0016788688758031293,2,regime_break,37621.6,2801.16,37609.0,2797.76
BTCUSDT/ETHUSDT,short_a_long_b,2022-02-04T13:40:00,2022-02-04T13:41:00,2.633991538451007,3.3666189447019317,,-1,-0.0017964705998218858,2,regime_break,37661.69,2806.9,37590.0,2798.76
BTCUSDT/ETHUSDT,short_a_long_b,2022-02-04T13:42:00,2022-02-04T13:43:00,3.136294384746469,3.8718881507713845,,-1,-0.0018732070772933033,2,regime_break,37596.86,2799.95,37560.0,2794.2
BTCUSDT/ETHUSDT,short_a_long_b,2022-02-04T13:44:00,2022-02-04T13:45:00,4.733027778560621,4.588815073118772,,-1,-0.0008797875459077613,2,regime_break,37540.74,2788.73,37570.12,2790.69
BTCUSDT/ETHUSDT,long_a_short_b,2022-02-28T01:36:00,2022-02-28T02:13:00,-2.5611452886690858,-0.45161480550884475,,1,0.0038480034269085203,38,z_mean_revert,38280.98,2674.58,37954.81,2639.36
BTCUSDT/ETHUSDT,long_a_short_b,2022-03-14T22:07:00,2022-03-14T22:58:00,-2.591834584428368,0.3037195886237453,,1,0.0035992031471689064,52,z_mean_revert,38738.01,2544.08,39288.79,2569.06
BTCUSDT/ETHUSDT,short_a_long_b,2022-03-17T17:12:00,2022-03-17T17:27:00,3.2134941097232366,0.24956827638600504,,-1,0.003204793459877476,16,z_mean_revert,40658.57,2779.3,40748.97,2796.61
BTCUSDT/ETHUSDT,long_a_short_b,2022-05-02T13:46:00,2022-05-02T13:47:00,-2.9064783234038067,-3.071682608159138,,1,-0.0010083137215467267,2,regime_break,38935.55,2833.61,38878.66,2830.06
BTCUSDT/ETHUSDT,long_a_short_b,2022-05-02T13:48:00,2022-05-02T13:50:00,-3.5218006615753192,-3.326990679605836,,1,-0.0007490699154190976,3,regime_break,38882.74,2831.99,38731.77,2820.85
BTCUSDT/ETHUSDT,long_a_short_b,2022-05-02T13:51:00,2022-05-02T14:18:00,-3.012107639346763,-0.48682899479695124,,1,0.0017518393779745408,28,z_mean_revert,38854.02,2828.96,38684.25,2809.38
BTCUSDT/ETHUSDT,short_a_long_b,2022-07-24T10:36:00,2022-07-24T10:50:00,2.9844787888732682,3.0217828226985244,,-1,-0.001474797421140849,15,regime_break,22548.12,1585.93,22491.11,1580.85
BTCUSDT/ETHUSDT,short_a_long_b,2022-08-06T05:19:00,2022-08-06T05:27:00,2.5313919791420996,3.806464939700941,,-1,-0.003580180415029698,9,regime_break,23154.66,1723.42,23156.56,1718.77
BTCUSDT/ETHUSDT,short_a_long_b,2022-08-06T05:28:00,2022-08-06T05:29:00,4.360850108488405,4.012057623473472,,-1,-0.0004631072426914733,2,regime_break,23157.96,1716.64,23147.73,1716.46
BTCUSDT/ETHUSDT,short_a_long_b,2022-08-18T22:14:00,2022-08-18T22:21:00,2.9262135043840622,0.33915337191878503,,-1,0.0012026923271927456,8,z_mean_revert,23344.02,1864.59,23380.65,1871.25
BTCUSDT/ETHUSDT,long_a_short_b,2022-08-20T04:58:00,2022-08-20T04:59:00,-3.421341626809018,-3.0104084048934525,,1,-0.00016729863590922921,2,regime_break,21267.9,1650.64,21239.61,1647.4
BTCUSDT/ETHUSDT,long_a_short_b,2022-08-20T05:00:00,2022-08-20T06:13:00,-2.903872595013556,-0.4940130797304639,,1,0.0023434366201119613,74,z_mean_revert,21219.96,1645.69,21155.4,1635.51
BTCUSDT/ETHUSDT,long_a_short_b,2022-08-22T15:21:00,2022-08-22T15:42:00,-2.6009067405774733,-3.0552130033788543,,1,-0.002107578593315206,22,regime_break,21297.65,1578.69,21344.81,1584.25
BTCUSDT/ETHUSDT,short_a_long_b,2022-08-30T12:29:00,2022-08-30T12:30:00,2.515027743967868,3.626543095438309,,-1,-0.0028279783055806577,2,regime_break,20355.59,1577.31,20316.6,1571.09
BTCUSDT/ETHUSDT,short_a_long_b,2022-09-02T16:51:00,2022-09-02T16:52:00,2.6489518143283215,3.2179671875849483,,-1,-0.0017986945539216529,2,regime_break,20116.04,1609.76,20118.51,1608.35
BTCUSDT/ETHUSDT,short_a_long_b,2022-09-02T16:53:00,2022-09-02T16:55:00,3.565225949553114,3.603206252931077,,-1,-0.0009571284549528596,3,regime_break,20115.33,1607.01,20128.88,1607.84
BTCUSDT/ETHUSDT,short_a_long_b,2022-09-02T16:56:00,2022-09-02T16:57:00,3.329055547197596,3.430404391394366,,-1,-0.0010578583880705753,2,regime_break,20132.35,1608.87,20112.89,1606.9
BTCUSDT/ETHUSDT,short_a_long_b,2022-09-02T16:58:00,2022-09-02T17:01:00,3.2388498863598842,3.3969311350462683,,-1,-0.0013360105833758232,4,regime_break,20122.34,1608.1,20094.21,1604.99
BTCUSDT/ETHUSDT,long_a_short_b,2022-10-11T07:31:00,2022-10-11T07:32:00,-3.419636500374727,-3.0504699498956365,,1,-0.000561433940766553,2,regime_break,19093.52,1283.74,19098.67,1283.78
BTCUSDT/ETHUSDT,long_a_short_b,2022-10-11T07:33:00,2022-10-11T07:37:00,-2.9013326966448254,-3.031487008567794,,1,-0.001019883299038548,5,regime_break,19100.03,1283.77,19106.84,1284.51
BTCUSDT/ETHUSDT,long_a_short_b,2022-10-11T07:38:00,2022-10-11T07:46:00,-2.624765750797061,-3.0484884737596927,,1,-0.0013542421097700644,9,regime_break,19100.75,1283.7,19078.26,1282.9
BTCUSDT/ETHUSDT,long_a_short_b,2022-10-15T13:57:00,2022-10-15T13:58:00,-3.372673813601894,-3.0742393323551496,,1,-0.000619429860826836,2,regime_break,19174.93,1289.87,19174.23,1289.59
BTCUSDT/ETHUSDT,long_a_short_b,2022-10-15T13:59:00,2022-10-15T14:01:00,-2.770125948010188,-3.0333861041098142,,1,-0.0010597691055923334,3,regime_break,19168.68,1288.96,19176.49,1289.82
BTCUSDT/ETHUSDT,long_a_short_b,2022-10-15T14:02:00,2022-10-15T14:03:00,-4.445915671121992,-3.6210680496855545,,1,-0.00021074714922006898,2,regime_break,19172.43,1291.14,19162.79,1289.73
BTCUSDT/ETHUSDT,long_a_short_b,2022-10-15T14:04:00,2022-10-15T14:05:00,-3.720436196232788,-3.8581805922458092,,1,-0.0009611507317125227,2,regime_break,19166.81,1290.19,19161.79,1290.06
BTCUSDT/ETHUSDT,long_a_short_b,2022-10-15T14:06:00,2022-10-15T15:43:00,-3.4319637397095777,-0.37250631944338586,,1,0.0004996529963372749,98,z_mean_revert,19159.62,1289.5,19131.18,1285.91
BTCUSDT/ETHUSDT,short_a_long_b,2022-10-24T03:09:00,2022-10-24T03:11:00,2.6278430748326347,4.28264411042085,,-1,-0.002582371963807705,3,regime_break,19396.15,1350.04,19380.58,1346.55
BTCUSDT/ETHUSDT,short_a_long_b,2022-10-24T03:12:00,2022-10-24T03:13:00,3.907866223316573,4.180286957087486,,-1,-0.0012558441644754162,2,regime_break,19376.01,1346.53,19368.87,1345.42
BTCUSDT/ETHUSDT,short_a_long_b,2022-10-24T03:14:00,2022-10-24T03:15:00,3.540695018475316,3.000585922290405,,-1,-0.0002954071491597425,2,regime_break,19352.72,1345.04,19373.17,1347.14
BTCUSDT/ETHUSDT,long_a_short_b,2022-12-07T13:55:00,2022-12-07T14:36:00,-2.5286003506569292,-3.28870262934705,,1,-0.0028756497295499887,42,regime_break,16868.86,1235.39,16890.24,1239.52
BTCUSDT/ETHUSDT,short_a_long_b,2022-12-24T14:59:00,2022-12-24T15:00:00,2.5882363560548027,3.253066071912772,,-1,-0.0010143196652566458,2,regime_break,16832.41,1218.39,16832.84,1218.16
BTCUSDT/ETHUSDT,short_a_long_b,2022-12-26T10:59:00,2022-12-26T11:02:00,2.6881707178595886,3.042076387339619,,-1,-0.0009371019563692899,4,regime_break,16847.65,1219.0,16846.09,1218.72
BTCUSDT/ETHUSDT,short_a_long_b,2023-02-08T05:42:00,2023-02-08T06:01:00,2.5448285616748336,0.39810368790573186,,-1,0.0004386047571517622,20,z_mean_revert,23216.27,1673.94,23218.72,1676.19
BTCUSDT/ETHUSDT,long_a_short_b,2023-02-20T19:37:00,2023-02-20T19:45:00,-2.6545787587480105,-3.347540724309091,,1,-0.001620358731840276,9,regime_break,24839.81,1702.23,24859.27,1704.96
BTCUSDT/ETHUSDT,long_a_short_b,2023-03-22T12:20:00,2023-03-22T12:53:00,-2.929847477179156,-0.48611252997807464,,1,0.0014942452177350248,34,z_mean_revert,28215.66,1799.99,28232.27,1796.92
BTCUSDT/ETHUSDT,long_a_short_b,2023-04-25T11:39:00,2023-04-25T11:40:00,-2.5739056073767723,-3.2736757454764764,,1,-0.0014304127011050874,2,regime_break,27413.39,1826.74,27400.01,1827.0
BTCUSDT/ETHUSDT,long_a_short_b,2023-04-25T11:41:00,2023-04-25T11:46:00,-3.0953567860862155,-3.363152758000823,,1,-0.0012949725247318514,6,regime_break,27411.86,1827.62,27419.44,1829.03
BTCUSDT/ETHUSDT,long_a_short_b,2023-04-25T11:47:00,2023-04-25T11:48:00,-2.8883481043253454,-3.024000206937358,,1,-0.000981915572265323,2,regime_break,27424.99,1828.69,27424.95,1829.02
BTCUSDT/ETHUSDT,long_a_short_b,2023-04-25T11:49:00,2023-04-25T12:35:00,-2.8661552023460724,-0.4697009629669775,,1,0.001034261062492515,47,z_mean_revert,27424.01,1828.78,27377.29,1822.31
BTCUSDT/ETHUSDT,long_a_short_b,2023-05-21T05:19:00,2023-05-21T05:44:00,-2.7403602673010288,-0.47903807460863956,,1,0.00014555570655585615,26,z_mean_revert,27095.87,1815.73,27113.88,1815.22
BTCUSDT/ETHUSDT,short_a_long_b,2023-05-23T22:00:00,2023-05-23T22:23:00,2.5318860400448195,0.47761007056290083,,-1,0.00026277261511000805,24,z_mean_revert,27186.43,1848.09,27207.7,1851.5
BTCUSDT/ETHUSDT,long_a_short_b,2023-06-07T02:36:00,2023-06-07T03:31:00,-2.6251851345845827,-3.0105985200553,,1,-0.006709634969054279,56,regime_break,26936.42,1874.83,26752.38,1873.1
BTCUSDT/ETHUSDT,short_a_long_b,2023-06-26T00:36:00,2023-06-26T00:49:00,2.6566210219256163,3.2457655824824214,,-1,-0.0019070010852107792,14,regime_break,30503.67,1896.8,30490.64,1893.89
BTCUSDT/ETHUSDT,short_a_long_b,2023-07-01T02:11:00,2023-07-01T02:22:00,2.598783579917942,3.041987428453131,,-1,-0.0020608567419249982,12,regime_break,30455.75,1926.46,30466.01,1924.68
BTCUSDT/ETHUSDT,short_a_long_b,2023-07-17T07:59:00,2023-07-17T08:03:00,2.6875638225930203,3.422440536494184,,-1,-0.0012478133214074197,5,regime_break,30281.0,1928.69,30282.0,1927.89
BTCUSDT/ETHUSDT,short_a_long_b,2023-07-17T08:04:00,2023-07-17T08:05:00,3.69676870688078,3.1614526975039996,,-1,-0.0005465782578442984,2,regime_break,30272.64,1926.92,30275.18,1927.57
BTCUSDT/ETHUSDT,short_a_long_b,2023-07-17T08:06:00,2023-07-17T09:56:00,2.9544527234550757,3.0939161313927857,,-1,-0.0035514425460535285,111,regime_break,30279.35,1928.0,30185.98,1916.75
BTCUSDT/ETHUSDT,long_a_short_b,2023-07-22T02:59:00,2023-07-22T03:01:00,-2.544234217752777,-3.493021449241416,,1,-0.0011711134955376449,3,regime_break,29935.48,1894.78,29932.27,1895.28
BTCUSDT/ETHUSDT,long_a_short_b,2023-07-22T03:02:00,2023-07-22T06:17:00,-3.35592059577984,-0.47168948597717597,,1,-0.0013329900882447002,196,z_mean_revert,29922.0,1894.6,29867.99,1892.19
BTCUSDT/ETHUSDT,long_a_short_b,2023-08-26T21:09:00,2023-08-26T21:24:00,-2.6072257091995046,-3.1439102293895362,,1,-0.0011778974905443987,16,regime_break,26017.73,1647.52,26039.64,1649.53
BTCUSDT/ETHUSDT,long_a_short_b,2023-09-19T13:56:00,2023-09-19T13:57:00,-3.8645815260141205,-3.7965109381976796,,1,-0.0008437442286880252,2,regime_break,26970.79,1637.85,26984.76,1638.77
BTCUSDT/ETHUSDT,long_a_short_b,2023-09-19T13:58:00,2023-09-19T13:59:00,-3.9201636616239655,-3.939645760918095,,1,-0.000920634936118691,2,regime_break,26942.88,1636.53,26968.77,1638.3
BTCUSDT/ETHUSDT,long_a_short_b,2023-09-19T14:00:00,2023-09-19T14:01:00,-3.9526137885871573,-3.373636686996128,,1,-0.0004306597779901493,2,regime_break,26961.0,1638.03,26953.84,1636.99
BTCUSDT/ETHUSDT,long_a_short_b,2023-09-19T14:02:00,2023-09-19T14:03:00,-4.153891419304858,-3.130222231263675,,1,-1.4647163309210892e-05,2,regime_break,26914.32,1635.8,26959.15,1637.24
BTCUSDT/ETHUSDT,long_a_short_b,2023-09-19T14:04:00,2023-09-19T14:05:00,-2.8019969655016017,-3.2425235012844995,,1,-0.0012337442541089142,2,regime_break,26933.92,1635.32,26940.19,1636.41
BTCUSDT/ETHUSDT,long_a_short_b,2023-09-19T14:06:00,2023-09-19T14:18:00,-3.191824889062052,0.2099816233791275,,1,0.0021605698017773908,13,z_mean_revert,26966.0,1638.0,27158.44,1644.84
BTCUSDT/ETHUSDT,long_a_short_b,2023-10-12T21:43:00,2023-10-12T23:52:00,-2.605396335807303,-0.3996791539943312,,1,-0.00033066092786269085,130,z_mean_revert,26724.66,1537.07,26738.42,1537.14
BTCUSDT/ETHUSDT,long_a_short_b,2023-11-02T12:52:00,2023-11-02T13:18:00,-2.5891969407808904,-3.2454514506961036,,1,-0.001959780795476406,27,regime_break,35431.85,1842.3,35174.2,1831.04
BTCUSDT/ETHUSDT,short_a_long_b,2023-11-13T21:13:00,2023-11-13T21:15:00,2.6592763183387067,3.6522396624341553,,-1,-0.0035199682904130994,3,regime_break,36567.57,2064.46,36500.0,2055.03
BTCUSDT/ETHUSDT,short_a_long_b,2023-12-28T05:09:00,2023-12-28T05:10:00,3.6789929782438824,3.277339797915006,,-1,-0.00025055569325658155,2,regime_break,43284.0,2393.11,43275.23,2393.94
BTCUSDT/ETHUSDT,short_a_long_b,2023-12-28T05:11:00,2023-12-28T05:13:00,3.017065229452082,3.5420723655935014,,-1,-0.0017275067630472033,3,regime_break,43209.02,2391.16,43183.14,2387.51
BTCUSDT/ETHUSDT,short_a_long_b,2023-12-28T05:14:00,2023-12-28T05:15:00,3.2889377445155286,3.2500423361715076,,-1,-0.0007690643448602146,2,regime_break,43170.06,2387.73,43215.19,2390.3
BTCUSDT/ETHUSDT,long_a_short_b,2024-01-23T22:11:00,2024-01-23T23:54:00,-2.567323295965294,-0.47750549921121543,,1,0.0003694650492330982,104,z_mean_revert,39329.74,2215.66,39879.68,2244.05
BTCUSDT/ETHUSDT,long_a_short_b,2024-01-26T22:14:00,2024-01-26T22:15:00,-3.043661183449024,-3.142799478330475,,1,-0.0010293453564468084,2,regime_break,41838.93,2264.43,41844.67,2265.26
BTCUSDT/ETHUSDT,long_a_short_b,2024-02-09T21:47:00,2024-02-10T00:51:00,-2.629583664397771,-0.4867962376283201,,1,-0.0026844399772315334,185,z_mean_revert,47400.0,2497.27,47071.9,2484.69
BTCUSDT/ETHUSDT,short_a_long_b,2024-02-17T01:50:00,2024-02-17T02:09:00,2.7157143172445046,0.4407757976564942,,-1,0.0009901810140046327,20,z_mean_revert,51873.62,2779.99,51949.44,2789.03
BTCUSDT/ETHUSDT,long_a_short_b,2024-04-12T11:04:00,2024-04-12T11:54:00,-2.725762928754096,-0.3249039290911643,,1,0.0016144205177512035,51,z_mean_revert,70832.0,3537.09,70933.73,3533.63
BTCUSDT/ETHUSDT,long_a_short_b,2024-05-11T00:02:00,2024-05-11T02:17:00,-2.774698927356898,-0.43787156082050743,,1,-0.0010814355591072015,136,z_mean_revert,60815.99,2913.45,60778.0,2912.45
BTCUSDT/ETHUSDT,long_a_short_b,2024-05-13T06:44:00,2024-05-13T06:45:00,-2.6041217881392527,-3.1476886971779114,,1,-0.0015893487234751361,2,regime_break,61477.56,2915.57,61514.22,2919.61
BTCUSDT/ETHUSDT,long_a_short_b,2024-05-29T21:45:00,2024-05-29T21:46:00,-2.9498279341319855,-4.3595375018458675,,1,-0.0022494212500721914,2,regime_break,67591.61,3777.16,67664.0,3786.68
BTCUSDT/ETHUSDT,long_a_short_b,2024-05-29T21:47:00,2024-05-29T21:48:00,-2.8620312548351343,-3.506985715763042,,1,-0.0015241171191338935,2,regime_break,67673.13,3782.07,67782.66,3790.93
BTCUSDT/ETHUSDT,long_a_short_b,2024-05-29T21:49:00,2024-05-29T21:50:00,-3.7789170180972986,-3.3317079663773086,,1,-0.00043937625754817344,2,regime_break,67691.45,3787.31,67739.99,3788.66
BTCUSDT/ETHUSDT,long_a_short_b,2024-05-29T21:51:00,2024-05-29T21:52:00,-3.8814862162822927,-3.64390954809922,,1,-0.0006759642424595029,2,regime_break,67765.5,3792.8,67716.91,3789.61
BTCUSDT/ETHUSDT,long_a_short_b,2024-05-29T21:53:00,2024-05-29T22:01:00,-3.4915965949805248,-0.4924532232012663,,1,0.0024936931180462815,9,z_mean_revert,67670.17,3786.81,67661.46,3773.85
BTCUSDT/ETHUSDT,short_a_long_b,2024-06-02T02:40:00,2024-06-02T04:50:00,2.5515832405524894,0.4172908865965254,,-1,-9.426963094192264e-05,131,z_mean_revert,67762.2,3807.83,67841.26,3814.96
BTCUSDT/ETHUSDT,long_a_short_b,2024-07-14T19:54:00,2024-07-14T20:39:00,-2.5735785037444314,0.2543411645679246,,1,0.0010346174048244902,46,z_mean_revert,59905.59,3190.57,60223.53,3201.65
BTCUSDT/ETHUSDT,short_a_long_b,2024-07-23T13:28:00,2024-07-23T13:31:00,2.8948658570790013,3.5602834978279625,,-1,-0.0021915098765521216,4,regime_break,66460.0,3482.59,66196.0,3463.91
BTCUSDT/ETHUSDT,long_a_short_b,2024-09-10T13:20:00,2024-09-10T13:21:00,-2.5678217672697987,-3.2527228761575637,,1,-0.0012491615705335405,2,regime_break,56894.3,2343.01,56898.37,2344.23
BTCUSDT/ETHUSDT,long_a_short_b,2024-09-10T13:22:00,2024-09-10T13:23:00,-3.726291228070421,-3.214626749760886,,1,-0.0005118616105196143,2,regime_break,56907.99,2345.38,56942.1,2346.11
BTCUSDT/ETHUSDT,long_a_short_b,2024-09-10T13:24:00,2024-09-10T13:35:00,-3.1271388276302257,-3.251435586871046,,1,-0.0011768526713117114,12,regime_break,56937.63,2345.87,56731.71,2338.27
BTCUSDT/ETHUSDT,short_a_long_b,2024-09-23T20:59:00,2024-09-23T21:09:00,2.5735813636390388,3.123854341627958,,-1,-0.0022574728293967886,11,regime_break,63308.0,2661.58,63339.14,2659.01
BTCUSDT/ETHUSDT,long_a_short_b,2024-10-26T04:06:00,2024-10-26T04:07:00,-3.264626930302332,-3.0784957807274522,,1,-0.000660399860677207,2,regime_break,66904.0,2457.89,66854.0,2455.71
BTCUSDT/ETHUSDT,long_a_short_b,2024-10-26T04:08:00,2024-10-26T04:09:00,-3.713744426133822,-3.557088300624653,,1,-0.0007434771384834164,2,regime_break,66816.0,2456.03,66872.01,2457.95
BTCUSDT/ETHUSDT,long_a_short_b,2024-10-26T04:10:00,2024-10-26T04:11:00,-3.910767553884203,-3.2801516372327253,,1,-0.0002127394706688872,2,regime_break,66892.0,2459.78,66926.66,2459.61
BTCUSDT/ETHUSDT,long_a_short_b,2024-10-26T04:12:00,2024-10-26T07:33:00,-3.214967727521591,-0.46741155367357734,,1,-0.0018292938650748872,202,z_mean_revert,66931.33,2459.76,67054.0,2466.8
BTCUSDT/ETHUSDT,long_a_short_b,2024-11-05T01:58:00,2024-11-05T02:48:00,-2.520645383743797,-0.2209930460391563,,1,0.001372502617847627,51,z_mean_revert,68026.01,2412.71,67848.71,2401.18
BTCUSDT/ETHUSDT,short_a_long_b,2024-11-07T06:31:00,2024-11-07T06:34:00,2.5539104229658194,3.0813838299003593,,-1,-0.0023747401839274477,4,regime_break,74778.0,2818.42,74662.01,2809.61
BTCUSDT/ETHUSDT,short_a_long_b,2024-11-07T06:35:00,2024-11-07T06:36:00,3.30998812262035,3.150750308949063,,-1,-0.00039242962337802045,2,regime_break,74647.99,2807.19,74700.0,2810.29
BTCUSDT/ETHUSDT,short_a_long_b,2024-11-07T06:37:00,2024-11-07T06:38:00,3.128576974263937,3.1161823611002313,,-1,-0.0008764168680117417,2,regime_break,74740.0,2811.74,74741.99,2811.6
BTCUSDT/ETHUSDT,short_a_long_b,2024-11-07T06:39:00,2024-11-07T06:40:00,3.47775783244303,3.3100717385830576,,-1,-0.0004903408116949441,2,regime_break,74659.9,2804.9,74644.5,2805.19
BTCUSDT/ETHUSDT,short_a_long_b,2024-11-07T06:41:00,2024-11-07T06:42:00,3.537947848408873,4.093521653691386,,-1,-0.003007393947980085,2,regime_break,74580.01,2800.0,74490.0,2790.44
BTCUSDT/ETHUSDT,short_a_long_b,2024-11-07T06:43:00,2024-11-07T06:44:00,4.098199335004195,4.099190345483989,,-1,-0.0012777260333264088,2,regime_break,74477.99,2788.6,74519.98,2788.84
BTCUSDT/ETHUSDT,short_a_long_b,2024-11-07T06:45:00,2024-11-07T06:46:00,3.874923965952765,4.06146147065567,,-1,-0.0020086657978096493,2,regime_break,74536.36,2790.4,74518.0,2786.34
BTCUSDT/ETHUSDT,short_a_long_b,2024-11-07T06:47:00,2024-11-07T06:48:00,4.1168995227113285,4.03047485573247,,-1,-0.001069336625121408,2,regime_break,74467.99,2782.22,74442.01,2780.5
BTCUSDT/ETHUSDT,short_a_long_b,2024-11-07T06:49:00,2024-11-07T06:50:00,3.844482103106503,3.472391142039165,,-1,0.0002865364761341034,2,regime_break,74488.95,2782.79,74592.98,2789.7
BTCUSDT/ETHUSDT,short_a_long_b,2024-11-07T06:51:00,2024-11-07T07:56:00,3.3396915573976718,0.4443445259864325,,-1,0.0077901805875869815,66,z_mean_revert,74645.99,2792.12,74842.36,2823.45
BTCUSDT/ETHUSDT,long_a_short_b,2024-11-11T09:23:00,2024-11-11T09:48:00,-2.9722890048105195,-0.4857718876837026,,1,0.00251633466780612,26,z_mean_revert,81430.0,3167.74,81644.01,3165.56
BTCUSDT/ETHUSDT,long_a_short_b,2024-11-19T11:13:00,2024-11-19T11:14:00,-3.0217156503342912,-3.0098661525505417,,1,-0.0008733886872793521,2,regime_break,91713.36,3129.32,91686.7,3128.64
BTCUSDT/ETHUSDT,long_a_short_b,2024-11-19T11:15:00,2024-11-19T11:21:00,-3.05320733452333,-0.4214165677841237,,1,0.0024698588138991847,7,z_mean_revert,91664.01,3128.33,91676.0,3118.51
BTCUSDT/ETHUSDT,short_a_long_b,2024-11-27T00:42:00,2024-11-27T01:05:00,2.598832842428661,3.039598887074993,,-1,-0.0028282037995666968,24,regime_break,91992.87,3313.03,92040.06,3308.01
BTCUSDT/ETHUSDT,long_a_short_b,2025-01-07T01:24:00,2025-01-07T01:36:00,-2.7651604893166493,-3.0821206992552854,,1,-0.001951726908015349,13,regime_break,101862.85,3684.85,101803.86,3686.96
BTCUSDT/ETHUSDT,long_a_short_b,2025-02-03T07:45:00,2025-02-03T08:24:00,-2.5102968840793483,-0.3426279778449305,,1,0.0158259606285768,40,z_mean_revert,94670.4,2593.01,95368.15,2569.01
BTCUSDT/ETHUSDT,short_a_long_b,2025-02-11T10:05:00,2025-02-11T10:28:00,2.520289669506689,3.0467387189252735,,-1,-0.0018999906857863672,24,regime_break,98008.2,2698.76,97909.37,2693.07
BTCUSDT/ETHUSDT,long_a_short_b,2025-03-10T23:38:00,2025-03-10T23:43:00,-2.5029704153437664,-3.025982579541662,,1,-0.003247806655056506,6,regime_break,79376.76,1892.52,79270.54,1894.62
BTCUSDT/ETHUSDT,long_a_short_b,2025-03-10T23:44:00,2025-03-10T23:58:00,-2.934419607599706,-0.010848402818077372,,1,0.008057066625041487,15,z_mean_revert,79230.76,1893.52,78524.91,1859.88
BTCUSDT/ETHUSDT,long_a_short_b,2025-03-11T13:27:00,2025-03-11T13:34:00,-3.4852534893293985,-0.3404363849068099,,1,0.014090927709740098,8,z_mean_revert,82071.59,1955.09,81021.84,1900.97
BTCUSDT/ETHUSDT,long_a_short_b,2025-03-29T23:45:00,2025-03-29T23:53:00,-2.594929136821587,-3.256253767882128,,1,-0.0019071204912980192,9,regime_break,82483.06,1824.61,82643.99,1830.19
BTCUSDT/ETHUSDT,long_a_short_b,2025-03-29T23:54:00,2025-03-30T00:27:00,-2.873317647670457,-0.25346385346192324,,1,0.00220885896484393,34,z_mean_revert,82659.07,1829.7,82620.91,1823.35
BTCUSDT/ETHUSDT,long_a_short_b,2025-03-31T11:17:00,2025-03-31T11:22:00,-2.591300680041256,-3.0479535629683783,,1,-0.0016842240101616382,6,regime_break,82201.44,1808.19,82135.12,1808.33
BTCUSDT/ETHUSDT,long_a_short_b,2025-03-31T11:23:00,2025-03-31T11:42:00,-2.747527022002515,-3.09855366904184,,1,-0.002505549285858754,20,regime_break,82048.4,1805.87,81968.89,1807.2
BTCUSDT/ETHUSDT,long_a_short_b,2025-04-05T20:43:00,2025-04-05T20:46:00,-3.709689089655998,0.013888260749439638,,1,0.003963860175975631,4,z_mean_revert,83089.99,1800.32,82991.06,1789.6
BTCUSDT/ETHUSDT,long_a_short_b,2025-04-15T13:48:00,2025-04-15T13:53:00,-2.681210648093801,0.14625283266750785,,1,0.005423078641252044,6,z_mean_revert,86439.21,1660.41,86140.02,1644.33
BTCUSDT/ETHUSDT,short_a_long_b,2025-05-04T02:37:00,2025-05-04T03:22:00,2.668634761161015,0.4896752249373235,,-1,0.001007502628916935,46,z_mean_revert,96047.19,1834.07,95702.34,1830.8
BTCUSDT/ETHUSDT,short_a_long_b,2025-05-14T02:08:00,2025-05-14T02:09:00,2.70746534856064,3.204237833899254,,-1,-0.003672165525295456,2,regime_break,103538.0,2638.77,103523.05,2630.81
BTCUSDT/ETHUSDT,short_a_long_b,2025-05-14T02:10:00,2025-05-14T04:26:00,3.216922443485818,0.38715393547805577,,-1,0.006883543092129152,137,z_mean_revert,103553.99,2630.32,103670.91,2653.5
BTCUSDT/ETHUSDT,long_a_short_b,2025-05-21T22:31:00,2025-05-21T22:39:00,-2.714089163059267,-0.12304509614445465,,1,0.00338809156699429,9,z_mean_revert,108764.43,2528.49,108818.18,2519.15
BTCUSDT/ETHUSDT,short_a_long_b,2025-05-23T06:11:00,2025-05-23T08:38:00,2.580099160737004,0.37882274536374544,,-1,-0.0034416967955169567,148,z_mean_revert,110545.45,2671.49,111024.1,2676.0
BTCUSDT/ETHUSDT,long_a_short_b,2025-06-06T03:27:00,2025-06-06T04:04:00,-2.6179448148256297,-3.0478216437223864,,1,-0.005116443405306459,38,regime_break,102290.17,2443.8,102399.06,2456.95
BTCUSDT/ETHUSDT,short_a_long_b,2025-06-10T05:52:00,2025-06-10T06:04:00,2.7532487189486057,3.497741561240611,,-1,-0.002606830119025049,13,regime_break,109246.45,2666.0,109204.94,2660.17
BTCUSDT/ETHUSDT,short_a_long_b,2025-06-10T15:33:00,2025-06-10T15:35:00,3.3661270798320873,3.009954814893198,,-1,-3.174036866102558e-05,3,regime_break,108376.28,2698.59,108666.51,2707.89
BTCUSDT/ETHUSDT,short_a_long_b,2025-06-10T15:36:00,2025-06-10T16:01:00,3.0746074081796695,0.4957279430766536,,-1,0.007301592914004474,26,z_mean_revert,108618.95,2705.38,109163.86,2740.87
BTCUSDT/ETHUSDT,short_a_long_b,2025-07-02T23:52:00,2025-07-03T01:24:00,2.590653709575245,0.1095614213977792,,-1,0.0019157915733595495,93,z_mean_revert,108798.0,2570.22,109056.63,2583.31
BTCUSDT/ETHUSDT,short_a_long_b,2025-07-16T03:09:00,2025-07-16T04:43:00,2.9373954590730555,0.443032688283896,,-1,0.001903864930973854,95,z_mean_revert,117322.72,3105.5,117594.47,3121.09
BTCUSDT/ETHUSDT,long_a_short_b,2025-08-01T12:05:00,2025-08-01T12:06:00,-2.520295461942597,-3.5890174818677876,,1,-0.0020437816330954642,2,regime_break,115458.96,3649.92,115489.97,3655.44
BTCUSDT/ETHUSDT,long_a_short_b,2025-08-01T12:07:00,2025-08-01T12:08:00,-4.200708210692049,-3.682378514111247,,1,-0.0003504635174348174,2,regime_break,115444.0,3657.11,115500.0,3657.24
BTCUSDT/ETHUSDT,long_a_short_b,2025-08-01T12:09:00,2025-08-01T12:10:00,-4.320265004578541,-3.0674767443114077,,1,0.0006147352714443117,2,regime_break,115490.13,3660.45,115418.78,3653.01
BTCUSDT/ETHUSDT,long_a_short_b,2025-08-01T12:11:00,2025-08-01T12:12:00,-2.922637835863236,-3.2402929581314814,,1,-0.0013057419843017551,2,regime_break,115461.08,3654.0,115500.01,3657.08
BTCUSDT/ETHUSDT,long_a_short_b,2025-08-01T12:13:00,2025-08-01T12:27:00,-3.204727488036993,-0.37622510825448424,,1,0.002734539864866071,15,z_mean_revert,115490.26,3657.0,115261.8,3636.84
BTCUSDT/ETHUSDT,long_a_short_b,2025-08-16T18:15:00,2025-08-16T18:56:00,-2.587542875912942,-0.4606533861625419,,1,0.0010785604616557983,42,z_mean_revert,117710.57,4416.01,117678.47,4406.51
BTCUSDT/ETHUSDT,long_a_short_b,2025-08-29T12:46:00,2025-08-29T12:47:00,-3.1786223409664784,-3.7452434522202815,,1,-0.00227439523003845,2,regime_break,110736.62,4409.66,110754.41,4416.87
BTCUSDT/ETHUSDT,long_a_short_b,2025-08-29T12:48:00,2025-08-29T13:30:00,-3.2574492675937283,-0.21548467379459843,,1,0.00495403718055123,43,z_mean_revert,110673.91,4409.62,110296.51,4369.21
BTCUSDT/ETHUSDT,long_a_short_b,2025-10-09T14:18:00,2025-10-09T14:24:00,-2.588295287471489,-3.150899319668351,,1,-0.0016703171282965493,7,regime_break,122210.43,4365.29,121746.0,4352.5
BTCUSDT/ETHUSDT,long_a_short_b,2025-10-09T14:25:00,2025-10-09T14:26:00,-2.5421360327992297,-3.0491101923694854,,1,-0.001397964410182783,2,regime_break,121745.21,4349.86,121769.81,4353.34
BTCUSDT/ETHUSDT,short_a_long_b,2025-11-09T10:09:00,2025-11-09T10:18:00,2.8674104343035287,3.2163665774813732,,-1,-0.0018762599917106818,10,regime_break,101601.75,3390.96,101575.07,3386.42
BTCUSDT/ETHUSDT,long_a_short_b,2025-11-13T23:34:00,2025-11-14T00:16:00,-2.7518549528891385,-0.3786726631448602,,1,0.004906262664415096,43,z_mean_revert,100289.61,3264.27,98847.66,3198.71
BTCUSDT/ETHUSDT,long_a_short_b,2025-12-12T01:20:00,2025-12-12T01:34:00,-2.568583363802089,-3.038426184244756,,1,-0.002345813129011586,15,regime_break,91977.3,3231.25,92265.51,3246.37
BTCUSDT/ETHUSDT,long_a_short_b,2025-12-25T13:54:00,2025-12-25T14:11:00,-2.737679765578279,-3.0698703103069365,,1,-0.0009559184134112268,18,regime_break,87646.63,2933.28,87681.37,2934.9
BTCUSDT/ETHUSDT,long_a_short_b,2026-01-05T08:50:00,2026-01-05T09:06:00,-2.713772246634707,-0.4896131216749907,,1,0.0009738615413634972,17,z_mean_revert,92480.12,3164.31,92375.58,3155.12
BTCUSDT/ETHUSDT,short_a_long_b,2026-01-14T09:54:00,2026-01-14T10:20:00,2.510598713076195,3.9446921252460476,,-1,-0.0031742995576122582,27,regime_break,95010.16,3324.71,95090.0,3319.61
BTCUSDT/ETHUSDT,short_a_long_b,2026-01-18T07:35:00,2026-01-18T08:07:00,2.712731116472435,3.334655262809824,,-1,-0.0015884186296873707,33,regime_break,95050.0,3307.02,95024.63,3303.53
BTCUSDT/ETHUSDT,long_a_short_b,2026-01-19T19:12:00,2026-01-19T19:45:00,-3.180920179142987,-0.4348497143357028,,1,0.0009709075277694275,34,z_mean_revert,93032.03,3220.76,93154.32,3219.29
BTCUSDT/ETHUSDT,short_a_long_b,2026-01-26T21:07:00,2026-01-26T21:08:00,2.9607242363493587,3.1311906514890513,,-1,-0.0010602041963069012,2,regime_break,87598.75,2897.28,87623.66,2897.35
BTCUSDT/ETHUSDT,short_a_long_b,2026-01-26T21:09:00,2026-01-26T22:13:00,2.707182724895047,-0.19197273982720742,,-1,0.0027529175333064434,65,z_mean_revert,87714.28,2901.58,88145.99,2926.17
BTCUSDT/ETHUSDT,long_a_short_b,2026-02-15T23:50:00,2026-02-16T01:41:00,-2.5583228211414677,-0.495924816787105,,1,-0.0003075302236138271,112,z_mean_revert,68767.59,1966.77,68559.5,1959.85
BTCUSDT/ETHUSDT,long_a_short_b,2026-03-15T17:52:00,2026-03-15T17:54:00,-3.7777033075691913,-6.518189893686431,,1,-0.0028984243217658793,3,regime_break,71805.52,2107.85,71964.84,2116.95
BTCUSDT/ETHUSDT,long_a_short_b,2026-03-15T17:55:00,2026-03-15T17:56:00,-4.869780075906058,-4.211922439445821,,1,-0.0004726117068820417,2,regime_break,71839.17,2111.36,71836.49,2110.59
BTCUSDT/ETHUSDT,long_a_short_b,2026-03-15T17:57:00,2026-03-15T17:58:00,-3.7475720182327352,-3.752338741740666,,1,-0.0009015505502506287,2,regime_break,71842.1,2110.25,71816.08,2109.7
BTCUSDT/ETHUSDT,long_a_short_b,2026-03-15T17:59:00,2026-03-15T18:00:00,-4.167312209147449,-3.766641403682027,,1,-0.0005862312406267105,2,regime_break,71819.95,2110.77,71791.41,2109.48
BTCUSDT/ETHUSDT,short_a_long_b,2026-04-01T13:02:00,2026-04-01T13:04:00,3.351256521548623,3.1578494707500977,,-1,-0.0007727391307504654,3,regime_break,68230.49,2118.69,68291.75,2120.65
BTCUSDT/ETHUSDT,short_a_long_b,2026-04-01T13:05:00,2026-04-01T13:07:00,3.641799863839095,4.441260198675554,,-1,-0.001568531505000336,3,regime_break,68231.8,2117.92,68213.04,2115.71
BTCUSDT/ETHUSDT,short_a_long_b,2026-04-01T13:08:00,2026-04-01T13:11:00,3.3180573397181816,0.4690114408235402,,-1,0.0013392723513824486,4,z_mean_revert,68259.29,2118.76,68441.23,2128.94
BTCUSDT/ETHUSDT,long_a_short_b,2026-04-05T10:36:00,2026-04-05T10:46:00,-2.8124231882834665,-0.2986731751479772,,1,0.0008449601909963584,11,z_mean_revert,67119.62,2050.91,67059.85,2045.71
BTCUSDT/ETHUSDT,short_a_long_b,2026-04-08T11:38:00,2026-04-08T13:07:00,2.6431009436093515,4.558808439947748,,-1,-0.00499585277245016,90,regime_break,71462.17,2239.72,72567.66,2264.97
BTCUSDT/ETHUSDT,long_a_short_b,2026-05-31T21:15:00,2026-05-31T21:17:00,-2.6452262099902972,-3.4727343046651287,,1,-0.0014642746762055562,3,regime_break,73702.0,2007.6,73730.87,2009.72
BTCUSDT/ETHUSDT,long_a_short_b,2026-05-31T21:18:00,2026-05-31T21:19:00,-3.398975315320764,-3.0009578628036917,,1,-0.0005599127122115404,2,regime_break,73723.2,2009.51,73675.23,2007.72
BTCUSDT/ETHUSDT,long_a_short_b,2026-05-31T21:20:00,2026-05-31T21:26:00,-2.9298101300064876,-3.0038735270743064,,1,-0.0011252596375264982,7,regime_break,73675.23,2007.71,73626.68,2007.04
BTCUSDT/ETHUSDT,long_a_short_b,2026-05-31T21:27:00,2026-05-31T22:03:00,-2.76534169517126,-0.33580195292054016,,1,0.0010205362994974107,37,z_mean_revert,73627.04,2006.74,73702.01,2005.13
BTCUSDT/ETHUSDT,short_a_long_b,2026-06-02T01:00:00,2026-06-02T01:01:00,2.848018234999441,3.1195540479371937,,-1,-0.0011236242917226128,2,regime_break,71306.01,1995.9,71297.29,1995.01
BTCUSDT/ETHUSDT,short_a_long_b,2026-06-02T01:02:00,2026-06-02T01:04:00,2.6537019270525652,3.129124691450078,,-1,-0.0013759161923314381,3,regime_break,71332.01,1996.76,71261.99,1993.65
BTCUSDT/ETHUSDT,short_a_long_b,2026-06-02T01:05:00,2026-06-02T02:12:00,3.075175638538052,0.3829481956109833,,-1,0.001168137235898837,68,z_mean_revert,71299.37,1994.66,70210.01,1968.11
BTCUSDT/ETHUSDT,long_a_short_b,2026-06-05T10:31:00,2026-06-05T12:05:00,-2.541259513740829,-0.46564933543103537,,1,0.0012603931415755784,95,z_mean_revert,62595.54,1679.93,61822.8,1655.73
BTCUSDT/ETHUSDT,short_a_long_b,2026-06-09T22:27:00,2026-06-09T22:31:00,2.63259109179096,3.193328311173074,,-1,-0.001327852115013827,5,regime_break,61789.83,1647.82,61838.57,1648.25
BTCUSDT/ETHUSDT,short_a_long_b,2026-06-15T20:50:00,2026-06-15T21:09:00,2.595903468107299,0.4371774852655447,,-1,0.0012551084220129524,20,z_mean_revert,66520.9,1815.95,66455.99,1817.91
BTCUSDT/ETHUSDT,short_a_long_b,2026-06-17T01:14:00,2026-06-17T01:15:00,2.8361216767054014,3.316077866128678,,-1,-0.0010406049996351855,2,regime_break,65805.29,1794.16,65731.63,1791.72
BTCUSDT/ETHUSDT,long_a_short_b,2026-06-23T16:09:00,2026-06-23T16:10:00,-2.635065279679645,-3.441104060019372,,1,-0.0014400914350255248,2,regime_break,62722.01,1670.33,62784.0,1673.05
BTCUSDT/ETHUSDT,long_a_short_b,2026-07-09T17:39:00,2026-07-09T17:53:00,-2.7846206866628926,-0.4816500165331804,,1,0.0018515381504101932,15,z_mean_revert,63027.64,1751.13,63099.02,1748.47
