openTime,equity
2021-11-20,100000.0
2021-11-21,100427.05662237648
2021-11-22,101425.52489098754
2021-11-23,100659.09738873763
2021-11-24,99845.79421359953
2021-11-25,101453.825572862
2021-11-26,102325.54123687318
2021-11-27,104044.97948235221
2021-11-28,104697.67664338878
2021-11-29,105669.59596142013
2021-11-30,106427.9513452545
2021-12-01,106571.25230818598
2021-12-02,106172.87015783892
2021-12-03,105470.17357114636
2021-12-04,110307.86204427452
2021-12-05,111539.08904982335
2021-12-06,113775.9336231102
2021-12-07,113388.54685292413
2021-12-08,114051.75825271997
2021-12-09,115714.00993035112
2021-12-10,116899.4891459273
2021-12-11,119021.23560752427
2021-12-12,119647.61965674064
2021-12-13,120591.28732466511
2021-12-14,119949.73549278226
2021-12-15,119067.96388041816
2021-12-16,118228.83911965793
2021-12-17,119412.64810175194
2021-12-18,119583.08722128798
2021-12-19,121016.43894625544
2021-12-20,121259.25836420798
2021-12-21,121971.87870068966
2021-12-22,121637.04323867979
2021-12-23,122812.59960591905
2021-12-24,123263.67850536201
2021-12-25,125010.072584492
2021-12-26,125059.90225775886
2021-12-27,126460.26070191663
2021-12-28,127273.20084166795
2021-12-29,128573.21695809354
2021-12-30,130696.88581129425
2021-12-31,130391.30388052094
2022-01-01,130779.01419101928
2022-01-02,131216.59429365554
2022-01-03,131811.44582274513
2022-01-04,132215.65748149378
2022-01-05,133011.68387242928
2022-01-06,133571.9654214942
2022-01-07,133240.53087210318
2022-01-08,130804.58260214658
2022-01-09,131040.97122723087
2022-01-10,129980.37970570497
2022-01-11,130556.43905719032
2022-01-12,132009.2042755756
2022-01-13,131861.87646701463
2022-01-14,134004.71086455515
2022-01-15,135734.72136881162
2022-01-16,136181.0341090359
2022-01-17,136306.79628763883
2022-01-18,137101.81144804513
2022-01-19,138229.07188483875
2022-01-20,138550.91682144956
2022-01-21,135575.42992045401
2022-01-22,140171.7592707669
2022-01-23,140299.49020890924
2022-01-24,140918.02448290112
2022-01-25,141998.46681974333
2022-01-26,143956.62616544127
2022-01-27,144882.21183020502
2022-01-28,147897.1910616001
2022-01-29,146930.23803413083
2022-01-30,146274.78897158627
2022-01-31,145883.90458952016
2022-02-01,145557.3807595916
2022-02-02,148998.86261646712
2022-02-03,151159.2611658922
2022-02-04,155070.73123750804
2022-02-05,155917.3747712446
2022-02-06,156998.07944862996
2022-02-07,156462.38179721203
2022-02-08,156280.15569519528
2022-02-09,158245.41914837583
2022-02-10,158918.78218265178
2022-02-11,157836.17004912713
2022-02-12,158912.79981175374
2022-02-13,159055.47123018734
2022-02-14,158965.9630226261
2022-02-15,160917.93803415395
2022-02-16,162818.39459018243
2022-02-17,163541.7504879057
2022-02-18,161611.93608887895
2022-02-19,162390.4953292052
2022-02-20,160074.35362703662
2022-02-21,161210.01689001548
2022-02-22,163828.21035118395
2022-02-23,162838.24249998224
2022-02-24,166355.11515503327
2022-02-25,168711.35346156248
2022-02-26,170233.74487337095
2022-02-27,169860.2353820781
2022-02-28,173263.22755952607
2022-03-01,176784.4880834461
2022-03-02,177418.89273083015
2022-03-03,178459.9488671496
2022-03-04,179480.05358392658
2022-03-05,179860.04442767444
2022-03-06,179563.34498615318
2022-03-07,179953.52030655023
2022-03-08,180914.71331003198
2022-03-09,183217.3390940897
2022-03-10,185659.3207909529
2022-03-11,186187.9061005877
2022-03-12,186393.44371995438
2022-03-13,185797.6301482118
2022-03-14,186562.35848152588
2022-03-15,185708.4817450733
2022-03-16,188017.3565060559
2022-03-17,186564.5542835218
2022-03-18,185744.5219381838
2022-03-19,187552.44945907377
2022-03-20,189544.26182482563
2022-03-21,190353.5924947364
2022-03-22,190463.75929072962
2022-03-23,190881.7921373676
2022-03-24,189546.9121828121
2022-03-25,188729.95778245505
2022-03-26,188935.22360802523
2022-03-27,188237.24155694412
2022-03-28,189777.86057752234
2022-03-29,192481.43998846455
2022-03-30,187886.6396129141
2022-03-31,189192.60346571737
2022-04-01,192557.874839979
2022-04-02,192944.935635455
2022-04-03,194003.48064390107
2022-04-04,196510.07841967253
2022-04-05,198281.38113069988
2022-04-06,196971.22180292182
2022-04-07,199560.631870929
2022-04-08,199028.05361104434
2022-04-09,201422.9992247597
2022-04-10,202626.1897173192
2022-04-11,205511.95142128467
2022-04-12,203869.01823023954
2022-04-13,203866.24980400427
2022-04-14,205440.04086538497
2022-04-15,205927.16399564082
2022-04-16,207818.08155250704
2022-04-17,207511.02148774744
2022-04-18,208865.13667147278
2022-04-19,210660.1959833353
2022-04-20,213011.69459905304
2022-04-21,214992.37242280244
2022-04-22,215368.9586120387
2022-04-23,216576.35053326143
2022-04-24,217869.85134174838
2022-04-25,217943.8454246881
2022-04-26,218572.06721810278
2022-04-27,219851.56003855378
2022-04-28,219387.44403561606
2022-04-29,220380.54578992745
2022-04-30,216280.77249489308
2022-05-01,217139.28098010615
2022-05-02,216562.7879464426
2022-05-03,217283.0445503536
2022-05-04,217374.6532933351
2022-05-05,219764.95336937127
2022-05-06,221240.39263048512
2022-05-07,220912.74733199607
2022-05-08,222326.0759126129
2022-05-09,225088.5174552457
2022-05-10,228406.4176603732
2022-05-11,232309.26381271431
2022-05-12,232309.26381271431
2022-05-13,232309.26381271431
2022-05-14,226525.9220985791
2022-05-15,231851.14755106
2022-05-16,235921.99855302746
2022-05-17,239467.84407052086
2022-05-18,238566.15556199237
2022-05-19,240021.78058245598
2022-05-20,240790.29637190473
2022-05-21,242683.41824616597
2022-05-22,243360.3429841268
2022-05-23,241698.32724196187
2022-05-24,245099.94890907608
2022-05-25,247660.2661532735
2022-05-26,243373.9018675929
2022-05-27,246454.3241361915
2022-05-28,251170.96992465455
2022-05-29,250205.06008901462
2022-05-30,253890.87579817357
2022-05-31,256642.42235647843
2022-06-01,260645.48152623163
2022-06-02,264780.3987104415
2022-06-03,266208.23578817357
2022-06-04,266906.537492386
2022-06-05,267525.321646885
2022-06-06,267758.69956590474
2022-06-07,267190.1778207188
2022-06-08,271246.54717359674
2022-06-09,270945.17619691073
2022-06-10,272855.6457002353
2022-06-11,271651.699953043
2022-06-12,277850.1891560418
2022-06-13,286515.1281401797
2022-06-14,286400.09778055956
2022-06-15,279333.0933186038
2022-06-16,280882.22847119457
2022-06-17,283264.20025572594
2022-06-18,279134.19148847315
2022-06-19,283453.7671164936
2022-06-20,279086.5470234183
2022-06-21,280697.311747181
2022-06-22,285121.8421056852
2022-06-23,287055.5817334686
2022-06-24,286309.01988302404
2022-06-25,286669.48911970307
2022-06-26,290344.91497966205
2022-06-27,290689.0204140374
2022-06-28,289948.3851650482
2022-06-29,292522.8135426273
2022-06-30,295310.681042275
2022-07-01,295033.6504784223
2022-07-02,301859.13930016366
2022-07-03,302324.8343915907
2022-07-04,303008.33670909656
2022-07-05,304850.9415018721
2022-07-06,307293.31874001847
2022-07-07,307574.5866910169
2022-07-08,309220.21369286976
2022-07-09,308995.4666087723
2022-07-10,307888.96510155435
2022-07-11,307033.1636931043
2022-07-12,309237.0854205721
2022-07-13,312708.03693281
2022-07-14,310954.7324455235
2022-07-15,314740.1022795626
2022-07-16,314391.46583786735
2022-07-17,316605.8913316182
2022-07-18,315039.3792024577
2022-07-19,307145.60080704594
2022-07-20,307749.75322017074
2022-07-21,308863.6537300802
2022-07-22,308186.2969619925
2022-07-23,310843.1655571552
2022-07-24,310539.9330801121
2022-07-25,314163.4987650026
2022-07-26,316318.15512821294
2022-07-27,319230.92207755795
2022-07-28,323182.4808818104
2022-07-29,326247.70450944686
2022-07-30,326094.5945971468
2022-07-31,326310.2555544442
2022-08-01,331338.3344844425
2022-08-02,333261.90998093394
2022-08-03,330181.10377172474
2022-08-04,333799.6006682654
2022-08-05,336216.45302257687
2022-08-06,337987.1434706998
2022-08-07,339039.80822142237
2022-08-08,339179.4165576621
2022-08-09,344485.55589085
2022-08-10,346431.02348167874
2022-08-11,348316.7869959346
2022-08-12,352449.2125913057
2022-08-13,353123.3883112398
2022-08-14,352478.3027187879
2022-08-15,353598.2114288692
2022-08-16,354161.40984187234
2022-08-17,351657.446285557
2022-08-18,353496.75401159545
2022-08-19,350238.1332918493
2022-08-20,347742.0423376486
2022-08-21,353073.30123566836
2022-08-22,357491.85270963504
2022-08-23,360066.9572370278
2022-08-24,362955.1621986222
2022-08-25,366854.9252229605
2022-08-26,367171.25606220914
2022-08-27,369962.61152335984
2022-08-28,368457.51325909304
2022-08-29,364598.05674881686
2022-08-30,367081.09316048573
2022-08-31,370715.83881385607
2022-09-01,373339.98176552873
2022-09-02,374130.83347318595
2022-09-03,374813.53532944334
2022-09-04,376392.19245827425
2022-09-05,377794.08827302785
2022-09-06,381005.59010475944
2022-09-07,383556.29618809343
2022-09-08,383743.63707653416
2022-09-09,379434.38342833146
2022-09-10,383150.64171286137
2022-09-11,380123.3252550909
2022-09-12,376575.90153498005
2022-09-13,372049.5371899485
2022-09-14,376309.8885867474
2022-09-15,377055.44877988123
2022-09-16,381374.1087857663
2022-09-17,382655.54829241394
2022-09-18,379417.78107933316
2022-09-19,385170.3269984443
2022-09-20,388849.7514150661
2022-09-21,394291.8898868359
2022-09-22,398394.1987614457
2022-09-23,398048.3405723625
2022-09-24,400543.7268429991
2022-09-25,404629.582761169
2022-09-26,407229.4729031503
2022-09-27,412102.79134121287
2022-09-28,415528.7197925902
2022-09-29,414204.080758013
2022-09-30,424042.0655243807
2022-10-01,423343.41942510847
2022-10-02,426227.1228515618
2022-10-03,426649.15314578626
2022-10-04,425751.4117758081
2022-10-05,426703.08397424954
2022-10-06,430558.2604866323
2022-10-07,430482.1419502924
2022-10-08,431209.7034280514
2022-10-09,432218.8310047064
2022-10-10,432800.3564719245
2022-10-11,433852.1545219917
2022-10-12,436423.8491628488
2022-10-13,437456.01069945423
2022-10-14,439644.4513656708
2022-10-15,442523.135664866
2022-10-16,443728.61339006777
2022-10-17,445921.9459832809
2022-10-18,447348.71619696467
2022-10-19,449844.00968567305
2022-10-20,450293.9082295821
2022-10-21,454232.1491018421
2022-10-22,457853.22275006125
2022-10-23,459750.5495958707
2022-10-24,459932.6031814841
2022-10-25,451236.24087669246
2022-10-26,454622.3284359764
2022-10-27,459764.9890478233
2022-10-28,464618.5796619626
2022-10-29,469018.78622882225
2022-10-30,472494.6513591455
2022-10-31,469218.13385780965
2022-11-01,471045.6721183239
2022-11-02,467919.1414877012
2022-11-03,463235.71421182365
2022-11-04,467213.772401849
2022-11-05,471947.211641523
2022-11-06,468730.607197757
2022-11-07,467330.401020646
2022-11-08,469747.2279622791
2022-11-09,469747.2279622791
2022-11-10,469747.2279622791
2022-11-11,469747.2279622791
2022-11-12,469747.2279622791
2022-11-13,471893.8298246973
2022-11-14,475952.006590158
2022-11-15,484826.53049504186
2022-11-16,484826.53049504186
2022-11-17,484840.88125787413
2022-11-18,486193.9363580001
2022-11-19,486193.9363580001
2022-11-20,486193.9363580001
2022-11-21,486193.9363580001
2022-11-22,486193.9363580001
2022-11-23,488769.5672270219
2022-11-24,488769.5672270219
2022-11-25,488769.5672270219
2022-11-26,494181.4691913315
2022-11-27,494181.4691913315
2022-11-28,491133.04603158747
2022-11-29,491133.04603158747
2022-11-30,491133.04603158747
2022-12-01,491873.05707638426
2022-12-02,491873.05707638426
2022-12-03,495316.1093616548
2022-12-04,497467.4393453821
2022-12-05,501362.8285312551
2022-12-06,505152.0160780589
2022-12-07,506368.74936769076
2022-12-08,508658.26262449083
2022-12-09,512959.27556940634
2022-12-10,515155.9914461175
2022-12-11,516852.34116999566
2022-12-12,521176.19794871565
2022-12-13,521148.38663220167
2022-12-14,527978.4883313922
2022-12-15,534396.0315048597
2022-12-16,531344.0946150153
2022-12-17,531087.7298878438
2022-12-18,535432.8535511146
2022-12-19,541908.0312152777
2022-12-20,545106.5720013591
2022-12-21,544515.661785522
2022-12-22,548070.3201200848
2022-12-23,549638.6952563155
2022-12-24,549787.9586624866
2022-12-25,549787.9586624866
2022-12-26,553997.9408970387
2022-12-27,557010.9461877908
2022-12-28,555736.7654539752
2022-12-29,541525.2484589736
2022-12-30,541525.2484589736
2022-12-31,541525.2484589736
2023-01-01,541525.2484589736
2023-01-02,541525.2484589736
2023-01-03,541525.2484589736
2023-01-04,541525.2484589736
2023-01-05,541525.2484589736
2023-01-06,541525.2484589736
2023-01-07,541525.2484589736
2023-01-08,546962.8615214643
2023-01-09,542768.9480998865
2023-01-10,549346.073354064
2023-01-11,547924.6359555045
2023-01-12,543440.6533361119
2023-01-13,549126.2165577343
2023-01-14,554763.7833416964
2023-01-15,564622.727505354
2023-01-16,574898.3245563757
2023-01-17,580417.9975414193
2023-01-18,576616.5066712787
2023-01-19,580716.8171127993
2023-01-20,573932.8014768889
2023-01-21,580986.9862816534
2023-01-22,589671.8638870536
2023-01-23,593080.601491159
2023-01-24,594416.6436561287
2023-01-25,602439.6780760117
2023-01-26,608640.4862455433
2023-01-27,612347.3272816865
2023-01-28,619309.873233918
2023-01-29,627319.1371944142
2023-01-30,631149.5802653532
2023-01-31,638897.3602609441
2023-02-01,635068.9030033632
2023-02-02,637550.9238215612
2023-02-03,644073.4827506753
2023-02-04,648907.0928561484
2023-02-05,648634.4735421282
2023-02-06,654270.8578517826
2023-02-07,654896.0751971237
2023-02-08,658712.2434821056
2023-02-09,658475.325602124
2023-02-10,659957.7158597934
2023-02-11,663706.7043576014
2023-02-12,660677.405146956
2023-02-13,663201.8308867381
2023-02-14,665893.119949613
2023-02-15,670136.8716601671
2023-02-16,668848.5033550528
2023-02-17,674703.4369142837
2023-02-18,677791.4146603637
2023-02-19,681106.3447966239
2023-02-20,676625.9521967961
2023-02-21,682414.9858698993
2023-02-22,676026.3607307257
2023-02-23,679763.5349132566
2023-02-24,682399.629172341
2023-02-25,677916.2288606558
2023-02-26,681950.5538601738
2023-02-27,684952.9448502124
2023-02-28,687812.8773459198
2023-03-01,688225.1204164409
2023-03-02,688211.6220100938
2023-03-03,690006.8011520123
2023-03-04,691445.929310242
2023-03-05,699479.8552940682
2023-03-06,702671.1867893557
2023-03-07,704598.9097339743
2023-03-08,703827.3193690156
2023-03-09,712603.1445657079
2023-03-10,718816.9305338582
2023-03-11,726719.4854375634
2023-03-12,734027.6416534501
2023-03-13,739125.6120887083
2023-03-14,745439.1514571322
2023-03-15,735031.4872746706
2023-03-16,743731.0674809272
2023-03-17,749918.1722704318
2023-03-18,748435.5634291061
2023-03-19,759551.376717234
2023-03-20,764254.1153394518
2023-03-21,774196.9114392763
2023-03-22,790966.6215979194
2023-03-23,798808.0531372512
2023-03-24,798384.0568360921
2023-03-25,803838.8454823802
2023-03-26,806950.6994549097
2023-03-27,809095.9707069553
2023-03-28,818806.0469375163
2023-03-29,822366.1305476188
2023-03-30,823729.6572208906
2023-03-31,827349.0697177257
2023-04-01,833887.0357605027
2023-04-02,834171.8209928689
2023-04-03,836125.8990864572
2023-04-04,837595.4714034317
2023-04-05,840632.6557653033
2023-04-06,843999.7340355812
2023-04-07,846864.8338824383
2023-04-08,851145.1962030933
2023-04-09,853140.0138163244
2023-04-10,853805.7490909795
2023-04-11,857598.5142624058
2023-04-12,873899.5008590595
2023-04-13,884689.8825804392
2023-04-14,885867.036003586
2023-04-15,889893.097966871
2023-04-16,894887.2785906828
2023-04-17,901156.5713010704
2023-04-18,902274.6297358667
2023-04-19,903416.8968980531
2023-04-20,913680.4441120028
2023-04-21,917192.8325276938
2023-04-22,917614.7917621393
2023-04-23,909559.3165249937
2023-04-24,913223.8738049485
2023-04-25,906779.0748524263
2023-04-26,909461.6829447731
2023-04-27,910619.3778420934
2023-04-28,901351.4141083079
2023-04-29,906235.5129421019
2023-04-30,904077.6357955103
2023-05-01,905274.1416066434
2023-05-02,912534.2053901548
2023-05-03,920749.9510163472
2023-05-04,926521.4206324221
2023-05-05,928737.8303869761
2023-05-06,937087.5669143903
2023-05-07,935149.8468199788
2023-05-08,935831.9825371702
2023-05-09,944781.6751148852
2023-05-10,945820.7323468275
2023-05-11,947535.8032118405
2023-05-12,943987.2879881897
2023-05-13,946940.4522237785
2023-05-14,950889.075897807
2023-05-15,953301.2285886207
2023-05-16,957437.2408471524
2023-05-17,960719.8613471765
2023-05-18,961464.8932270475
2023-05-19,965139.4765719362
2023-05-20,967855.1442572185
2023-05-21,969043.6857416767
2023-05-22,970678.4906917601
2023-05-23,973289.8756335522
2023-05-24,975393.6733076554
2023-05-25,978774.1538859272
2023-05-26,981532.1644011984
2023-05-27,976767.3972609969
2023-05-28,982180.3315697368
2023-05-29,988025.7401667847
2023-05-30,984435.5300833402
2023-05-31,992703.0326167858
2023-06-01,1002004.4455756929
2023-06-02,1006530.436906353
2023-06-03,1008377.8997498371
2023-06-04,1011130.2313511949
2023-06-05,1021771.0559694333
2023-06-06,1023759.4465523157
2023-06-07,1026205.6875545287
2023-06-08,1034160.7288026387
2023-06-09,1025022.2408738824
2023-06-10,1047152.1945114773
2023-06-11,1050279.922835797
2023-06-12,1064721.5857005746
2023-06-13,1071660.6115821286
2023-06-14,1083453.3818147166
2023-06-15,1095281.8234773166
2023-06-16,1092895.2141297425
2023-06-17,1093865.5413427423
2023-06-18,1093421.2777483268
2023-06-19,1091192.441244979
2023-06-20,1103626.576532585
2023-06-21,1098977.551537672
2023-06-22,1085779.6413825992
2023-06-23,1079305.8852557922
2023-06-24,1080713.914345309
2023-06-25,1087287.742514038
2023-06-26,1074241.8980137666
2023-06-27,1080852.5625719416
2023-06-28,1083844.304331141
2023-06-29,1082470.3466559746
2023-06-30,1088580.1135337318
2023-07-01,1067532.8025182423
2023-07-02,1075861.6004865055
2023-07-03,1078020.1704360335
2023-07-04,1068729.9075296093
2023-07-05,1074450.90218069
2023-07-06,1074224.2490083496
2023-07-07,1100791.367963838
2023-07-08,1108589.9064520022
2023-07-09,1113700.7287269044
2023-07-10,1127431.743025512
2023-07-11,1137283.114006239
2023-07-12,1144382.0975706847
2023-07-13,1128784.8987235795
2023-07-14,1134131.0684817187
2023-07-15,1118315.685391993
2023-07-16,1142107.047524029
2023-07-17,1140336.1252882814
2023-07-18,1143411.3813434565
2023-07-19,1141423.9730294326
2023-07-20,1133442.0194484594
2023-07-21,1143991.2038909516
2023-07-22,1146944.955773582
2023-07-23,1154091.570627971
2023-07-24,1165549.1496258306
2023-07-25,1168164.1261520833
2023-07-26,1170537.9884688251
2023-07-27,1187091.128396128
2023-07-28,1185875.719700869
2023-07-29,1194729.2066611405
2023-07-30,1203607.4128138926
2023-07-31,1217698.678602223
2023-08-01,1232203.7324203004
2023-08-02,1231241.3544082171
2023-08-03,1235563.0983291038
2023-08-04,1237241.4260700084
2023-08-05,1242730.7358525465
2023-08-06,1250080.0331844394
2023-08-07,1258664.9864090437
2023-08-08,1264936.036306355
2023-08-09,1272928.7981003947
2023-08-10,1281156.8282324036
2023-08-11,1280989.010211073
2023-08-12,1296029.4430495773
2023-08-13,1298432.8940341275
2023-08-14,1302932.5400094974
2023-08-15,1305296.1679121577
2023-08-16,1308407.0988504558
2023-08-17,1321598.3479879107
2023-08-18,1338513.1081139138
2023-08-19,1338697.008263776
2023-08-20,1349739.621857807
2023-08-21,1361729.8107592587
2023-08-22,1366715.1290896293
2023-08-23,1372522.4409890932
2023-08-24,1385768.0099215144
2023-08-25,1399232.6777570723
2023-08-26,1405712.0389976483
2023-08-27,1407171.5374815585
2023-08-28,1411019.9714895436
2023-08-29,1421481.0918882194
2023-08-30,1416748.4472827276
2023-08-31,1421284.1934144576
2023-09-01,1430699.007187806
2023-09-02,1431482.999928767
2023-09-03,1435063.346875095
2023-09-04,1432684.8031321934
2023-09-05,1423608.8837838415
2023-09-06,1433608.85714334
2023-09-07,1450735.1039716422
2023-09-08,1464364.8292132195
2023-09-09,1468760.6029895816
2023-09-10,1473130.5795943546
2023-09-11,1484868.4964195006
2023-09-12,1481559.6634942377
2023-09-13,1485809.6131677548
2023-09-14,1490522.8063290534
2023-09-15,1487541.590662147
2023-09-16,1496969.8685735925
2023-09-17,1500516.5638979648
2023-09-18,1511961.247151023
2023-09-19,1517478.1010885576
2023-09-20,1525523.673519051
2023-09-21,1531538.767786984
2023-09-22,1528734.6099174076
2023-09-23,1535837.4097786217
2023-09-24,1542548.3722757709
2023-09-25,1540565.2675768125
2023-09-26,1542607.1443472663
2023-09-27,1549217.9371826153
2023-09-28,1551050.5895477803
2023-09-29,1566852.0198157742
2023-09-30,1564301.0597668523
2023-10-01,1563423.4222483789
2023-10-02,1605601.943097443
2023-10-03,1612596.605854991
2023-10-04,1602741.298775391
2023-10-05,1624808.782533839
2023-10-06,1630285.5255519366
2023-10-07,1651069.9005652682
2023-10-08,1663356.0171574675
2023-10-09,1657850.9978868102
2023-10-10,1677592.0812415353
2023-10-11,1678539.501934255
2023-10-12,1678709.4209040229
2023-10-13,1677368.438811225
2023-10-14,1680281.3692379878
2023-10-15,1690170.4861503888
2023-10-16,1702748.1833178285
2023-10-17,1720801.2743758748
2023-10-18,1729284.542538619
2023-10-19,1725025.9202812866
2023-10-20,1734925.638418258
2023-10-21,1760252.3891076418
2023-10-22,1745996.3742973548
2023-10-23,1733486.2656898035
2023-10-24,1754602.595860866
2023-10-25,1786106.8426130037
2023-10-26,1794249.0350609506
2023-10-27,1816054.8532707887
2023-10-28,1838283.4872985503
2023-10-29,1845085.9651018323
2023-10-30,1850368.114868215
2023-10-31,1835599.8463001584
2023-11-01,1807297.0167611532
2023-11-02,1805464.4554009975
2023-11-03,1844782.973358892
2023-11-04,1858282.74189758
2023-11-05,1875874.5272734053
2023-11-06,1880545.1825055853
2023-11-07,1909298.9943945957
2023-11-08,1919714.7507742331
2023-11-09,1901227.670516109
2023-11-10,1931843.1823316256
2023-11-11,1881173.14589589
2023-11-12,1965810.8178049177
2023-11-13,2030271.5411437904
2023-11-14,2069251.1468743673
2023-11-15,2067603.242783434
2023-11-16,2059971.1633607582
2023-11-17,2124545.219711737
2023-11-18,2190440.1540415105
2023-11-19,2203739.735357093
2023-11-20,2213567.7149517275
2023-11-21,2297574.516913258
2023-11-22,2292638.7158725373
2023-11-23,2311353.8998036794
2023-11-24,2346073.6771942205
2023-11-25,2370841.5114020575
2023-11-26,2385261.530659396
2023-11-27,2388240.3844732796
2023-11-28,2412926.0200982834
2023-11-29,2406168.9890072993
2023-11-30,2411495.5886915443
2023-12-01,2416509.0835357313
2023-12-02,2423423.4663083875
2023-12-03,2433193.8975776546
2023-12-04,2410867.1100789956
2023-12-05,2424716.65957744
2023-12-06,2442261.7493661963
2023-12-07,2464000.639887813
2023-12-08,2484632.116340215
2023-12-09,2499619.7728553745
2023-12-10,2464050.9997941237
2023-12-11,2480095.936502414
2023-12-12,2478137.4803404906
2023-12-13,2503400.2741143284
2023-12-14,2523598.9529660344
2023-12-15,2548260.690723923
2023-12-16,2575010.0091475686
2023-12-17,2576698.476962012
2023-12-18,2639278.5884343963
2023-12-19,2656771.630485735
2023-12-20,2694266.1117957206
2023-12-21,2748980.2825027723
2023-12-22,2795207.7266234835
2023-12-23,2814571.330348487
2023-12-24,2819147.73357323
2023-12-25,2781906.3636269257
2023-12-26,2778142.7577445805
2023-12-27,2806831.386634361
2023-12-28,2832691.213663941
2023-12-29,2832691.213663941
2023-12-30,2896855.3287464865
2023-12-31,2950275.1690534856
2024-01-01,3012934.3630868387
2024-01-02,3020193.23672354
2024-01-03,3030015.0939345085
2024-01-04,3036421.3808487593
2024-01-05,3034485.532861382
2024-01-06,3029186.9172802595
2024-01-07,3025226.3995699114
2024-01-08,3050461.8778331233
2024-01-09,3077674.10055493
2024-01-10,3135494.7707603634
2024-01-11,3142682.234977257
2024-01-12,3184554.115318303
2024-01-13,3184260.2664263328
2024-01-14,3142938.605019982
2024-01-15,3167998.4598601093
2024-01-16,3211844.343673083
2024-01-17,3217356.265425187
2024-01-18,3184787.920349517
2024-01-19,3168982.4269752786
2024-01-20,3174872.1165295816
2024-01-21,3164275.6128386934
2024-01-22,3174108.555663413
2024-01-23,3167653.3461871506
2024-01-24,3147165.3126762756
2024-01-25,3171971.02987482
2024-01-26,3217881.7414281205
2024-01-27,3230557.4366908595
2024-01-28,3240859.4784705024
2024-01-29,3240699.7948508835
2024-01-30,3248325.560725405
2024-01-31,3264798.7994276597
2024-02-01,3315672.761933992
2024-02-02,3305322.577237068
2024-02-03,3321418.9953355556
2024-02-04,3339036.1690724543
2024-02-05,3350388.699371139
2024-02-06,3373915.998040531
2024-02-07,3378551.262246235
2024-02-08,3387598.1669011
2024-02-09,3422431.503423976
2024-02-10,3450093.832351995
2024-02-11,3482992.4029061985
2024-02-12,3522110.215329334
2024-02-13,3520746.946663366
2024-02-14,3540225.6233773497
2024-02-15,3559638.7098621246
2024-02-16,3535398.105561419
2024-02-17,3565507.054974392
2024-02-18,3590291.7938501895
2024-02-19,3616999.0176198175
2024-02-20,3672617.785158313
2024-02-21,3722534.33974856
2024-02-22,3740320.052936917
2024-02-23,3782547.1725991373
2024-02-24,3828796.022814152
2024-02-25,3873170.39577892
2024-02-26,3906136.2356665246
2024-02-27,3906136.2356665246
2024-02-28,3918281.2870298014
2024-02-29,3918281.2870298014
2024-03-01,3918281.2870298014
2024-03-02,3918281.2870298014
2024-03-03,3918281.2870298014
2024-03-04,3918281.2870298014
2024-03-05,3918281.2870298014
2024-03-06,3971567.728182873
2024-03-07,4015206.3548103063
2024-03-08,4015206.3548103063
2024-03-09,4045800.580182941
2024-03-10,4083880.1300913976
2024-03-11,4085578.2036722074
2024-03-12,4085578.2036722074
2024-03-13,4085578.2036722074
2024-03-14,4085578.2036722074
2024-03-15,4116347.4731656536
2024-03-16,4256022.2475099135
2024-03-17,4313759.384461294
2024-03-18,4415166.828771753
2024-03-19,4383507.975222023
2024-03-20,4446870.549003937
2024-03-21,4517662.192011801
2024-03-22,4577481.812985932
2024-03-23,4593152.688044713
2024-03-24,4617258.142939358
2024-03-25,4618523.201616658
2024-03-26,4646640.789475043
2024-03-27,4661912.745249571
2024-03-28,4644805.444968503
2024-03-29,4651932.405060456
2024-03-30,4663427.823919494
2024-03-31,4663427.823919494
2024-04-01,4663427.823919494
2024-04-02,4659074.788817232
2024-04-03,4667528.235562928
2024-04-04,4598245.079306819
2024-04-05,4611670.112609169
2024-04-06,4649090.327160239
2024-04-07,4679277.397137453
2024-04-08,4700407.881578123
2024-04-09,4687683.267848453
2024-04-10,4670796.494487924
2024-04-11,4683307.878011218
2024-04-12,4719281.684351947
2024-04-13,4756571.966238408
2024-04-14,4838802.86387789
2024-04-15,4805236.356527403
2024-04-16,4892202.369924266
2024-04-17,4914526.617564836
2024-04-18,4988291.9575647265
2024-04-19,5038065.511963673
2024-04-20,5024447.547535151
2024-04-21,5068265.202039246
2024-04-22,5086587.010744862
2024-04-23,5046940.5281289015
2024-04-24,5150039.275205031
2024-04-25,5205949.525791118
2024-04-26,5219456.313185644
2024-04-27,5187466.690511214
2024-04-28,5197499.410841147
2024-04-29,5248974.58710587
2024-04-30,5255221.835884305
2024-05-01,5206848.379483209
2024-05-02,5157844.235974273
2024-05-03,5213191.155341734
2024-05-04,5246123.720939706
2024-05-05,5269587.625702452
2024-05-06,5274383.717060735
2024-05-07,5328395.281349982
2024-05-08,5397724.7014893675
2024-05-09,5438901.575686568
2024-05-10,5460979.479191922
2024-05-11,5469476.439807602
2024-05-12,5463412.873227227
2024-05-13,5470995.428268606
2024-05-14,5480513.778808969
2024-05-15,5523173.706780492
2024-05-16,5508174.782607802
2024-05-17,5560109.108195442
2024-05-18,5519569.01632448
2024-05-19,5545943.47310725
2024-05-20,5573161.572214064
2024-05-21,5598469.079990836
2024-05-22,5670119.363995823
2024-05-23,5773979.7605458405
2024-05-24,5815939.871755859
2024-05-25,5825754.485121278
2024-05-26,5849412.880924653
2024-05-27,5879734.106430146
2024-05-28,5871987.807369483
2024-05-29,5909920.724329057
2024-05-30,5885943.160004622
2024-05-31,5882198.3583054505
2024-06-01,5908145.631029603
2024-06-02,5919915.849392626
2024-06-03,5957157.591509247
2024-06-04,5991431.893995503
2024-06-05,6035679.659510044
2024-06-06,6035530.70319142
2024-06-07,6008012.893776914
2024-06-08,5966725.674430885
2024-06-09,5992015.268556113
2024-06-10,6020844.46913369
2024-06-11,5984353.321206155
2024-06-12,6040272.1822493225
2024-06-13,6075632.840941291
2024-06-14,6105508.810149444
2024-06-15,6150448.041633948
2024-06-16,6086141.612081302
2024-06-17,6125138.073011699
2024-06-18,6237764.343006232
2024-06-19,6275782.479010196
2024-06-20,6315305.272346752
2024-06-21,6384272.315584192
2024-06-22,6411521.11760223
2024-06-23,6419195.078478853
2024-06-24,6442260.6938838335
2024-06-25,6466934.721539353
2024-06-26,6528145.746401768
2024-06-27,6512955.167500061
2024-06-28,6513308.796521022
2024-06-29,6536964.690018109
2024-06-30,6535180.270675714
2024-07-01,6594240.250269944
2024-07-02,6592150.425922698
2024-07-03,6646149.893633415
2024-07-04,6732302.824785833
2024-07-05,6809341.797061943
2024-07-06,6784485.952976161
2024-07-07,6783157.258966074
2024-07-08,6795976.830561922
2024-07-09,6866498.285626043
2024-07-10,6909014.785671005
2024-07-11,6945413.143527706
2024-07-12,6978914.837276302
2024-07-13,7009495.120447519
2024-07-14,7042079.517578091
2024-07-15,7072139.687865585
2024-07-16,7092631.619700365
2024-07-17,7086312.267493072
2024-07-18,7123846.798435769
2024-07-19,7148374.783866235
2024-07-20,7141015.961194225
2024-07-21,7169210.345007484
2024-07-22,7213573.503009082
2024-07-23,7319284.39322356
2024-07-24,7396357.61340166
2024-07-25,7448727.295161466
2024-07-26,7470389.650987659
2024-07-27,7443514.337798578
2024-07-28,7503864.54885785
2024-07-29,7601449.663586382
2024-07-30,7663099.108624975
2024-07-31,7684818.737900403
2024-08-01,7693419.7549985675
2024-08-02,7805004.509986151
2024-08-03,7778810.019565177
2024-08-04,7813909.312715661
2024-08-05,8009831.140824424
2024-08-06,8177332.466242185
2024-08-07,8200134.765955709
2024-08-08,8320907.302019611
2024-08-09,8397174.614633054
2024-08-10,8459446.687581005
2024-08-11,8440232.447904294
2024-08-12,8540404.009168513
2024-08-13,8545010.378330773
2024-08-14,8515594.512821885
2024-08-15,8596402.844367078
2024-08-16,8554961.632548582
2024-08-17,8613438.491148636
2024-08-18,8611213.974348778
2024-08-19,8649398.484054273
2024-08-20,8715009.478633186
2024-08-21,8678548.393743768
2024-08-22,8707994.17764346
2024-08-23,8703264.024883522
2024-08-24,8709195.48469146
2024-08-25,8750815.427293666
2024-08-26,8799912.508350346
2024-08-27,8797398.403183717
2024-08-28,8838861.466474732
2024-08-29,8849011.10181295
2024-08-30,8896659.665797094
2024-08-31,8952329.166478127
2024-09-01,8966826.152018316
2024-09-02,9100501.46281997
2024-09-03,9125843.68279867
2024-09-04,9118226.576431239
2024-09-05,9142093.557736658
2024-09-06,9160419.882947668
2024-09-07,9197463.402624251
2024-09-08,9197256.860058047
2024-09-09,9215500.06783983
2024-09-10,9210332.049990693
2024-09-11,9223354.681522533
2024-09-12,9235436.81906864
2024-09-13,9220411.22576441
2024-09-14,9212545.229834013
2024-09-15,9250231.194251556
2024-09-16,9263174.425280537
2024-09-17,9287626.151463922
2024-09-18,9339076.11407769
2024-09-19,9330169.046562038
2024-09-20,9240161.331420235
2024-09-21,9294396.192934254
2024-09-22,9315311.524973547
2024-09-23,9301204.92758903
2024-09-24,9361445.84250625
2024-09-25,9361299.906713167
2024-09-26,9363201.19437433
2024-09-27,9459476.028999474
2024-09-28,9480696.165111233
2024-09-29,9446865.892200515
2024-09-30,9510441.42789029
2024-10-01,9499134.068196177
2024-10-02,9573308.658111492
2024-10-03,9652400.857449317
2024-10-04,9715842.111090902
2024-10-05,9768025.601910416
2024-10-06,9815937.365881937
2024-10-07,9864532.635800516
2024-10-08,9893459.876454763
2024-10-09,9978337.73951503
2024-10-10,10007890.325146036
2024-10-11,10078473.284718117
2024-10-12,10134926.75941483
2024-10-13,10173903.268505316
2024-10-14,10207951.550488967
2024-10-15,10267271.037615452
2024-10-16,10333084.953853153
2024-10-17,10347370.41117073
2024-10-18,10411514.694233693
2024-10-19,10370137.737761926
2024-10-20,10355762.932337431
2024-10-21,10398844.083999988
2024-10-22,10476379.59463975
2024-10-23,10454088.706766872
2024-10-24,10563106.156443948
2024-10-25,10622034.07896172
2024-10-26,10709903.098081682
2024-10-27,10821616.669443468
2024-10-28,10916581.365851901
2024-10-29,10870568.28447695
2024-10-30,10833003.355584232
2024-10-31,10942093.569276897
2024-11-01,11032636.531080931
2024-11-02,11026332.3811353
2024-11-03,11034104.37251642
2024-11-04,11175417.68847328
2024-11-05,11184000.445428094
2024-11-06,11198579.79129448
2024-11-07,11133946.952227542
2024-11-08,11192275.278105212
2024-11-09,11284161.2153125
2024-11-10,11396510.319856895
2024-11-11,11242627.390370714
2024-11-12,11424418.203012373
2024-11-13,11652503.963120002
2024-11-14,11828228.382057693
2024-11-15,11909791.762166737
2024-11-16,12057797.599861652
2024-11-17,12010509.601747878
2024-11-18,12179384.547251869
2024-11-19,12305071.25155939
2024-11-20,12443285.702948136
2024-11-21,12607537.316937694
2024-11-22,12648990.162245892
2024-11-23,12992589.062946541
2024-11-24,13006703.783130407
2024-11-25,12950176.175361358
2024-11-26,13088642.170564
2024-11-27,13189703.486773698
2024-11-28,13287411.46226442
2024-11-29,13461919.590452
2024-11-30,13658855.339823518
2024-12-01,13710344.474652534
2024-12-02,13765614.169359816
2024-12-03,13900835.852642639
2024-12-04,14211622.8194488
2024-12-05,14072256.462515477
2024-12-06,13786505.401186783
2024-12-07,13903124.221145336
2024-12-08,14020763.590885852
2024-12-09,14230750.064110642
2024-12-10,14180305.875682775
2024-12-11,14259187.377310384
2024-12-12,14359917.939754372
2024-12-13,14354191.240362907
2024-12-14,14221036.64127596
2024-12-15,14301662.548762064
2024-12-16,14273703.352291664
2024-12-17,14240911.973917922
2024-12-18,14394297.656392805
2024-12-19,14584321.33015351
2024-12-20,14658964.682962604
2024-12-21,14326366.750927664
2024-12-22,14570008.099366875
2024-12-23,14624187.742130533
2024-12-24,14737107.69069595
2024-12-25,14735236.0558
2024-12-26,14895670.191485696
2024-12-27,15033210.897974685
2024-12-28,14928631.845199587
2024-12-29,14990625.125896038
2024-12-30,15082680.332389794
2024-12-31,15023032.679378698
2025-01-01,15166019.679766547
2025-01-02,15073334.651188092
2025-01-03,15098260.589608734
2025-01-04,15252316.466499528
2025-01-05,15345028.550914206
2025-01-06,15333832.199060367
2025-01-07,15521673.335027177
2025-01-08,15479451.949979775
2025-01-09,15592316.097835522
2025-01-10,15769506.468833506
2025-01-11,15903854.891840564
2025-01-12,15959214.527674794
2025-01-13,15954272.495647788
2025-01-14,16088726.822233021
2025-01-15,16110563.595785715
2025-01-16,16172639.447371988
2025-01-17,16181800.316453375
2025-01-18,16306562.595087446
2025-01-19,16958455.035337206
2025-01-20,17395073.367816336
2025-01-21,17722015.646709718
2025-01-22,17914748.682671875
2025-01-23,17989749.621520076
2025-01-24,18122506.622421302
2025-01-25,18019894.74858943
2025-01-26,17978095.547398936
2025-01-27,18219342.084429275
2025-01-28,18237824.84807203
2025-01-29,18451788.507988084
2025-01-30,18605947.609986864
2025-01-31,18739902.751413766
2025-02-01,18611542.05658779
2025-02-02,18719661.14351727
2025-02-03,19156133.986888625
2025-02-04,19609885.515401978
2025-02-05,19860955.68842161
2025-02-06,19579410.845612157
2025-02-07,19932587.70617868
2025-02-08,20116798.261471108
2025-02-09,20254276.152003486
2025-02-10,20341017.189644907
2025-02-11,20459314.71126798
2025-02-12,20575824.18243219
2025-02-13,20489832.39453678
2025-02-14,20446201.67831707
2025-02-15,20545234.516602267
2025-02-16,20568825.724237047
2025-02-17,20416996.098009057
2025-02-18,20277788.631685656
2025-02-19,20235306.62507434
2025-02-20,20170520.711804707
2025-02-21,20147218.640443157
2025-02-22,20406289.494008146
2025-02-23,20385452.173777442
2025-02-24,20433027.124377944
2025-02-25,20731252.118787743
2025-02-26,20701026.73219574
2025-02-27,20771366.208114974
2025-02-28,20829835.902222384
2025-03-01,21006551.09689611
2025-03-02,21111449.745367385
2025-03-03,21051940.76428979
2025-03-04,21550889.97332504
2025-03-05,21738957.978285786
2025-03-06,21585745.25242627
2025-03-07,21921934.795502264
2025-03-08,22081369.43127468
2025-03-09,22134945.730623353
2025-03-10,22393266.896786097
2025-03-11,22737759.96069131
2025-03-12,22808909.022813007
2025-03-13,22761241.40775415
2025-03-14,22842306.983601514
2025-03-15,23175313.300760802
2025-03-16,23127705.79523414
2025-03-17,23165257.62884756
2025-03-18,23316045.417670492
2025-03-19,23495597.893608518
2025-03-20,23799125.92639482
2025-03-21,23858877.49862204
2025-03-22,23916488.18477466
2025-03-23,23767966.742600773
2025-03-24,23933925.986741636
2025-03-25,24055379.951776937
2025-03-26,24099791.39571816
2025-03-27,24240583.09721568
2025-03-28,24395741.248188943
2025-03-29,24601057.985279858
2025-03-30,24658187.451034527
2025-03-31,24743340.347608063
2025-04-01,25000927.71436592
2025-04-02,25031211.17387541
2025-04-03,25148237.67215543
2025-04-04,25144757.112413827
2025-04-05,24973443.07623072
2025-04-06,24900586.72683629
2025-04-07,24841282.68591038
2025-04-08,24896766.25131747
2025-04-09,25289203.5703074
2025-04-10,25513062.617797878
2025-04-11,25709758.010102898
2025-04-12,25529738.636236705
2025-04-13,25659583.30296512
2025-04-14,25673816.95701213
2025-04-15,25969374.77170664
2025-04-16,26052866.856864203
2025-04-17,26218961.314451914
2025-04-18,26451887.945393935
2025-04-19,26387160.048250113
2025-04-20,26447778.823603403
2025-04-21,26659710.801283855
2025-04-22,26988886.199814554
2025-04-23,27221900.807543136
2025-04-24,27364820.539513417
2025-04-25,27315758.47687497
2025-04-26,27399695.50212517
2025-04-27,27426090.82160742
2025-04-28,27352209.786319908
2025-04-29,27533571.95314826
2025-04-30,27614936.389413647
2025-05-01,27720596.03804598
2025-05-02,27936529.052973334
2025-05-03,28098626.78582218
2025-05-04,28199910.42883686
2025-05-05,28236033.999128953
2025-05-06,28340881.85828134
2025-05-07,28348389.85990366
2025-05-08,28303287.302626878
2025-05-09,28177491.925731115
2025-05-10,28396477.418402597
2025-05-11,28600503.844686203
2025-05-12,28568130.890360046
2025-05-13,28206483.290655933
2025-05-14,28327737.34650722
2025-05-15,28615298.231243066
2025-05-16,28631255.558796085
2025-05-17,28937226.579693273
2025-05-18,28981264.26798113
2025-05-19,28948722.680866886
2025-05-20,29252631.63386451
2025-05-21,29477767.628320668
2025-05-22,29569841.623246532
2025-05-23,29492291.63467451
2025-05-24,29845236.495425124
2025-05-25,30044916.076728787
2025-05-26,30250301.862889
2025-05-27,30360000.785127603
2025-05-28,30537210.8669111
2025-05-29,30690469.135716375
2025-05-30,30864888.713210355
2025-05-31,30905774.418043226
2025-06-01,30734067.77142716
2025-06-02,30806943.837482806
2025-06-03,30694663.168830786
2025-06-04,30919481.994618434
2025-06-05,31221845.945962492
2025-06-06,31378292.12152815
2025-06-07,31485255.006487954
2025-06-08,31338824.352295514
2025-06-09,31166184.720304497
2025-06-10,31325325.22496597
2025-06-11,31632758.678745605
2025-06-12,31842887.72696661
2025-06-13,31921633.651878007
2025-06-14,32131643.825291008
2025-06-15,32065018.190232564
2025-06-16,31945059.427935727
2025-06-17,32246425.98894418
2025-06-18,32410463.063753344
2025-06-19,32859897.655272
2025-06-20,32576130.913331483
2025-06-21,32557309.834916417
2025-06-22,32631650.908014245
2025-06-23,33036348.864758886
2025-06-24,33171625.185663264
2025-06-25,33268888.946416628
2025-06-26,33031071.810806666
2025-06-27,33317067.643072233
2025-06-28,32969404.69459332
2025-06-29,33255702.14059365
2025-06-30,33153323.523665648
2025-07-01,33212835.262291893
2025-07-02,33288650.1243952
2025-07-03,32927534.008402046
2025-07-04,33054362.396066528
2025-07-05,33047907.537699286
2025-07-06,33073558.583479244
2025-07-07,33254606.75303421
2025-07-08,33291734.940952096
2025-07-09,33469337.394451175
2025-07-10,33652643.14869006
2025-07-11,33635294.5685527
2025-07-12,33743953.61098037
2025-07-13,33945214.612041645
2025-07-14,33815026.84707298
2025-07-15,33921235.11776803
2025-07-16,33816526.00941643
2025-07-17,33889033.147754535
2025-07-18,33854796.40657077
2025-07-19,34219373.52934045
2025-07-20,34552627.647746004
2025-07-21,34799499.525788054
2025-07-22,35231695.104178175
2025-07-23,35393599.96925525
2025-07-24,35487731.40554584
2025-07-25,35597354.485825926
2025-07-26,35778766.03517819
2025-07-27,36012307.20840443
2025-07-28,36004922.93866575
2025-07-29,36206874.39794389
2025-07-30,36600440.216915786
2025-07-31,36490631.89039827
2025-08-01,36599648.28614359
2025-08-02,36702376.2171736
2025-08-03,37024063.106620476
2025-08-04,37329407.80035741
2025-08-05,37551169.04790833
2025-08-06,37687401.34407706
2025-08-07,37522456.38811993
2025-08-08,37856910.87748691
2025-08-09,38168622.27637009
2025-08-10,38396515.34411033
2025-08-11,38570230.04755803
2025-08-12,38165618.5166997
2025-08-13,38099159.07312393
2025-08-14,38551398.023091786
2025-08-15,38710844.00389865
2025-08-16,39077521.737764545
2025-08-17,39385403.565094784
2025-08-18,39313729.67006382
2025-08-19,39988338.925278485
2025-08-20,40295719.40885229
2025-08-21,40649422.32112899
2025-08-22,40217102.28687639
2025-08-23,40641575.136292495
2025-08-24,40483211.70255461
2025-08-25,40266811.51983377
2025-08-26,40413619.64532809
2025-08-27,40370189.04045741
2025-08-28,40536524.77451202
2025-08-29,40365315.183549665
2025-08-30,40745978.491617024
2025-08-31,40764678.81493754
2025-09-01,40843342.018381365
2025-09-02,40686535.0664697
2025-09-03,40938998.89845224
2025-09-04,41197684.25090576
2025-09-05,41228092.44955513
2025-09-06,41432079.71810713
2025-09-07,41473201.662361965
2025-09-08,41480707.62937638
2025-09-09,42173168.56268117
2025-09-10,42410487.50036808
2025-09-11,42547846.58762078
2025-09-12,42426214.636205524
2025-09-13,42270985.839706674
2025-09-14,42365579.158957824
2025-09-15,42058564.38842094
2025-09-16,42305834.75704432
2025-09-17,42485708.2758211
2025-09-18,42736309.33124635
2025-09-19,42925028.37614684
2025-09-20,43056843.688846916
2025-09-21,43014473.98421411
2025-09-22,43121053.076123
2025-09-23,43378672.215497084
2025-09-24,43679634.54686584
2025-09-25,44257715.969938785
2025-09-26,44110635.197810136
2025-09-27,44543688.80163542
2025-09-28,44515263.113604434
2025-09-29,44569340.834652886
2025-09-30,44769262.50377533
2025-10-01,44908545.09276699
2025-10-02,45400915.95670449
2025-10-03,45823532.23160204
2025-10-04,46010016.42033366
2025-10-05,46131055.67368055
2025-10-06,46651553.93809964
2025-10-07,46934299.31258466
2025-10-08,47182996.4445629
2025-10-09,47635748.94164551
2025-10-10,48910832.29787507
2025-10-11,48910832.29787507
2025-10-12,48910832.29787507
2025-10-13,48076511.10636669
2025-10-14,47981960.8192506
2025-10-15,48072750.29260712
2025-10-16,48608929.131726354
2025-10-17,49159102.48072872
2025-10-18,49370053.812351815
2025-10-19,49785320.62929252
2025-10-20,49779801.351379454
2025-10-21,50119686.32437494
2025-10-22,50171420.55249632
2025-10-23,49933140.506451145
2025-10-24,50183928.29925375
2025-10-25,50309353.22626016
2025-10-26,50333901.27935737
2025-10-27,50655674.533671185
2025-10-28,50593372.51557519
2025-10-29,50049959.30196065
2025-10-30,50091515.409051254
2025-10-31,50430858.256669626
2025-11-01,50695655.36673393
2025-11-02,50733760.60825647
2025-11-03,50515287.9066895
2025-11-04,50403329.28600997
2025-11-05,50582121.1711944
2025-11-06,50854449.64340944
2025-11-07,50726952.219672106
2025-11-08,50388792.155283615
2025-11-09,50626218.29685085
2025-11-10,51064044.71105139
2025-11-11,51191432.93489346
2025-11-12,51469025.75663071
2025-11-13,51288752.355363086
2025-11-14,52024070.38087331
2025-11-15,52372000.575558335
2025-11-16,52403121.7361065
2025-11-17,52539831.64739836
2025-11-18,52242267.404843986
2025-11-19,52152533.65714545
2025-11-20,52466541.44923541
2025-11-21,52884580.32742528
2025-11-22,53032372.340537034
2025-11-23,53297664.235565856
2025-11-24,53042945.519682564
2025-11-25,53169362.77210532
2025-11-26,53941445.48775462
2025-11-27,54160897.0359936
2025-11-28,54219343.96414152
2025-11-29,54455378.83392573
2025-11-30,54477387.02796401
2025-12-01,54438598.69833411
2025-12-02,54064644.38933549
2025-12-03,54207205.422128856
2025-12-04,54105246.70037421
2025-12-05,54106955.487158746
2025-12-06,54211505.99415698
2025-12-07,54446974.461153306
2025-12-08,54192349.21515393
2025-12-09,54257573.73659771
2025-12-10,54274055.57684524
2025-12-11,54391842.80864131
2025-12-12,54788785.12206676
2025-12-13,55018514.93787642
2025-12-14,55295145.148140594
2025-12-15,55269227.6652144
2025-12-16,55514688.98551752
2025-12-17,55708998.1238489
2025-12-18,55838943.73640494
2025-12-19,56050401.84808177
2025-12-20,56278565.29882833
2025-12-21,56486145.353347644
2025-12-22,56818252.15049552
2025-12-23,57003019.71385413
2025-12-24,57146071.06559684
2025-12-25,57193164.4868577
2025-12-26,57262923.8228507
2025-12-27,57688599.452161804
2025-12-28,58017459.40666482
2025-12-29,57771784.61133171
2025-12-30,58125328.454160325
2025-12-31,58464908.2207725
2026-01-01,59028663.71667197
2026-01-02,59054601.53277603
2026-01-03,59182951.92409324
2026-01-04,59583499.20120986
2026-01-05,59764696.94935837
2026-01-06,60512479.251444325
2026-01-07,60858463.43089318
2026-01-08,61506669.453833774
2026-01-09,61841057.73837357
2026-01-10,61927200.6352423
2026-01-11,62049421.12268172
2026-01-12,62082023.62877798
2026-01-13,62381627.512684025
2026-01-14,62690401.8521729
2026-01-15,62851608.28145205
2026-01-16,62962332.59913006
2026-01-17,63182618.65216759
2026-01-18,63329545.209457204
2026-01-19,63393475.922623195
2026-01-20,63695509.9431803
2026-01-21,63913596.09579521
2026-01-22,64174930.38373873
2026-01-23,64047697.50260703
2026-01-24,64240050.70496186
2026-01-25,64071447.87131142
2026-01-26,63859332.756685145
2026-01-27,64348917.80629678
2026-01-28,64685322.49133378
2026-01-29,65069076.913541764
2026-01-30,65516296.195803694
2026-01-31,64688539.75393426
2026-02-01,65169307.093716644
2026-02-02,65536502.51079104
2026-02-03,65916688.04238164
2026-02-04,66683713.478343055
2026-02-05,68051424.32794188
2026-02-06,68921102.83351505
2026-02-07,68805389.09200966
2026-02-08,69204931.35760772
2026-02-09,69396497.30613124
2026-02-10,69367330.82344247
2026-02-11,69505916.22270113
2026-02-12,70308893.42454639
2026-02-13,70420464.29901622
2026-02-14,70257982.85376811
2026-02-15,70385251.68953508
2026-02-16,70357705.59511998
2026-02-17,70454112.0371409
2026-02-18,70452950.00239876
2026-02-19,70751219.2930303
2026-02-20,70632534.64989877
2026-02-21,71154101.45200479
2026-02-22,71131333.94136031
2026-02-23,71063850.95884252
2026-02-24,71126753.74944441
2026-02-25,71473479.06953236
2026-02-26,71933765.81854905
2026-02-27,71469327.76287419
2026-02-28,72186269.28283738
2026-03-01,72403140.02908805
2026-03-02,72652261.5223303
2026-03-03,73487720.9986274
2026-03-04,73901230.25808409
2026-03-05,74420257.61195819
2026-03-06,74850194.84454468
2026-03-07,74939645.04387747
2026-03-08,75210721.13578291
2026-03-09,75570689.53898
2026-03-10,75796451.40172757
2026-03-11,75931511.49428624
2026-03-12,76655161.54347616
2026-03-13,76709556.52063353
2026-03-14,76711455.41581888
2026-03-15,76493916.45896123
2026-03-16,76350106.08298519
2026-03-17,76871258.82672201
2026-03-18,76945295.36528474
2026-03-19,77356572.52100493
2026-03-20,77543775.45896071
2026-03-21,77893743.06684877
2026-03-22,78029724.56419851
2026-03-23,77877169.88811304
2026-03-24,78146302.97983387
2026-03-25,78215079.57435836
2026-03-26,78475596.09020199
2026-03-27,78712849.56278823
2026-03-28,78892075.82181811
2026-03-29,79130078.3545559
2026-03-30,79202583.73055021
2026-03-31,79240963.481821
2026-04-01,79361202.83614905
2026-04-02,79647028.96981165
2026-04-03,79773346.75667389
2026-04-04,80095259.118178
2026-04-05,80418410.0324917
2026-04-06,80328157.090433
2026-04-07,80276541.5459474
2026-04-08,80335235.79375848
2026-04-09,80922885.8806285
2026-04-10,81236356.54679
2026-04-11,81419112.53624791
2026-04-12,81613963.09080008
2026-04-13,81580686.2744566
2026-04-14,82110238.80086374
2026-04-15,82201318.37985039
2026-04-16,82928207.010156
2026-04-17,83080941.75452474
2026-04-18,83202118.54388554
2026-04-19,83070762.8499897
2026-04-20,83326618.08436173
2026-04-21,83586122.42626394
2026-04-22,83913283.24595231
2026-04-23,84286877.5354256
2026-04-24,84471085.7641161
2026-04-25,84442178.43960497
2026-04-26,84683041.44668905
2026-04-27,85060471.10534589
2026-04-28,85419627.05961037
2026-04-29,85639457.96997353
2026-04-30,85871232.23359849
2026-05-01,85847538.09869905
2026-05-02,86018680.08079469
2026-05-03,86174104.52383378
2026-05-04,86326195.20592794
2026-05-05,86395098.94817163
2026-05-06,86615250.6653723
2026-05-07,86463341.82409804
2026-05-08,85779432.06679365
2026-05-09,85835779.97992428
2026-05-10,85772173.68499485
2026-05-11,86288731.2564786
2026-05-12,86719873.85778254
2026-05-13,87039117.24564965
2026-05-14,87419350.97297503
2026-05-15,87886243.03098091
2026-05-16,88472799.7444216
2026-05-17,88891467.79328799
2026-05-18,89423401.83954534
2026-05-19,89560273.48002933
2026-05-20,89631180.2873763
2026-05-21,90174090.07906342
2026-05-22,90197410.57863398
2026-05-23,90460251.60403685
2026-05-24,90562310.10022582
2026-05-25,90667063.44628295
2026-05-26,90735372.20976046
2026-05-27,91087337.48456147
2026-05-28,90750068.67037474
2026-05-29,91195929.40616971
2026-05-30,91397927.43815716
2026-05-31,91353379.15593459
2026-06-01,91588638.80121022
2026-06-02,91955085.54420386
2026-06-03,92509099.99252175
2026-06-04,93307641.41602686
2026-06-05,92849195.30342261
2026-06-06,94004036.11125217
2026-06-07,94727954.39593305
2026-06-08,94677609.54914992
2026-06-09,95356281.86930007
2026-06-10,95502084.11378601
2026-06-11,95854244.80372566
2026-06-12,96581736.27620703
2026-06-13,97063524.6435405
2026-06-14,96642604.76076166
2026-06-15,96565419.71101445
2026-06-16,96801688.89031567
2026-06-17,97457615.83324338
2026-06-18,97607983.14461985
2026-06-19,97631203.60942365
2026-06-20,97822703.11160663
2026-06-21,98396031.60899125
2026-06-22,98678240.30540077
2026-06-23,98516147.23907325
2026-06-24,99151529.83850956
2026-06-25,99336028.29392555
2026-06-26,98597483.0161297
2026-06-27,99136414.85654359
2026-06-28,99470109.97245204
2026-06-29,100001102.61259435
2026-06-30,100661848.07972348
2026-07-01,101013242.6725012
2026-07-02,101720186.16888765
2026-07-03,101998945.84728536
2026-07-04,102224609.05220598
2026-07-05,101782558.48624156
2026-07-06,101996050.0473444
2026-07-07,102852510.39327833
2026-07-08,102588680.36099538
2026-07-09,102336910.16795921
2026-07-10,102634525.99321365
2026-07-11,102953141.07692127
2026-07-12,103491788.45615272
2026-07-13,103773766.67663524
2026-07-14,104279354.85197765
2026-07-15,104720311.54679914
2026-07-16,104963688.02800386
2026-07-17,104804346.36722614
