pair,direction,entry_ts,entry_price_a,entry_price_b,exit_ts,exit_price_a,exit_price_b,pnl_pct,bars_held,z_at_entry,z_at_exit,slope15m_at_entry,trend2h_at_entry,exit_reason,gross_pct
BTCUSDT/SOLUSDT,short_a_long_b,2024-11-20T03:02:00,91557.6,231.64,2024-11-20T04:55:00,92144.7,233.7,0.0016807531868233924,114,2.622899256676781,0.40493324968988703,,0,z_mean_revert,0.0024807531868233923
BTCUSDT/SOLUSDT,short_a_long_b,2024-11-21T02:45:00,94229.9,230.82,2024-11-21T04:29:00,96450.0,238.0,0.006746027674351529,105,2.87733999927958,0.4768894710560651,,0,z_mean_revert,0.00754602767435153
BTCUSDT/SOLUSDT,short_a_long_b,2024-11-22T19:15:00,99137.6,252.09,2024-11-22T19:59:00,99112.6,254.19,0.007782532960490718,45,2.5277387964091185,0.38520640567899267,,0,z_mean_revert,0.008582532960490719
BTCUSDT/SOLUSDT,long_a_short_b,2024-11-23T00:33:00,98735.2,257.81,2024-11-23T00:57:00,98729.0,255.74,0.007166374546385934,25,-2.618600731307576,-0.31422311257491436,,0,z_mean_revert,0.007966374546385935
BTCUSDT/SOLUSDT,long_a_short_b,2024-11-23T01:12:00,98591.5,257.46,2024-11-23T01:25:00,98421.6,254.86,0.007575383811711101,14,-2.551758375497788,0.19218073456183254,,0,z_mean_revert,0.008375383811711101
BTCUSDT/SOLUSDT,long_a_short_b,2024-11-23T04:45:00,98397.3,263.49,2024-11-23T05:32:00,98458.4,258.83,0.01750663266865984,48,-3.1838625301841637,-0.4412193097625531,,0,z_mean_revert,0.01830663266865984
BTCUSDT/SOLUSDT,short_a_long_b,2024-11-23T11:40:00,98567.1,256.39,2024-11-23T12:30:00,98536.0,257.4,0.0034548323074539374,51,2.5832725180321563,0.39330959128120724,,0,z_mean_revert,0.004254832307453937
BTCUSDT/SOLUSDT,long_a_short_b,2024-11-23T15:00:00,98800.0,263.62,2024-11-23T15:55:00,98456.6,260.2,0.008697510525363739,56,-2.560590143503616,-0.42114054711973004,,0,z_mean_revert,0.00949751052536374
BTCUSDT/SOLUSDT,short_a_long_b,2024-11-23T20:31:00,97363.0,253.41,2024-11-23T20:59:00,97764.4,255.61,0.003758867183596327,29,2.7023034946949713,0.49767543239848216,,0,z_mean_revert,0.004558867183596327
BTCUSDT/SOLUSDT,long_a_short_b,2024-11-24T01:00:00,98013.1,258.8,2024-11-24T02:09:00,98431.5,258.45,0.00482121279984018,70,-3.437459874841153,-0.46930938185758264,,0,z_mean_revert,0.005621212799840181
BTCUSDT/SOLUSDT,short_a_long_b,2024-11-24T11:35:00,97369.1,248.88,2024-11-24T12:43:00,96553.1,242.02,-0.019983002306492057,69,2.7084735175402797,3.938156236397475,,0,adverse_stop,-0.01918300230649206
BTCUSDT/SOLUSDT,short_a_long_b,2024-11-24T13:01:00,96828.5,243.74,2024-11-24T14:36:00,97136.5,247.57,0.011732583505894257,96,2.5209875284377583,0.1287215227406366,,0,z_mean_revert,0.012532583505894257
BTCUSDT/SOLUSDT,long_a_short_b,2024-11-24T18:15:00,96261.2,249.5,2024-11-24T19:28:00,96318.5,248.19,0.00504575641124474,74,-2.509616824769389,-0.45246848410252977,,0,z_mean_revert,0.00584575641124474
BTCUSDT/SOLUSDT,short_a_long_b,2024-11-25T01:15:00,97592.4,249.39,2024-11-25T01:22:00,97280.1,247.19,-0.0064214802540864865,8,3.1942308829258304,3.9650371272305063,,0,adverse_stop,-0.005621480254086486
BTCUSDT/SOLUSDT,short_a_long_b,2024-11-25T01:23:00,97151.9,246.56,2024-11-25T02:07:00,97495.0,250.45,0.011445509781009689,45,4.107787864926329,0.4368763132105852,,0,z_mean_revert,0.012245509781009689
BTCUSDT/SOLUSDT,short_a_long_b,2024-11-26T08:48:00,92835.8,231.92,2024-11-26T09:11:00,93533.2,234.73,0.00380405879569481,24,2.5081701450818343,0.4564330807317426,,0,z_mean_revert,0.00460405879569481
BTCUSDT/SOLUSDT,short_a_long_b,2024-11-26T11:30:00,91890.3,223.77,2024-11-26T12:12:00,92604.6,228.93,0.014485991970726664,43,2.834071628055983,0.48963376382853996,,0,z_mean_revert,0.015285991970726664
BTCUSDT/SOLUSDT,long_a_short_b,2024-11-26T20:30:00,91279.3,228.93,2024-11-26T22:45:00,92210.8,231.01,0.00031919567820173423,136,-2.500893483281423,-0.38330354341356476,,0,z_mean_revert,0.0011191956782017343
BTCUSDT/SOLUSDT,short_a_long_b,2024-11-27T05:30:00,92764.9,228.99,2024-11-27T06:34:00,93234.7,231.5,0.005096761816132967,65,2.5275712850351955,0.4976252703407835,,0,z_mean_revert,0.005896761816132967
BTCUSDT/SOLUSDT,long_a_short_b,2024-11-27T11:32:00,93646.0,236.17,2024-11-27T12:06:00,93340.0,234.09,0.0047395902564292495,35,-2.5138932750462653,-0.43463474644719985,,0,z_mean_revert,0.00553959025642925
BTCUSDT/SOLUSDT,short_a_long_b,2024-11-28T10:53:00,94802.8,234.83,2024-11-28T14:04:00,95916.0,237.16,-0.0026201979300664916,192,2.5705281793133814,0.4070572133985476,,0,z_mean_revert,-0.0018201979300664917
BTCUSDT/SOLUSDT,short_a_long_b,2024-11-28T15:22:00,95161.6,233.4,2024-11-28T15:33:00,95313.9,235.04,0.00462612836913392,12,2.5853423501197086,0.47586099251153596,,0,z_mean_revert,0.00542612836913392
BTCUSDT/SOLUSDT,short_a_long_b,2024-11-29T01:50:00,95799.9,237.04,2024-11-29T01:55:00,95959.6,238.18,0.0023422985296845064,6,2.6428303755174607,-0.000723267220999356,,0,z_mean_revert,0.0031422985296845063
BTCUSDT/SOLUSDT,short_a_long_b,2024-11-29T02:17:00,96390.5,238.42,2024-11-29T02:24:00,96320.9,238.97,0.0022289163107835027,8,2.730609658063018,0.270023922731256,,0,z_mean_revert,0.0030289163107835027
BTCUSDT/SOLUSDT,short_a_long_b,2024-11-29T08:00:00,95745.0,237.98,2024-11-29T09:15:00,96009.5,239.4,0.002404341626711571,76,2.6984733075215277,0.3797273542046252,,0,z_mean_revert,0.003204341626711571
BTCUSDT/SOLUSDT,long_a_short_b,2024-11-29T12:15:00,97478.8,246.75,2024-11-29T12:43:00,97063.1,243.31,0.00887671906622436,29,-2.7994986897531566,-0.36349993756656085,,0,z_mean_revert,0.00967671906622436
BTCUSDT/SOLUSDT,long_a_short_b,2024-11-29T21:54:00,97416.3,244.25,2024-11-29T23:31:00,97364.9,243.87,0.0002281505698767068,98,-2.5509382167822756,-0.49488478261293134,,0,z_mean_revert,0.0010281505698767068
BTCUSDT/SOLUSDT,long_a_short_b,2024-11-30T21:15:00,96944.1,241.08,2024-11-30T22:03:00,96807.2,240.06,0.002018806662423623,49,-2.8104569198886016,-0.48567314264753686,,0,z_mean_revert,0.002818806662423623
BTCUSDT/SOLUSDT,short_a_long_b,2024-12-02T04:15:00,96316.9,227.45,2024-12-02T06:46:00,96372.7,228.24,0.0020939532506491173,152,2.5589028408834227,0.46271313701496464,,0,z_mean_revert,0.0028939532506491172
BTCUSDT/SOLUSDT,long_a_short_b,2024-12-03T06:45:00,96214.1,230.88,2024-12-03T06:56:00,95828.0,227.7,0.008960463432924138,12,-3.7830211193073375,0.24427029641030404,,0,z_mean_revert,0.009760463432924138
BTCUSDT/SOLUSDT,short_a_long_b,2024-12-03T14:30:00,94096.2,218.55,2024-12-03T14:34:00,93626.9,215.12,-0.011506900104250461,5,2.5897755754051,3.8463897038512203,,0,adverse_stop,-0.01070690010425046
BTCUSDT/SOLUSDT,short_a_long_b,2024-12-03T14:35:00,93999.9,217.02,2024-12-03T14:53:00,95249.8,224.11,0.01857297736223709,19,3.0908476586869424,0.2756767269627719,,0,z_mean_revert,0.019372977362237087
BTCUSDT/SOLUSDT,long_a_short_b,2024-12-03T19:00:00,95343.9,227.05,2024-12-03T21:10:00,95775.2,228.32,-0.0018698571325948868,131,-2.7204312123660044,-0.48697955404317217,,0,z_mean_revert,-0.001069857132594887
BTCUSDT/SOLUSDT,long_a_short_b,2024-12-04T02:05:00,96040.1,240.57,2024-12-04T02:25:00,95620.0,236.73,0.010787875515354562,21,-2.521839306432681,-0.49496487225421887,,0,z_mean_revert,0.011587875515354562
BTCUSDT/SOLUSDT,short_a_long_b,2024-12-04T06:36:00,96685.8,236.44,2024-12-04T09:27:00,96935.0,237.19,-0.00020536877665842045,172,2.6645706243271485,0.4945377368613614,,0,z_mean_revert,0.0005946312233415796
BTCUSDT/SOLUSDT,short_a_long_b,2024-12-04T17:15:00,94927.5,225.34,2024-12-04T18:01:00,95671.3,229.96,0.011866898629109635,47,2.538409001824032,0.44995654932257245,,0,z_mean_revert,0.012666898629109635
BTCUSDT/SOLUSDT,short_a_long_b,2024-12-04T23:30:00,99016.4,226.53,2024-12-05T01:56:00,98214.3,226.34,0.006461937265871876,147,2.582755691440618,0.4910891427048844,,0,z_mean_revert,0.007261937265871876
BTCUSDT/SOLUSDT,long_a_short_b,2024-12-05T10:00:00,102724.1,237.84,2024-12-05T13:06:00,102800.0,240.66,-0.011917838015979098,187,-2.5019034983855195,-0.36802935185838015,,0,z_mean_revert,-0.011117838015979098
BTCUSDT/SOLUSDT,long_a_short_b,2024-12-05T23:00:00,96314.0,234.78,2024-12-06T02:59:00,97657.0,242.99,-0.021824932146549434,240,-3.1879398361805213,-0.8986298129735111,,0,max_holding,-0.021024932146549435
BTCUSDT/SOLUSDT,short_a_long_b,2024-12-06T09:30:00,98153.8,235.47,2024-12-06T13:29:00,98105.5,232.42,-0.013260732897831562,240,3.1675137291935105,1.922167963633711,,0,max_holding,-0.012460732897831561
BTCUSDT/SOLUSDT,long_a_short_b,2024-12-06T15:47:00,99444.0,239.83,2024-12-06T16:10:00,99339.7,237.3,0.008700307470281965,24,-2.7012839664725172,-0.4000593149438198,,0,z_mean_revert,0.009500307470281966
BTCUSDT/SOLUSDT,long_a_short_b,2024-12-07T10:00:00,99723.3,238.66,2024-12-07T11:55:00,99730.1,238.49,-1.95009221960245e-05,116,-2.647487201786627,-0.47172605334170387,,0,z_mean_revert,0.0007804990778039755
BTCUSDT/SOLUSDT,long_a_short_b,2024-12-07T22:03:00,100007.7,243.59,2024-12-07T22:09:00,99936.0,241.37,0.007596729821933846,7,-2.9484791885951993,0.11559741335805405,,0,z_mean_revert,0.008396729821933846
BTCUSDT/SOLUSDT,long_a_short_b,2024-12-08T16:01:00,100074.4,237.86,2024-12-08T16:23:00,100004.9,236.82,0.0028778365475924613,23,-2.8007501542161135,-0.4454311072306527,,0,z_mean_revert,0.0036778365475924613
BTCUSDT/SOLUSDT,short_a_long_b,2024-12-09T00:00:00,101300.0,237.5,2024-12-09T01:07:00,99875.0,234.72,0.001561864186626428,68,2.833062665539987,0.4971971012072117,,0,z_mean_revert,0.002361864186626428
BTCUSDT/SOLUSDT,short_a_long_b,2024-12-09T07:33:00,98808.2,229.19,2024-12-09T07:49:00,99675.4,232.45,0.004647406770000773,17,2.5826312108288336,0.18349326849620443,,0,z_mean_revert,0.005447406770000773
BTCUSDT/SOLUSDT,short_a_long_b,2024-12-09T09:00:00,99014.2,227.08,2024-12-09T10:01:00,98567.8,227.64,0.00617453548872684,62,2.6429878331881924,0.4614481931982177,,0,z_mean_revert,0.006974535488726841
BTCUSDT/SOLUSDT,long_a_short_b,2024-12-09T20:18:00,97071.2,223.73,2024-12-09T20:25:00,96746.6,221.74,0.0047507125673989185,8,-2.6747292719398206,0.47875628051597524,,0,z_mean_revert,0.005550712567398919
BTCUSDT/SOLUSDT,short_a_long_b,2024-12-09T20:39:00,96649.3,220.58,2024-12-09T20:42:00,96926.7,222.2,0.0036741033727901947,4,2.6245469687084744,0.32432661012619257,,0,z_mean_revert,0.004474103372790195
BTCUSDT/SOLUSDT,short_a_long_b,2024-12-10T11:45:00,97667.3,215.72,2024-12-10T13:57:00,97739.9,214.83,-0.005669058413617178,133,3.114450466880702,0.49833086858979375,,0,z_mean_revert,-0.004869058413617178
BTCUSDT/SOLUSDT,long_a_short_b,2024-12-11T01:45:00,96235.5,215.43,2024-12-11T01:54:00,95869.6,212.5,0.008998574335453724,10,-2.9665993757480167,-0.24653785461319577,,0,z_mean_revert,0.009798574335453725
BTCUSDT/SOLUSDT,long_a_short_b,2024-12-11T10:35:00,97948.1,223.76,2024-12-11T13:17:00,98147.2,224.24,-0.000912446364537222,163,-2.553435073474652,-0.4752079460559134,,0,z_mean_revert,-0.00011244636453722201
BTCUSDT/SOLUSDT,long_a_short_b,2024-12-12T03:45:00,101087.1,230.74,2024-12-12T06:16:00,100426.8,229.5,-0.001957976687008788,152,-2.759287687469683,-0.37272862450452954,,0,z_mean_revert,-0.0011579766870087882
BTCUSDT/SOLUSDT,long_a_short_b,2024-12-12T18:00:00,101542.4,234.52,2024-12-12T18:38:00,101042.0,231.47,0.007277296723654425,39,-2.6720150844225845,-0.470338152664787,,0,z_mean_revert,0.008077296723654426
BTCUSDT/SOLUSDT,long_a_short_b,2024-12-13T02:45:00,99519.5,228.07,2024-12-13T03:22:00,99584.3,226.75,0.005638825433041861,38,-2.8108235123518974,-0.46188170063328143,,0,z_mean_revert,0.0064388254330418615
BTCUSDT/SOLUSDT,short_a_long_b,2024-12-13T13:45:00,100215.0,222.96,2024-12-13T17:44:00,101499.9,222.58,-0.015325775503012928,240,3.399338453865217,1.5744822383844386,,0,max_holding,-0.014525775503012928
BTCUSDT/SOLUSDT,long_a_short_b,2024-12-14T06:15:00,101846.3,226.88,2024-12-14T07:10:00,101723.0,225.92,0.0022206638971357336,56,-3.0910293101744903,-0.4196858416700145,,0,z_mean_revert,0.0030206638971357336
BTCUSDT/SOLUSDT,short_a_long_b,2024-12-14T12:30:00,101386.6,222.87,2024-12-14T15:11:00,101557.9,222.61,-0.003656171752107728,162,2.918617941921256,0.4881593069602802,,0,z_mean_revert,-0.002856171752107728
BTCUSDT/SOLUSDT,short_a_long_b,2024-12-14T18:00:00,100977.0,218.14,2024-12-14T21:25:00,101097.2,217.35,-0.0056118975437062565,206,2.551203191341267,0.4894401542598419,,0,z_mean_revert,-0.004811897543706256
BTCUSDT/SOLUSDT,short_a_long_b,2024-12-15T07:45:00,101549.9,216.26,2024-12-15T08:54:00,101949.9,218.3,0.004694139588631208,70,2.624028590487132,0.41167041068662347,,0,z_mean_revert,0.005494139588631208
BTCUSDT/SOLUSDT,short_a_long_b,2024-12-15T21:45:00,102972.6,217.39,2024-12-15T22:55:00,103283.9,219.58,0.006250926134847479,71,3.210879039768239,0.358867835292891,,0,z_mean_revert,0.007050926134847479
BTCUSDT/SOLUSDT,short_a_long_b,2024-12-16T09:05:00,104517.1,219.49,2024-12-16T12:38:00,103658.1,215.26,-0.011853197800852899,214,2.9204013589843973,0.47367559860492375,,0,z_mean_revert,-0.011053197800852899
BTCUSDT/SOLUSDT,short_a_long_b,2024-12-17T01:00:00,105796.4,211.81,2024-12-17T03:25:00,106530.6,214.85,0.006612741076737727,146,3.1757354151377437,0.4743301580351888,,0,z_mean_revert,0.007412741076737728
BTCUSDT/SOLUSDT,short_a_long_b,2024-12-17T05:17:00,106403.5,213.02,2024-12-17T05:41:00,106540.0,214.24,0.0036443092311023947,25,2.984650435859665,0.43915929973687823,,0,z_mean_revert,0.004444309231102395
BTCUSDT/SOLUSDT,long_a_short_b,2024-12-17T10:00:00,107196.2,221.67,2024-12-17T13:32:00,107556.8,225.11,-0.01295463841685538,213,-2.76710604186622,-0.4928796380918688,,0,z_mean_revert,-0.012154638416855379
BTCUSDT/SOLUSDT,short_a_long_b,2024-12-18T02:00:00,105095.3,217.9,2024-12-18T04:10:00,104403.2,217.51,0.0039956396499251316,131,3.0177581539327933,0.4397863889091534,,0,z_mean_revert,0.004795639649925132
BTCUSDT/SOLUSDT,short_a_long_b,2024-12-18T13:01:00,104763.6,215.92,2024-12-18T13:38:00,104888.0,217.43,0.005005895532690952,38,2.5174151644534004,0.25230972082798153,,0,z_mean_revert,0.005805895532690952
BTCUSDT/SOLUSDT,short_a_long_b,2024-12-19T13:06:00,102015.0,207.22,2024-12-19T14:09:00,102287.1,209.18,0.0059912916568797495,64,2.9457485345358316,0.334748476501387,,0,z_mean_revert,0.00679129165687975
BTCUSDT/SOLUSDT,short_a_long_b,2024-12-19T18:15:00,97555.0,192.86,2024-12-19T20:17:00,96444.5,191.35,0.0027538085916513307,123,3.7911909622739985,0.4317209700052044,,0,z_mean_revert,0.0035538085916513307
BTCUSDT/SOLUSDT,short_a_long_b,2024-12-20T07:00:00,97477.7,190.28,2024-12-20T09:37:00,95339.3,184.31,-0.010237490908225544,158,2.5281370402213823,0.4547345063926872,,0,z_mean_revert,-0.009437490908225543
BTCUSDT/SOLUSDT,short_a_long_b,2024-12-21T13:18:00,97137.1,185.48,2024-12-21T15:34:00,97393.9,186.29,0.0009233615710821048,137,2.5560907744465586,0.4673278337981101,,0,z_mean_revert,0.0017233615710821049
BTCUSDT/SOLUSDT,short_a_long_b,2024-12-21T18:47:00,97331.2,180.75,2024-12-21T20:12:00,97833.8,182.96,0.0062630208321964535,86,2.5225423321674727,0.34292736032606375,,0,z_mean_revert,0.007063020832196454
BTCUSDT/SOLUSDT,long_a_short_b,2024-12-22T01:15:00,97307.2,183.33,2024-12-22T01:42:00,96765.9,180.66,0.008201106219635679,28,-2.599438862651028,-0.13409793373497775,,0,z_mean_revert,0.00900110621963568
BTCUSDT/SOLUSDT,long_a_short_b,2024-12-22T12:32:00,97250.0,187.51,2024-12-22T12:54:00,96973.4,186.1,0.0038753830164190103,23,-2.702567037267895,-0.39183910104717024,,0,z_mean_revert,0.00467538301641901
BTCUSDT/SOLUSDT,long_a_short_b,2024-12-23T03:45:00,95600.1,185.71,2024-12-23T05:15:00,95415.0,183.57,0.008787152403057963,91,-3.088705519413265,-0.4204232396237627,,0,z_mean_revert,0.009587152403057964
BTCUSDT/SOLUSDT,long_a_short_b,2024-12-23T15:30:00,93375.0,184.17,2024-12-23T19:29:00,93402.7,188.96,-0.02651192575045833,240,-2.6661781555344066,-2.415316741435552,,0,max_holding,-0.02571192575045833
BTCUSDT/SOLUSDT,long_a_short_b,2024-12-24T08:45:00,94236.4,192.65,2024-12-24T10:16:00,93973.8,191.71,0.0012927058235220564,92,-2.8184720941257204,-0.47380333229044547,,0,z_mean_revert,0.0020927058235220564
BTCUSDT/SOLUSDT,short_a_long_b,2024-12-24T15:00:00,97315.2,194.09,2024-12-24T15:23:00,97248.3,196.6,0.012819601722514973,24,2.8885397307787666,0.4254275145558662,,0,z_mean_revert,0.013619601722514973
BTCUSDT/SOLUSDT,long_a_short_b,2024-12-25T01:45:00,98166.4,199.71,2024-12-25T03:37:00,98209.8,199.77,-0.0006583291675395835,113,-2.623995354443102,-0.44667466505232006,,0,z_mean_revert,0.00014167083246041656
BTCUSDT/SOLUSDT,short_a_long_b,2024-12-25T11:24:00,98694.5,197.13,2024-12-25T13:29:00,98287.8,196.64,0.0008351276496511246,126,2.6048655473485645,0.3838049648403912,,0,z_mean_revert,0.0016351276496511247
BTCUSDT/SOLUSDT,short_a_long_b,2024-12-26T18:05:00,95712.8,187.46,2024-12-26T18:13:00,95681.8,188.44,0.0047516675513042065,9,2.679339698361684,0.215015799808288,,0,z_mean_revert,0.005551667551304207
BTCUSDT/SOLUSDT,short_a_long_b,2024-12-27T15:24:00,94703.6,184.64,2024-12-27T16:51:00,94268.0,184.14,0.001091641683065548,88,2.6477634090946127,0.49515768036088387,,0,z_mean_revert,0.001891641683065548
BTCUSDT/SOLUSDT,long_a_short_b,2024-12-28T09:20:00,94617.4,186.77,2024-12-28T09:44:00,94571.0,186.06,0.0025110709867985034,25,-2.559703115825855,-0.4577799129500411,,0,z_mean_revert,0.0033110709867985033
BTCUSDT/SOLUSDT,long_a_short_b,2024-12-28T12:21:00,94678.5,187.36,2024-12-28T12:33:00,94681.3,186.67,0.002912323554575181,13,-2.5322014634602175,-0.4931291346462602,,0,z_mean_revert,0.003712323554575181
BTCUSDT/SOLUSDT,long_a_short_b,2024-12-28T22:46:00,95154.5,195.39,2024-12-29T00:21:00,95125.0,194.41,0.0039055876841113343,96,-2.8509978236680835,-0.43729949598150164,,0,z_mean_revert,0.004705587684111334
BTCUSDT/SOLUSDT,long_a_short_b,2024-12-29T06:30:00,95119.5,195.67,2024-12-29T07:02:00,95100.0,196.61,-0.0058090120288806,33,-2.7540091786331904,-3.4817930701054234,,0,adverse_stop,-0.0050090120288805995
BTCUSDT/SOLUSDT,short_a_long_b,2024-12-29T15:02:00,94531.1,193.47,2024-12-29T15:31:00,94676.7,194.95,0.005309530972453258,30,2.7926664222565516,0.34407052068917116,,0,z_mean_revert,0.006109530972453259
BTCUSDT/SOLUSDT,long_a_short_b,2024-12-30T19:20:00,94081.6,194.62,2024-12-30T21:01:00,94292.9,194.58,0.001651451411028427,102,-2.5095958465852535,-0.48887822055664426,,0,z_mean_revert,0.002451451411028427
BTCUSDT/SOLUSDT,short_a_long_b,2024-12-31T02:01:00,92377.8,188.81,2024-12-31T02:49:00,92496.7,189.83,0.00331515045993216,49,2.5638811673109605,0.46085995657372925,,0,z_mean_revert,0.00411515045993216
BTCUSDT/SOLUSDT,short_a_long_b,2024-12-31T05:16:00,92352.3,188.09,2024-12-31T07:01:00,92794.7,189.46,0.0016933954131320935,106,2.817627463762569,0.448886478490886,,0,z_mean_revert,0.0024933954131320935
BTCUSDT/SOLUSDT,long_a_short_b,2024-12-31T10:07:00,93913.0,193.64,2024-12-31T11:46:00,94176.3,193.89,0.0007126031383660976,100,-2.5242422768242427,-0.4282486142397489,,0,z_mean_revert,0.0015126031383660976
BTCUSDT/SOLUSDT,short_a_long_b,2024-12-31T23:04:00,93394.1,190.28,2025-01-01T00:46:00,93870.0,191.39,-6.210245094915234e-05,103,2.5001692479575235,0.44106421466029017,,0,z_mean_revert,0.0007378975490508477
BTCUSDT/SOLUSDT,short_a_long_b,2025-01-01T04:33:00,93675.1,189.47,2025-01-01T05:11:00,93582.7,189.95,0.0027197706518497186,39,2.7584263114160303,0.44573483256691676,,0,z_mean_revert,0.0035197706518497185
BTCUSDT/SOLUSDT,long_a_short_b,2025-01-02T01:15:00,95390.9,198.07,2025-01-02T04:35:00,95356.5,203.43,-0.02822176140200303,201,-3.2769799284789682,-4.421008130039779,,0,adverse_stop,-0.02742176140200303
BTCUSDT/SOLUSDT,short_a_long_b,2025-01-02T15:34:00,96324.8,205.64,2025-01-02T16:06:00,96262.0,206.71,0.005055228712460025,33,2.61638523420732,0.368911517806352,,0,z_mean_revert,0.0058552287124600255
BTCUSDT/SOLUSDT,long_a_short_b,2025-01-02T23:46:00,96850.8,207.92,2025-01-03T00:36:00,96958.1,207.14,0.004059332523850401,51,-2.5518899997155358,-0.4839493636048759,,0,z_mean_revert,0.0048593325238504015
BTCUSDT/SOLUSDT,long_a_short_b,2025-01-04T13:18:00,97779.7,217.3,2025-01-04T14:03:00,97884.3,216.45,0.004181394586940801,46,-2.651348333292601,-0.1429535223340043,,0,z_mean_revert,0.004981394586940802
BTCUSDT/SOLUSDT,short_a_long_b,2025-01-05T10:03:00,97632.6,213.19,2025-01-05T11:07:00,97654.9,214.1,0.0032400855788931268,65,2.5743712845936217,0.2620603977670474,,0,z_mean_revert,0.004040085578893127
BTCUSDT/SOLUSDT,short_a_long_b,2025-01-05T14:34:00,97412.8,211.61,2025-01-05T15:03:00,97842.9,213.49,0.0036690373766709258,30,2.6413482978276477,0.47704614646984267,,0,z_mean_revert,0.004469037376670926
BTCUSDT/SOLUSDT,long_a_short_b,2025-01-06T02:46:00,98937.1,216.39,2025-01-06T03:48:00,99020.5,215.43,0.004479394035924811,63,-2.685469102564219,-0.36980913254414927,,0,z_mean_revert,0.0052793940359248115
BTCUSDT/SOLUSDT,short_a_long_b,2025-01-07T03:02:00,101628.4,216.17,2025-01-07T03:13:00,101704.2,217.05,0.0025250156432576006,12,2.5211806598337647,0.39531483015472496,,0,z_mean_revert,0.0033250156432576006
BTCUSDT/SOLUSDT,short_a_long_b,2025-01-07T15:15:00,98186.9,205.92,2025-01-07T15:26:00,98712.4,209.29,0.010213541068276122,12,5.815708920619447,-0.1155350509060864,,0,z_mean_revert,0.011013541068276123
BTCUSDT/SOLUSDT,short_a_long_b,2025-01-07T15:42:00,97500.0,205.48,2025-01-07T15:46:00,97720.0,207.17,0.005168234477870426,5,2.8050784986779536,-0.1532464292026202,,0,z_mean_revert,0.005968234477870427
BTCUSDT/SOLUSDT,short_a_long_b,2025-01-07T20:45:00,96245.8,202.65,2025-01-07T20:59:00,96504.8,204.24,0.004355013452871504,15,2.6002272806180438,0.4289757307112545,,0,z_mean_revert,0.005155013452871504
BTCUSDT/SOLUSDT,short_a_long_b,2025-01-07T22:00:00,96465.9,202.13,2025-01-08T01:59:00,96867.0,201.17,-0.00970736465941322,240,2.6983752070619778,1.1991263297908614,,0,max_holding,-0.00890736465941322
BTCUSDT/SOLUSDT,short_a_long_b,2025-01-08T03:52:00,96230.0,196.94,2025-01-08T07:22:00,95467.5,194.72,-0.0041487443619477645,211,2.6009997779358054,0.4357792721102531,,0,z_mean_revert,-0.0033487443619477646
BTCUSDT/SOLUSDT,long_a_short_b,2025-01-08T14:18:00,95368.0,198.17,2025-01-08T15:50:00,95045.4,196.83,0.0025791851044808752,93,-3.1507582540918366,-0.4323643911979899,,0,z_mean_revert,0.003379185104480875
BTCUSDT/SOLUSDT,short_a_long_b,2025-01-08T17:32:00,93278.0,190.26,2025-01-08T17:35:00,93033.5,188.76,-0.006062751428879553,4,2.6226774699709625,3.372960811934321,,0,adverse_stop,-0.005262751428879553
BTCUSDT/SOLUSDT,short_a_long_b,2025-01-08T17:36:00,93083.2,188.89,2025-01-08T18:03:00,94219.2,194.25,0.015372168013818044,28,3.2570369263594374,0.33040282932179904,,0,z_mean_revert,0.016172168013818045
BTCUSDT/SOLUSDT,long_a_short_b,2025-01-09T02:07:00,93849.3,196.13,2025-01-09T02:19:00,94331.4,196.11,0.004438932114151384,13,-2.6398579372362247,-0.05860176117656251,,0,z_mean_revert,0.0052389321141513845
BTCUSDT/SOLUSDT,short_a_long_b,2025-01-09T07:46:00,93607.3,190.43,2025-01-09T08:31:00,92866.2,190.41,0.0070120921065557566,46,2.5097634884795816,0.3548965120651862,,0,z_mean_revert,0.007812092106555757
BTCUSDT/SOLUSDT,short_a_long_b,2025-01-09T13:15:00,93072.0,188.56,2025-01-09T14:46:00,92372.9,187.81,0.002733875243432738,92,3.4712785365521253,0.4470674794746252,,0,z_mean_revert,0.003533875243432738
BTCUSDT/SOLUSDT,long_a_short_b,2025-01-10T07:38:00,94486.0,192.3,2025-01-10T08:07:00,94563.1,191.46,0.004384168630847918,30,-2.600915197473669,-0.3554065078075256,,0,z_mean_revert,0.0051841686308479185
BTCUSDT/SOLUSDT,short_a_long_b,2025-01-10T14:00:00,93470.1,185.96,2025-01-10T15:48:00,94445.9,188.6,0.002956899311713413,109,3.434006904319904,0.4782364268241655,,0,z_mean_revert,0.003756899311713413
BTCUSDT/SOLUSDT,short_a_long_b,2025-01-11T10:31:00,94270.8,184.52,2025-01-11T11:18:00,94610.0,186.25,0.0049775325146594,48,2.721797755498827,0.04492955608302563,,0,z_mean_revert,0.0057775325146594
BTCUSDT/SOLUSDT,long_a_short_b,2025-01-11T21:15:00,94637.6,190.74,2025-01-11T22:12:00,94764.6,189.97,0.00457887021580663,58,-2.5360851536722,-0.48175856165066816,,0,z_mean_revert,0.00537887021580663
BTCUSDT/SOLUSDT,long_a_short_b,2025-01-12T13:45:00,94536.8,188.14,2025-01-12T14:03:00,94641.0,187.72,0.0025345964222448733,19,-2.525904698656772,-0.472493038807585,,0,z_mean_revert,0.003334596422244873
BTCUSDT/SOLUSDT,short_a_long_b,2025-01-13T15:00:00,91884.1,175.55,2025-01-13T15:17:00,92430.0,178.33,0.00909476392772337,18,2.606673301325894,0.32351576211153643,,0,z_mean_revert,0.009894763927723371
BTCUSDT/SOLUSDT,short_a_long_b,2025-01-14T18:40:00,96816.1,186.63,2025-01-14T19:44:00,96843.5,187.37,0.002882053786022488,65,2.6444813181688613,0.4104622232176503,,0,z_mean_revert,0.003682053786022488
BTCUSDT/SOLUSDT,long_a_short_b,2025-01-16T11:45:00,99029.8,209.33,2025-01-16T13:35:00,98964.0,209.36,-0.0016077608435376193,111,-4.1045949286510055,-0.4182569023255217,,0,z_mean_revert,-0.0008077608435376192
BTCUSDT/SOLUSDT,long_a_short_b,2025-01-17T08:16:00,101622.9,214.29,2025-01-17T08:51:00,101899.7,216.05,-0.006289373547486132,36,-2.67916769508985,-3.738046954575984,,0,adverse_stop,-0.005489373547486132
BTCUSDT/SOLUSDT,long_a_short_b,2025-01-17T09:15:00,102094.0,216.54,2025-01-17T10:04:00,101846.4,214.68,0.005364421041132017,50,-2.6745865705848666,-0.3927518378384053,,0,z_mean_revert,0.006164421041132018
BTCUSDT/SOLUSDT,long_a_short_b,2025-01-17T10:15:00,101977.1,216.99,2025-01-17T14:14:00,102486.2,220.51,-0.012029648421509975,240,-2.679393125234836,-1.0532378046749065,,0,max_holding,-0.011229648421509975
BTCUSDT/SOLUSDT,long_a_short_b,2025-01-18T03:30:00,104162.2,227.83,2025-01-18T03:52:00,103342.1,219.51,0.02784515913706234,23,-3.672187674898436,-0.4402276511252647,,0,z_mean_revert,0.028645159137062337
BTCUSDT/SOLUSDT,long_a_short_b,2025-01-18T04:14:00,103462.2,226.88,2025-01-18T08:13:00,102552.6,234.27,-0.04216390155672065,240,-2.6338286467842345,-1.2185652248908199,,0,max_holding,-0.04136390155672065
BTCUSDT/SOLUSDT,long_a_short_b,2025-01-18T16:00:00,104559.1,258.95,2025-01-18T16:06:00,104640.6,267.65,-0.03361775605998938,7,-3.699216997554125,-4.712938152139448,,0,adverse_stop,-0.03281775605998938
BTCUSDT/SOLUSDT,long_a_short_b,2025-01-18T16:07:00,104473.4,266.41,2025-01-18T16:39:00,103618.1,246.44,0.06597287576079261,33,-4.344743970640483,-0.23908559780350552,,0,z_mean_revert,0.0667728757607926
BTCUSDT/SOLUSDT,long_a_short_b,2025-01-19T05:00:00,104945.4,272.69,2025-01-19T05:58:00,105079.7,265.66,0.02625990302913819,59,-2.5917482015706605,-0.4945786357686831,,0,z_mean_revert,0.027059903029138188
BTCUSDT/SOLUSDT,long_a_short_b,2025-01-19T11:02:00,105043.5,287.75,2025-01-19T11:09:00,105119.8,294.04,-0.021932887079915895,8,-2.6279381592407316,-3.374488222165763,,0,adverse_stop,-0.021132887079915896
BTCUSDT/SOLUSDT,long_a_short_b,2025-01-19T11:10:00,105094.7,293.53,2025-01-19T12:08:00,104626.7,281.02,0.03736602650673739,59,-3.2076025147286717,-0.19950835567059347,,0,z_mean_revert,0.038166026506737394
BTCUSDT/SOLUSDT,short_a_long_b,2025-01-19T22:38:00,103432.5,249.25,2025-01-19T23:47:00,101510.3,251.52,0.02689142270792746,70,2.539318961121144,0.34271736250591583,,0,z_mean_revert,0.02769142270792746
BTCUSDT/SOLUSDT,long_a_short_b,2025-01-20T08:32:00,108200.0,265.71,2025-01-20T08:38:00,107958.3,267.97,-0.011539339777477653,7,-2.7159785132197327,-3.557966676684144,,0,adverse_stop,-0.010739339777477652
BTCUSDT/SOLUSDT,long_a_short_b,2025-01-20T08:39:00,108124.9,268.28,2025-01-20T09:39:00,107644.5,262.67,0.015667978629968295,61,-3.4178634814283666,-0.4546536658167063,,0,z_mean_revert,0.016467978629968294
BTCUSDT/SOLUSDT,long_a_short_b,2025-01-21T18:45:00,106893.6,257.59,2025-01-21T19:43:00,106659.9,252.55,0.016579690763938084,59,-3.364302357431813,-0.46553687652873715,,0,z_mean_revert,0.017379690763938083
BTCUSDT/SOLUSDT,short_a_long_b,2025-01-21T23:30:00,105881.2,247.83,2025-01-22T00:34:00,105907.9,250.9,0.01133535429325474,65,2.736269918765862,0.2186996322815928,,0,z_mean_revert,0.012135354293254741
BTCUSDT/SOLUSDT,long_a_short_b,2025-01-22T07:47:00,105168.6,259.2,2025-01-22T08:11:00,104955.2,255.68,0.010751124152603953,25,-2.5599301460466934,-0.4450157136883777,,0,z_mean_revert,0.011551124152603953
BTCUSDT/SOLUSDT,long_a_short_b,2025-01-22T13:45:00,104616.0,263.75,2025-01-22T14:45:00,104094.4,257.97,0.01612883891873387,61,-2.744070144279642,-0.448700275986381,,0,z_mean_revert,0.01692883891873387
BTCUSDT/SOLUSDT,long_a_short_b,2025-01-22T20:15:00,104502.1,268.03,2025-01-22T21:45:00,103911.6,263.78,0.009405829830732149,91,-2.965157443806286,-0.4948869342668897,,0,z_mean_revert,0.01020582983073215
BTCUSDT/SOLUSDT,long_a_short_b,2025-01-24T05:30:00,104875.0,259.85,2025-01-24T07:44:00,104792.0,260.05,-0.002361093167576466,135,-2.93688287133779,-0.48528168750585504,,0,z_mean_revert,-0.001561093167576466
BTCUSDT/SOLUSDT,long_a_short_b,2025-01-24T14:30:00,105091.9,268.58,2025-01-24T15:02:00,105642.9,267.34,0.009059904077454628,33,-2.5072999360667407,-0.2556093745464458,,0,z_mean_revert,0.009859904077454629
BTCUSDT/SOLUSDT,short_a_long_b,2025-01-26T09:12:00,104921.7,255.27,2025-01-26T11:37:00,104740.2,254.92,-0.00044123585861996983,146,2.552797740829401,0.4533063790495485,,0,z_mean_revert,0.0003587641413800302
BTCUSDT/SOLUSDT,short_a_long_b,2025-01-26T21:15:00,104742.1,251.51,2025-01-27T01:14:00,101370.1,235.42,-0.03258024072385788,240,3.214786052679755,1.6995203466991449,,0,max_holding,-0.03178024072385788
BTCUSDT/SOLUSDT,short_a_long_b,2025-01-27T08:45:00,98885.2,223.56,2025-01-27T09:07:00,99388.2,227.23,0.010529468023499878,23,2.730323360787699,0.48002773033654733,,0,z_mean_revert,0.011329468023499878
BTCUSDT/SOLUSDT,long_a_short_b,2025-01-28T05:10:00,103085.0,241.26,2025-01-28T06:53:00,102773.5,240.01,0.0013593542440448977,104,-2.591774879170075,-0.3705218460303137,,0,z_mean_revert,0.0021593542440448976
BTCUSDT/SOLUSDT,short_a_long_b,2025-01-28T23:15:00,101125.1,225.54,2025-01-29T00:05:00,101357.1,227.61,0.006083784775322032,51,2.5537438335461333,0.32355585553691224,,0,z_mean_revert,0.006883784775322033
BTCUSDT/SOLUSDT,long_a_short_b,2025-01-29T07:30:00,102504.5,234.01,2025-01-29T08:53:00,102689.9,233.55,0.0029744290417592864,84,-2.792046329724203,-0.43516668857570595,,0,z_mean_revert,0.0037744290417592863
BTCUSDT/SOLUSDT,short_a_long_b,2025-01-29T13:16:00,101993.2,227.17,2025-01-29T14:22:00,102093.0,228.77,0.0052646869132945365,67,2.6380709434634078,0.4464333862048296,,0,z_mean_revert,0.006064686913294537
BTCUSDT/SOLUSDT,long_a_short_b,2025-01-29T19:41:00,103637.7,235.05,2025-01-29T19:59:00,103550.5,231.56,0.013206512041892516,19,-3.6741435057202683,-0.39240753360609243,,0,z_mean_revert,0.014006512041892516
BTCUSDT/SOLUSDT,long_a_short_b,2025-01-30T22:45:00,105250.1,241.57,2025-01-30T23:00:00,105051.7,239.85,0.004435055576628622,16,-2.593419640751193,-0.4764167448906334,,0,z_mean_revert,0.005235055576628622
BTCUSDT/SOLUSDT,short_a_long_b,2025-01-31T04:15:00,104195.2,234.93,2025-01-31T04:36:00,104307.1,236.48,0.004723764131397435,22,2.8040974031451045,0.2986790320769886,,0,z_mean_revert,0.005523764131397435
BTCUSDT/SOLUSDT,long_a_short_b,2025-01-31T12:18:00,104736.4,239.58,2025-01-31T14:14:00,104612.0,239.12,-6.77169936435844e-05,117,-3.0736066886112634,-0.32636488008146486,,0,z_mean_revert,0.0007322830063564156
BTCUSDT/SOLUSDT,short_a_long_b,2025-01-31T18:35:00,103593.6,231.71,2025-01-31T19:19:00,102558.4,231.35,0.007639229093289424,45,2.6611558778136035,0.4422665853563779,,0,z_mean_revert,0.008439229093289424
BTCUSDT/SOLUSDT,short_a_long_b,2025-02-01T19:30:00,101748.5,222.58,2025-02-01T23:29:00,100471.8,213.55,-0.02882207768627507,240,3.1123204549137284,1.5671790014484979,,0,max_holding,-0.02802207768627507
BTCUSDT/SOLUSDT,short_a_long_b,2025-02-02T04:00:00,99084.1,206.69,2025-02-02T05:21:00,99911.6,211.37,0.013491113558294155,82,3.1155264614312754,0.34101202159829963,,0,z_mean_revert,0.014291113558294155
BTCUSDT/SOLUSDT,short_a_long_b,2025-02-02T19:15:00,97132.8,195.51,2025-02-02T19:40:00,98037.9,203.58,0.031158490453283696,26,2.8020077783146546,0.2862399240448966,,0,z_mean_revert,0.031958490453283694
BTCUSDT/SOLUSDT,long_a_short_b,2025-02-04T02:17:00,101012.1,218.87,2025-02-04T02:39:00,101051.1,216.85,0.008815315185567574,23,-2.7169734146380238,-0.4445950362120017,,0,z_mean_revert,0.009615315185567574
BTCUSDT/SOLUSDT,short_a_long_b,2025-02-04T05:45:00,98693.6,202.17,2025-02-04T07:18:00,99413.6,207.69,0.01920844839024807,94,3.2108202653507116,0.4003087954065623,,0,z_mean_revert,0.020008448390248068
BTCUSDT/SOLUSDT,long_a_short_b,2025-02-04T11:07:00,99240.0,209.88,2025-02-04T11:57:00,98982.7,207.77,0.006660659272333525,51,-2.588067332042398,-0.44236033298866073,,0,z_mean_revert,0.007460659272333525
BTCUSDT/SOLUSDT,short_a_long_b,2025-02-04T20:33:00,98180.7,205.57,2025-02-04T22:02:00,96331.1,203.63,0.008601558385734088,90,2.585798182963327,0.47938833399354563,,0,z_mean_revert,0.009401558385734088
BTCUSDT/SOLUSDT,short_a_long_b,2025-02-05T16:30:00,97813.6,199.52,2025-02-05T18:32:00,97222.9,198.57,0.0004776100904334786,123,2.6139383253681534,0.46349664534401913,,0,z_mean_revert,0.0012776100904334786
BTCUSDT/SOLUSDT,long_a_short_b,2025-02-06T06:15:00,97906.6,202.72,2025-02-06T06:24:00,98170.5,202.57,0.002635362907629247,10,-2.528464500622073,-0.4587578907722101,,0,z_mean_revert,0.003435362907629247
BTCUSDT/SOLUSDT,short_a_long_b,2025-02-06T09:00:00,98071.1,200.69,2025-02-06T12:59:00,98314.1,198.2,-0.015684989348420195,240,2.948474650083246,1.3771616303996805,,0,max_holding,-0.014884989348420195
BTCUSDT/SOLUSDT,short_a_long_b,2025-02-06T15:15:00,97873.8,195.12,2025-02-06T15:52:00,97127.3,190.74,-0.015620555612850006,38,2.521269964003694,3.277517605139117,,0,adverse_stop,-0.014820555612850006
BTCUSDT/SOLUSDT,short_a_long_b,2025-02-06T16:00:00,97238.3,191.05,2025-02-06T17:29:00,96772.8,191.53,0.006499639633225774,90,2.727337906650028,0.47692475361565884,,0,z_mean_revert,0.007299639633225774
BTCUSDT/SOLUSDT,short_a_long_b,2025-02-07T15:54:00,98156.0,197.11,2025-02-07T16:39:00,98074.6,197.91,0.004087939602929547,46,2.7140231954479592,0.48769796630381884,,0,z_mean_revert,0.004887939602929547
BTCUSDT/SOLUSDT,long_a_short_b,2025-02-08T22:15:00,96607.2,199.67,2025-02-08T22:36:00,96388.5,197.79,0.0063517292094298575,22,-2.6989785252342697,-0.45790301294754465,,0,z_mean_revert,0.007151729209429858
BTCUSDT/SOLUSDT,long_a_short_b,2025-02-09T04:00:00,97191.2,206.48,2025-02-09T06:14:00,96841.9,204.93,0.003112833540631766,135,-2.9203705257083796,-0.48481424006036444,,0,z_mean_revert,0.003912833540631766
BTCUSDT/SOLUSDT,short_a_long_b,2025-02-09T14:00:00,95821.7,196.79,2025-02-09T14:38:00,96046.3,199.51,0.01067790383323044,39,3.356572247106208,0.23710241733062767,,0,z_mean_revert,0.01147790383323044
BTCUSDT/SOLUSDT,short_a_long_b,2025-02-09T22:00:00,94786.3,194.16,2025-02-09T22:42:00,96303.1,198.52,0.005653394063216766,43,2.5931783333921494,0.4991194226818218,,0,z_mean_revert,0.006453394063216766
BTCUSDT/SOLUSDT,long_a_short_b,2025-02-10T14:19:00,97755.0,207.45,2025-02-10T14:41:00,97275.1,204.38,0.009089534880925699,23,-2.6580484364127197,-0.4405573923290515,,0,z_mean_revert,0.009889534880925699
BTCUSDT/SOLUSDT,short_a_long_b,2025-02-10T20:01:00,97279.3,201.06,2025-02-10T23:56:00,97361.9,200.22,-0.005826958860649744,236,2.5343954297236704,0.4906302529949109,,0,z_mean_revert,-0.005026958860649744
BTCUSDT/SOLUSDT,short_a_long_b,2025-02-11T10:30:00,97915.6,201.37,2025-02-11T11:51:00,98085.7,202.89,0.005011083770967062,82,2.8209576552824926,0.4917038180504062,,0,z_mean_revert,0.005811083770967063
BTCUSDT/SOLUSDT,long_a_short_b,2025-02-12T12:01:00,96107.6,197.52,2025-02-12T12:36:00,96123.1,196.73,0.003360872545782901,36,-2.512779983326482,-0.49445177025266746,,0,z_mean_revert,0.004160872545782901
BTCUSDT/SOLUSDT,short_a_long_b,2025-02-12T14:30:00,94450.9,188.59,2025-02-12T16:58:00,96934.3,194.73,0.00546437332630414,149,3.3322083155440834,0.4274315073194181,,0,z_mean_revert,0.00626437332630414
BTCUSDT/SOLUSDT,short_a_long_b,2025-02-13T14:15:00,95729.9,189.22,2025-02-13T14:44:00,95935.6,191.03,0.0066168310912137155,30,3.1598305303181613,0.44392196394554856,,0,z_mean_revert,0.007416831091213716
BTCUSDT/SOLUSDT,long_a_short_b,2025-02-14T10:15:00,97096.9,200.75,2025-02-14T11:48:00,96794.5,198.97,0.004952335119304397,94,-2.8122833310991853,-0.29071482602294113,,0,z_mean_revert,0.005752335119304397
BTCUSDT/SOLUSDT,short_a_long_b,2025-02-14T22:48:00,97097.4,198.85,2025-02-15T01:56:00,97754.4,199.11,-0.00625888334220801,189,2.715172662964899,0.48781420371685974,,0,z_mean_revert,-0.00545888334220801
BTCUSDT/SOLUSDT,short_a_long_b,2025-02-15T10:30:00,97532.7,194.21,2025-02-15T12:03:00,97518.1,194.97,0.0032629831227977365,94,2.519393356770362,0.3487310067569536,,0,z_mean_revert,0.0040629831227977364
BTCUSDT/SOLUSDT,short_a_long_b,2025-02-16T02:54:00,97432.7,193.24,2025-02-16T03:40:00,97459.0,193.91,0.0023972611471571267,47,2.5937778293834524,0.26746051336516,,0,z_mean_revert,0.0031972611471571266
BTCUSDT/SOLUSDT,short_a_long_b,2025-02-16T14:15:00,96723.1,190.35,2025-02-16T14:31:00,96825.9,189.36,-0.007063773430797093,17,2.504720536548663,3.3024475584105333,,0,adverse_stop,-0.006263773430797093
BTCUSDT/SOLUSDT,short_a_long_b,2025-02-16T14:32:00,96719.2,189.5,2025-02-16T16:12:00,97023.3,190.78,0.002810464030018301,101,2.790869077059636,0.481773068581419,,0,z_mean_revert,0.003610464030018301
BTCUSDT/SOLUSDT,short_a_long_b,2025-02-16T19:11:00,96820.7,188.18,2025-02-16T20:21:00,97135.6,189.52,0.0030684380773867933,71,3.1525717539726514,0.4598209290241865,,0,z_mean_revert,0.0038684380773867932
BTCUSDT/SOLUSDT,short_a_long_b,2025-02-17T05:18:00,96096.4,181.44,2025-02-17T06:25:00,96304.6,184.45,0.01362293177463072,68,2.878720727865295,0.4623044792324754,,0,z_mean_revert,0.01442293177463072
BTCUSDT/SOLUSDT,short_a_long_b,2025-02-18T05:30:00,95807.0,173.51,2025-02-18T06:14:00,95256.5,167.41,-0.030210548424299464,45,2.72857369985161,3.723405389129206,,0,adverse_stop,-0.029410548424299465
BTCUSDT/SOLUSDT,short_a_long_b,2025-02-18T06:30:00,95377.4,167.39,2025-02-18T06:32:00,95270.1,164.85,-0.014849139758128604,3,2.7615515993844757,3.504738027562411,,0,adverse_stop,-0.014049139758128604
BTCUSDT/SOLUSDT,short_a_long_b,2025-02-18T06:33:00,95266.2,165.12,2025-02-18T09:17:00,95490.0,166.94,0.007873080072616912,165,3.306218868786508,0.2787603156396649,,0,z_mean_revert,0.008673080072616912
BTCUSDT/SOLUSDT,short_a_long_b,2025-02-18T17:32:00,94364.3,161.22,2025-02-18T17:51:00,94256.0,163.38,0.0137455212487966,20,2.5077623477178856,0.37296028302895423,,0,z_mean_revert,0.0145455212487966
BTCUSDT/SOLUSDT,short_a_long_b,2025-02-19T04:21:00,95558.2,166.06,2025-02-19T05:30:00,95154.0,166.05,0.0033696637425685524,70,2.592297435239671,0.44208351283915637,,0,z_mean_revert,0.004169663742568552
BTCUSDT/SOLUSDT,long_a_short_b,2025-02-20T11:00:00,97336.3,174.06,2025-02-20T12:44:00,97452.2,173.9,0.00130994038860024,105,-3.3195578861935373,-0.4141931090120719,,0,z_mean_revert,0.00210994038860024
BTCUSDT/SOLUSDT,long_a_short_b,2025-02-21T08:30:00,98151.2,177.23,2025-02-21T09:16:00,98467.2,178.89,-0.0069468375644666566,47,-2.5595648008114757,-3.276742895076021,,0,adverse_stop,-0.006146837564466656
BTCUSDT/SOLUSDT,short_a_long_b,2025-02-21T16:05:00,97882.6,172.66,2025-02-21T18:10:00,96853.1,171.84,0.004968483701771187,126,2.53412402610719,0.48334862182164207,,0,z_mean_revert,0.005768483701771188
BTCUSDT/SOLUSDT,short_a_long_b,2025-02-23T00:48:00,96518.2,171.22,2025-02-23T04:41:00,96380.8,170.5,-0.0035815505138172324,234,2.572083692022936,0.47471420498565015,,0,z_mean_revert,-0.0027815505138172325
BTCUSDT/SOLUSDT,short_a_long_b,2025-02-23T12:16:00,95910.1,168.94,2025-02-23T13:32:00,95767.9,169.41,0.0034646912289229234,77,2.5236022103873537,0.41111327546480214,,0,z_mean_revert,0.004264691228922923
BTCUSDT/SOLUSDT,short_a_long_b,2025-02-24T01:30:00,96027.9,164.57,2025-02-24T05:29:00,95452.7,159.45,-0.025921455330715746,240,2.9711492858226594,1.2353408965040562,,0,max_holding,-0.025121455330715747
BTCUSDT/SOLUSDT,short_a_long_b,2025-02-24T15:47:00,93861.6,151.03,2025-02-24T17:20:00,95124.8,154.79,0.010637603287036246,94,2.655874648699384,0.41387089485904643,,0,z_mean_revert,0.011437603287036247
BTCUSDT/SOLUSDT,short_a_long_b,2025-02-24T20:00:00,93842.5,149.52,2025-02-24T20:15:00,94306.7,152.3,0.012846244355471237,16,2.6747396278149638,0.250413402168054,,0,z_mean_revert,0.013646244355471238
BTCUSDT/SOLUSDT,short_a_long_b,2025-02-24T22:53:00,92578.1,143.42,2025-02-24T22:57:00,92546.0,141.8,-0.011748761475909508,5,2.6754112018333966,3.3829687820826937,,0,adverse_stop,-0.010948761475909508
BTCUSDT/SOLUSDT,short_a_long_b,2025-02-24T22:58:00,92349.4,140.13,2025-02-25T00:19:00,91854.0,143.51,0.028684869087554434,82,4.031216674931594,0.42704969939500254,,0,z_mean_revert,0.029484869087554433
BTCUSDT/SOLUSDT,short_a_long_b,2025-02-25T04:35:00,91813.1,136.44,2025-02-25T05:05:00,91899.4,139.21,0.018562011220121823,31,2.737931045539268,0.26439701624014145,,0,z_mean_revert,0.019362011220121822
BTCUSDT/SOLUSDT,long_a_short_b,2025-02-25T16:45:00,87440.9,144.19,2025-02-25T18:16:00,87244.9,141.5,0.015614426096475254,92,-3.0157090762454795,-0.4978827090153723,,0,z_mean_revert,0.016414426096475254
BTCUSDT/SOLUSDT,short_a_long_b,2025-02-26T12:00:00,88604.7,137.99,2025-02-26T13:58:00,87085.6,136.16,0.0030828581454686262,119,2.7333329087547704,0.4192592701000054,,0,z_mean_revert,0.003882858145468626
BTCUSDT/SOLUSDT,long_a_short_b,2025-02-27T00:49:00,84666.9,137.03,2025-02-27T00:59:00,84690.1,136.14,0.005968943110802672,11,-2.5647488407039014,0.08609717313447893,,0,z_mean_revert,0.006768943110802672
BTCUSDT/SOLUSDT,short_a_long_b,2025-02-28T02:00:00,81614.3,130.45,2025-02-28T02:41:00,80281.5,129.32,0.006868148769239713,42,2.767967525535977,0.4692217248704257,,0,z_mean_revert,0.007668148769239713
BTCUSDT/SOLUSDT,long_a_short_b,2025-02-28T08:48:00,78422.5,129.8,2025-02-28T10:25:00,79794.2,131.03,0.007215036583525203,98,-2.534155753470288,-0.4729497992949445,,0,z_mean_revert,0.008015036583525204
BTCUSDT/SOLUSDT,long_a_short_b,2025-02-28T13:30:00,81254.9,138.76,2025-02-28T14:06:00,81998.9,143.9,-0.02868600444697553,37,-2.6622173459849625,-3.4329819064857605,,0,adverse_stop,-0.027886004446975532
BTCUSDT/SOLUSDT,short_a_long_b,2025-03-01T10:45:00,85030.0,140.75,2025-03-01T12:18:00,84640.7,140.91,0.004915151417669206,94,3.1183964910268793,0.3891295877734575,,0,z_mean_revert,0.005715151417669206
BTCUSDT/SOLUSDT,short_a_long_b,2025-03-02T06:17:00,85906.2,142.36,2025-03-02T06:36:00,86300.3,144.26,0.007958883848292598,20,2.935129370687781,0.08344434320015873,,0,z_mean_revert,0.008758883848292598
BTCUSDT/SOLUSDT,long_a_short_b,2025-03-02T16:00:00,87660.0,159.83,2025-03-02T16:03:00,87867.7,165.39,-0.03321757944418722,4,-2.9333016259345754,-3.7188714441934243,,0,adverse_stop,-0.03241757944418722
BTCUSDT/SOLUSDT,long_a_short_b,2025-03-02T16:04:00,87737.4,163.73,2025-03-02T17:42:00,94153.7,171.59,0.02432486543126702,99,-3.3450069897558135,-0.4971171369558842,,0,z_mean_revert,0.02512486543126702
BTCUSDT/SOLUSDT,short_a_long_b,2025-03-03T02:30:00,92427.5,168.97,2025-03-03T04:37:00,92700.9,170.26,0.003876497226335341,128,2.8390572477149045,0.45683380151881053,,0,z_mean_revert,0.004676497226335341
BTCUSDT/SOLUSDT,short_a_long_b,2025-03-03T07:00:00,91454.6,161.93,2025-03-03T07:03:00,91208.9,159.89,-0.010711457273911295,4,2.5714885588935856,3.295720906285024,,0,adverse_stop,-0.009911457273911295
BTCUSDT/SOLUSDT,short_a_long_b,2025-03-03T07:04:00,91221.1,160.0,2025-03-03T10:12:00,91567.4,159.97,-0.004783770818922317,189,3.164694959427792,0.42019623193889816,,0,z_mean_revert,-0.0039837708189223164
BTCUSDT/SOLUSDT,long_a_short_b,2025-03-03T13:32:00,93113.9,164.84,2025-03-03T13:41:00,93503.9,166.73,-0.008077244973757258,10,-2.591149949410908,-3.3299956075486086,,0,adverse_stop,-0.0072772449737572575
BTCUSDT/SOLUSDT,long_a_short_b,2025-03-03T13:42:00,93514.7,166.58,2025-03-03T14:17:00,93341.1,163.99,0.012891692372883368,36,-3.0865450349027066,-0.4266229638768262,,0,z_mean_revert,0.013691692372883368
BTCUSDT/SOLUSDT,short_a_long_b,2025-03-03T19:30:00,87071.4,146.37,2025-03-03T22:50:00,86547.0,143.33,-0.015546639837394216,201,2.554754831714708,0.44642428663339634,,0,z_mean_revert,-0.014746639837394215
BTCUSDT/SOLUSDT,short_a_long_b,2025-03-04T02:15:00,83430.8,135.09,2025-03-04T02:30:00,83337.6,136.83,0.013197395468378748,16,2.649288097296219,0.4954626088488544,,0,z_mean_revert,0.013997395468378748
BTCUSDT/SOLUSDT,short_a_long_b,2025-03-04T10:00:00,83631.8,135.57,2025-03-04T10:37:00,83790.5,136.63,0.005121235433024918,38,2.6880375920345116,0.4560768955785976,,0,z_mean_revert,0.005921235433024918
BTCUSDT/SOLUSDT,short_a_long_b,2025-03-05T04:30:00,86922.1,141.13,2025-03-05T05:06:00,86904.5,142.31,0.007763565675753226,37,2.737908503315618,0.49336108619149843,,0,z_mean_revert,0.008563565675753226
BTCUSDT/SOLUSDT,long_a_short_b,2025-03-05T10:46:00,90035.0,149.52,2025-03-05T11:49:00,90006.7,148.37,0.006576956550664282,64,-2.507377161660109,-0.3326812136292051,,0,z_mean_revert,0.007376956550664282
BTCUSDT/SOLUSDT,short_a_long_b,2025-03-05T13:15:00,89704.5,144.83,2025-03-05T16:00:00,88260.0,141.65,-0.0066539058174376105,166,2.632282211423804,0.48946212477325934,,0,z_mean_revert,-0.00585390581743761
BTCUSDT/SOLUSDT,short_a_long_b,2025-03-06T22:01:00,90550.0,144.9,2025-03-07T00:08:00,89853.9,143.76,-0.0009800293353363402,128,3.887660402734669,0.4940195097212617,,0,z_mean_revert,-0.00018002933533634014
BTCUSDT/SOLUSDT,long_a_short_b,2025-03-07T03:40:00,87137.3,141.57,2025-03-07T04:45:00,87802.5,141.55,0.006975202310931206,66,-2.56677958286796,-0.4266768820457303,,0,z_mean_revert,0.007775202310931206
BTCUSDT/SOLUSDT,short_a_long_b,2025-03-07T10:30:00,89052.3,143.0,2025-03-07T13:30:00,90036.7,145.11,0.0029010664802312743,181,2.7437830539931403,-0.2324752137581036,,0,z_mean_revert,0.0037010664802312743
BTCUSDT/SOLUSDT,long_a_short_b,2025-03-07T15:51:00,88542.6,145.29,2025-03-07T17:20:00,86822.1,141.55,0.005510295625116757,90,-2.6962228968655815,-0.49904835274708137,,0,z_mean_revert,0.0063102956251167575
BTCUSDT/SOLUSDT,long_a_short_b,2025-03-07T19:15:00,88384.5,149.53,2025-03-07T20:37:00,87032.3,144.33,0.01867656768985373,83,-3.0787382941140877,-0.24098635811586844,,0,z_mean_revert,0.01947656768985373
BTCUSDT/SOLUSDT,short_a_long_b,2025-03-07T23:30:00,86570.0,138.31,2025-03-08T00:55:00,86752.0,140.43,0.012425541708296484,86,2.7552675427578435,0.47747062186307215,,0,z_mean_revert,0.013225541708296484
BTCUSDT/SOLUSDT,short_a_long_b,2025-03-08T11:48:00,85755.6,136.74,2025-03-08T12:23:00,86129.6,137.88,0.0031757586879689556,36,2.5262968869685345,0.4971213615642165,,0,z_mean_revert,0.0039757586879689555
BTCUSDT/SOLUSDT,short_a_long_b,2025-03-09T13:45:00,84182.4,133.74,2025-03-09T14:10:00,83082.4,132.85,0.005612161177310915,26,2.5968262958470385,0.43887488436628996,,0,z_mean_revert,0.0064121611773109155
BTCUSDT/SOLUSDT,short_a_long_b,2025-03-09T16:00:00,82953.4,130.02,2025-03-09T19:01:00,82758.9,128.15,-0.012837712797037137,182,2.5068544297072166,0.45721449648431806,,0,z_mean_revert,-0.012037712797037137
BTCUSDT/SOLUSDT,short_a_long_b,2025-03-10T14:15:00,80051.7,122.23,2025-03-10T16:53:00,79192.8,120.69,-0.002669882053420757,159,2.8886583677592528,0.44806178016560366,,0,z_mean_revert,-0.0018698820534207572
BTCUSDT/SOLUSDT,short_a_long_b,2025-03-10T17:45:00,78765.0,117.69,2025-03-10T18:09:00,78259.4,118.27,0.010547295982158,25,2.5481620539146776,0.49491991147021175,,0,z_mean_revert,0.011347295982158001
BTCUSDT/SOLUSDT,long_a_short_b,2025-03-11T05:56:00,80260.1,123.64,2025-03-11T07:42:00,80230.1,122.83,0.005377493171202308,107,-2.8406196628871268,-0.45940209809197097,,0,z_mean_revert,0.0061774931712023085
BTCUSDT/SOLUSDT,short_a_long_b,2025-03-11T09:45:00,81510.8,123.92,2025-03-11T11:34:00,81779.0,124.49,0.0005093802462382786,110,2.6299913294075075,0.42906692340262365,,0,z_mean_revert,0.0013093802462382786
BTCUSDT/SOLUSDT,short_a_long_b,2025-03-11T13:15:00,80884.4,121.67,2025-03-11T13:47:00,81127.5,123.42,0.010577643651528046,33,3.8198519867338363,-0.15628514990352166,,0,z_mean_revert,0.011377643651528047
BTCUSDT/SOLUSDT,short_a_long_b,2025-03-12T04:00:00,82051.1,122.23,2025-03-12T05:31:00,81791.3,122.42,0.003920766060491876,92,2.764382619062551,0.3668362006533716,,0,z_mean_revert,0.004720766060491877
BTCUSDT/SOLUSDT,long_a_short_b,2025-03-12T09:03:00,82823.2,125.88,2025-03-12T09:26:00,82405.6,124.07,0.008536707926802523,24,-2.5710827869498454,-0.4595800434631779,,0,z_mean_revert,0.009336707926802523
BTCUSDT/SOLUSDT,long_a_short_b,2025-03-13T08:45:00,82707.0,124.73,2025-03-13T12:06:00,82794.9,125.99,-0.009839032017089666,202,-2.7074151667544326,-0.37869159623590926,,0,z_mean_revert,-0.009039032017089665
BTCUSDT/SOLUSDT,short_a_long_b,2025-03-14T08:00:00,82139.7,124.56,2025-03-14T08:25:00,82497.8,125.53,0.0026277658662367206,26,2.558353712408781,0.31433582212092104,,0,z_mean_revert,0.0034277658662367205
BTCUSDT/SOLUSDT,long_a_short_b,2025-03-14T14:30:00,82865.0,129.26,2025-03-14T16:08:00,84462.7,131.17,0.003704338239796679,99,-2.806475633604412,-0.472067065232103,,0,z_mean_revert,0.004504338239796679
BTCUSDT/SOLUSDT,long_a_short_b,2025-03-14T22:54:00,84417.5,135.7,2025-03-14T23:05:00,84286.2,134.26,0.00825627862569136,12,-2.730551107027163,-0.39375335637428666,,0,z_mean_revert,0.00905627862569136
BTCUSDT/SOLUSDT,long_a_short_b,2025-03-15T13:11:00,84264.9,134.71,2025-03-15T14:35:00,84085.9,134.07,0.0018266930814833334,85,-2.653355722240812,-0.2596623689990363,,0,z_mean_revert,0.0026266930814833334
BTCUSDT/SOLUSDT,long_a_short_b,2025-03-15T17:30:00,84390.4,136.21,2025-03-15T17:47:00,84357.4,135.03,0.007472054013177099,18,-3.1329821941000775,0.2972798303876383,,0,z_mean_revert,0.0082720540131771
BTCUSDT/SOLUSDT,long_a_short_b,2025-03-16T00:51:00,84236.2,136.31,2025-03-16T00:52:00,84268.4,136.61,-0.002618607214879364,2,-2.6513684698450897,-3.4195192579878886,,0,adverse_stop,-0.0018186072148793642
BTCUSDT/SOLUSDT,long_a_short_b,2025-03-16T00:53:00,84259.8,136.35,2025-03-16T01:35:00,83906.0,135.35,0.00233514863196529,43,-2.548563888920458,-0.470550613160611,,0,z_mean_revert,0.00313514863196529
BTCUSDT/SOLUSDT,short_a_long_b,2025-03-16T11:00:00,83628.0,132.46,2025-03-16T11:14:00,83207.8,132.51,0.004602105342583785,15,2.78841036387852,0.39036927252490455,,0,z_mean_revert,0.005402105342583785
BTCUSDT/SOLUSDT,short_a_long_b,2025-03-16T12:00:00,82467.6,129.94,2025-03-16T15:59:00,83280.0,128.68,-0.020347924669898296,240,2.648162323789483,1.020721842372387,,0,max_holding,-0.019547924669898298
BTCUSDT/SOLUSDT,short_a_long_b,2025-03-16T19:49:00,83033.2,126.41,2025-03-16T21:07:00,82996.4,127.13,0.00533894813385063,79,2.6409633919508706,0.4397547526439413,,0,z_mean_revert,0.00613894813385063
BTCUSDT/SOLUSDT,long_a_short_b,2025-03-17T12:01:00,83542.5,129.66,2025-03-17T12:14:00,83319.2,128.74,0.003622589443947689,14,-2.9250711820388466,-0.13922450566082398,,0,z_mean_revert,0.004422589443947689
BTCUSDT/SOLUSDT,short_a_long_b,2025-03-17T13:48:00,83122.1,127.04,2025-03-17T16:22:00,83669.8,127.79,-0.0014854496629440376,155,2.628388124212998,0.4976177363725278,,0,z_mean_revert,-0.0006854496629440375
BTCUSDT/SOLUSDT,long_a_short_b,2025-03-17T19:16:00,84377.7,129.96,2025-03-17T20:49:00,84084.8,129.19,0.0016536036432964981,94,-2.6205180358618585,-0.48877242407384874,,0,z_mean_revert,0.002453603643296498
BTCUSDT/SOLUSDT,short_a_long_b,2025-03-18T01:17:00,83325.0,125.39,2025-03-18T04:16:00,83163.2,124.79,-0.0036432764003730737,180,2.6068695881964747,0.4932191903519098,,0,z_mean_revert,-0.0028432764003730737
BTCUSDT/SOLUSDT,short_a_long_b,2025-03-19T01:46:00,82942.5,124.88,2025-03-19T03:14:00,82906.3,125.06,0.0010778306645097499,89,2.5454221509503077,0.446724459965222,,0,z_mean_revert,0.0018778306645097498
BTCUSDT/SOLUSDT,long_a_short_b,2025-03-19T11:45:00,83897.8,128.88,2025-03-19T12:35:00,83705.9,127.6,0.006844412729584715,51,-2.7704498945933858,-0.41993137094980487,,0,z_mean_revert,0.007644412729584715
BTCUSDT/SOLUSDT,short_a_long_b,2025-03-20T01:31:00,86053.4,132.96,2025-03-20T01:56:00,85877.1,133.51,0.005385310313725267,26,2.620784453933845,0.2862125359121008,,0,z_mean_revert,0.006185310313725267
BTCUSDT/SOLUSDT,long_a_short_b,2025-03-20T07:00:00,85722.6,134.87,2025-03-20T07:28:00,85809.7,134.05,0.0062959969284054566,29,-3.5641787035044237,-0.39791371853839447,,0,z_mean_revert,0.007095996928405457
BTCUSDT/SOLUSDT,short_a_long_b,2025-03-20T10:45:00,85315.3,130.77,2025-03-20T14:01:00,85681.7,131.51,0.0005641326604758585,197,2.631213362009072,-0.3848813027895751,,0,z_mean_revert,0.0013641326604758586
BTCUSDT/SOLUSDT,short_a_long_b,2025-03-20T22:00:00,84428.6,127.51,2025-03-20T22:14:00,84263.0,127.68,0.0024946494224048718,15,2.7013582288885982,0.3358841649862748,,0,z_mean_revert,0.0032946494224048717
BTCUSDT/SOLUSDT,long_a_short_b,2025-03-22T09:45:00,84455.2,131.09,2025-03-22T11:34:00,84242.4,130.43,0.0017150299061093007,110,-3.028242306478039,-0.41093294825614635,,0,z_mean_revert,0.0025150299061093007
BTCUSDT/SOLUSDT,long_a_short_b,2025-03-23T02:24:00,84055.1,129.34,2025-03-23T02:26:00,84055.1,129.52,-0.0021916808411937875,3,-2.5065127452038083,-3.2731986209129023,,0,adverse_stop,-0.0013916808411937875
BTCUSDT/SOLUSDT,long_a_short_b,2025-03-23T02:27:00,84074.0,129.43,2025-03-23T04:53:00,84029.8,129.74,-0.0037208443871308053,147,-2.6462025863164653,-0.3695363067774447,,0,z_mean_revert,-0.0029208443871308054
BTCUSDT/SOLUSDT,long_a_short_b,2025-03-23T10:45:00,84453.4,132.57,2025-03-23T13:03:00,84679.3,133.0,-0.0013687215307272896,139,-2.9163253415658255,-0.46915348588034433,,0,z_mean_revert,-0.0005687215307272896
BTCUSDT/SOLUSDT,long_a_short_b,2025-03-24T01:00:00,85888.1,134.46,2025-03-24T02:00:00,85533.7,132.83,0.007196265111833711,61,-2.9889616463479705,-0.4641057150361689,,0,z_mean_revert,0.007996265111833711
BTCUSDT/SOLUSDT,long_a_short_b,2025-03-24T12:16:00,87487.3,143.67,2025-03-24T14:16:00,88372.0,144.51,0.0034655927801988903,121,-2.640238548964965,-0.44241781614161774,,0,z_mean_revert,0.00426559278019889
BTCUSDT/SOLUSDT,short_a_long_b,2025-03-25T22:02:00,87677.4,143.23,2025-03-25T22:53:00,87572.6,143.78,0.004235268577066043,52,2.831251300801182,0.29457786204554737,,0,z_mean_revert,0.005035268577066043
BTCUSDT/SOLUSDT,short_a_long_b,2025-03-26T14:30:00,86571.7,139.46,2025-03-26T18:29:00,86607.6,138.37,-0.009030546347311685,240,3.4918757735757358,1.0740042991061503,,0,max_holding,-0.008230546347311685
BTCUSDT/SOLUSDT,long_a_short_b,2025-03-27T02:49:00,87722.0,139.96,2025-03-27T04:17:00,87456.1,138.98,0.003170833931524642,89,-2.5438797625761755,-0.46503440188870987,,0,z_mean_revert,0.003970833931524642
BTCUSDT/SOLUSDT,short_a_long_b,2025-03-28T00:45:00,87148.4,137.21,2025-03-28T01:33:00,87280.9,138.28,0.00547787033636773,49,3.002009261750227,0.3639840146306555,,0,z_mean_revert,0.00627787033636773
BTCUSDT/SOLUSDT,short_a_long_b,2025-03-29T03:18:00,83898.9,127.29,2025-03-29T03:42:00,84167.1,128.68,0.006923241973492944,25,2.616801126594544,0.49740307310088916,,0,z_mean_revert,0.007723241973492945
BTCUSDT/SOLUSDT,short_a_long_b,2025-03-29T21:31:00,82332.6,123.35,2025-03-29T21:56:00,82580.0,124.65,0.00673423127187669,26,2.7047836064512523,0.3595739078606902,,0,z_mean_revert,0.00753423127187669
BTCUSDT/SOLUSDT,short_a_long_b,2025-03-30T11:21:00,83222.4,125.06,2025-03-30T13:32:00,82632.9,123.47,-0.006430467867983047,132,2.76620902570564,3.664234063685308,,0,adverse_stop,-0.005630467867983047
BTCUSDT/SOLUSDT,short_a_long_b,2025-03-30T14:02:00,82705.8,123.47,2025-03-30T14:17:00,82731.8,124.4,0.006417826743632915,16,2.524458615000991,-0.12224287517131811,,0,z_mean_revert,0.007217826743632916
BTCUSDT/SOLUSDT,long_a_short_b,2025-03-30T19:00:00,82738.6,126.49,2025-03-30T20:33:00,82531.7,125.51,0.004447001420657371,94,-3.364579990356479,-0.4827758583386651,,0,z_mean_revert,0.005247001420657371
BTCUSDT/SOLUSDT,long_a_short_b,2025-03-31T01:45:00,81872.1,126.04,2025-03-31T03:34:00,81723.2,125.55,0.0012689643408556836,110,-2.809984973343373,-0.47447107317093573,,0,z_mean_revert,0.0020689643408556835
BTCUSDT/SOLUSDT,short_a_long_b,2025-03-31T09:46:00,81382.6,123.56,2025-03-31T11:53:00,82221.1,124.76,-0.0013913043341561063,128,2.5419785718996986,0.3860075459797447,,0,z_mean_revert,-0.0005913043341561063
BTCUSDT/SOLUSDT,short_a_long_b,2025-03-31T18:00:00,82723.2,124.18,2025-03-31T18:41:00,83489.9,126.3,0.007003733787989708,42,2.591544376118164,0.1621964202004127,,0,z_mean_revert,0.007803733787989708
BTCUSDT/SOLUSDT,short_a_long_b,2025-04-01T00:15:00,82399.0,124.21,2025-04-01T02:08:00,82720.0,124.86,0.0005373946758850063,114,3.0072084110185973,0.47895686207139915,,0,z_mean_revert,0.0013373946758850064
BTCUSDT/SOLUSDT,long_a_short_b,2025-04-01T08:45:00,84030.0,129.54,2025-04-01T09:27:00,84136.1,128.53,0.008259463808912315,43,-2.6915347075238527,-0.48213284819166796,,0,z_mean_revert,0.009059463808912316
BTCUSDT/SOLUSDT,short_a_long_b,2025-04-01T15:04:00,84301.3,126.79,2025-04-01T15:15:00,84819.1,128.89,0.009620566377662199,12,2.820003868894187,-0.399326826673434,,0,z_mean_revert,0.0104205663776622
BTCUSDT/SOLUSDT,short_a_long_b,2025-04-02T01:51:00,85022.5,125.38,2025-04-02T02:07:00,84925.8,124.55,-0.006282529581594231,17,2.5135451311162744,3.647967612167009,,0,adverse_stop,-0.005482529581594231
BTCUSDT/SOLUSDT,long_a_short_b,2025-04-02T09:03:00,84737.9,125.77,2025-04-02T09:36:00,84997.2,125.69,0.0028961056455214748,34,-2.504788249218653,-0.47864966735042164,,0,z_mean_revert,0.0036961056455214747
BTCUSDT/SOLUSDT,long_a_short_b,2025-04-02T16:15:00,86930.5,131.48,2025-04-02T17:31:00,86623.2,129.87,0.007910200545614665,77,-2.8565412639087344,-0.4217877356959358,,0,z_mean_revert,0.008710200545614666
BTCUSDT/SOLUSDT,long_a_short_b,2025-04-02T20:15:00,87564.8,134.3,2025-04-02T20:28:00,85875.6,129.36,0.0166924643233938,14,-5.1000914025121435,-0.04202931829924086,,0,z_mean_revert,0.017492464323393797
BTCUSDT/SOLUSDT,short_a_long_b,2025-04-03T11:03:00,83035.9,115.42,2025-04-03T13:31:00,82339.2,114.75,0.0017854603244179764,149,2.6802694957813626,0.28770804021633956,,0,z_mean_revert,0.0025854603244179764
BTCUSDT/SOLUSDT,long_a_short_b,2025-04-03T18:46:00,82006.2,115.52,2025-04-03T21:33:00,82363.9,115.89,0.00035895673512045324,168,-2.835100172235597,-0.398498339274661,,0,z_mean_revert,0.0011589567351204533
BTCUSDT/SOLUSDT,short_a_long_b,2025-04-04T01:15:00,83170.3,115.84,2025-04-04T02:45:00,82930.0,115.94,0.0029525122021652147,91,2.6319567575378153,0.45140211218812537,,0,z_mean_revert,0.0037525122021652146
BTCUSDT/SOLUSDT,short_a_long_b,2025-04-04T11:25:00,82006.3,114.02,2025-04-04T12:31:00,82761.6,115.6,0.003846950040318787,67,2.6279640950603294,0.49259028626463697,,0,z_mean_revert,0.004646950040318787
BTCUSDT/SOLUSDT,long_a_short_b,2025-04-04T15:00:00,82651.3,118.02,2025-04-04T18:55:00,84021.6,121.73,-0.015656058386895075,236,-3.6345860265653807,-0.4268980091357123,,0,z_mean_revert,-0.014856058386895075
BTCUSDT/SOLUSDT,long_a_short_b,2025-04-05T08:00:00,83495.8,121.14,2025-04-05T10:19:00,83703.1,121.33,0.00011432639409627644,140,-2.8406669935849074,-0.22410299542929216,,0,z_mean_revert,0.0009143263940962765
BTCUSDT/SOLUSDT,long_a_short_b,2025-04-05T19:15:00,82999.9,119.11,2025-04-05T20:41:00,82787.5,118.38,0.00276974928706022,87,-3.230211609158133,-0.1963708862598023,,0,z_mean_revert,0.00356974928706022
BTCUSDT/SOLUSDT,long_a_short_b,2025-04-06T00:36:00,83454.0,120.46,2025-04-06T02:19:00,83348.6,120.05,0.0013406482410647466,104,-3.3522961777759486,-0.34616843986308593,,0,z_mean_revert,0.0021406482410647465
BTCUSDT/SOLUSDT,short_a_long_b,2025-04-06T13:30:00,82517.1,115.07,2025-04-06T16:25:00,82388.0,115.0,0.00015619883448272432,176,2.532696412854384,0.2555782846413222,,0,z_mean_revert,0.0009561988344827244
BTCUSDT/SOLUSDT,short_a_long_b,2025-04-06T18:00:00,80600.1,110.84,2025-04-06T18:15:00,80092.1,109.33,-0.008120518998543913,16,3.175316088925135,4.046783081516866,,0,adverse_stop,-0.007320518998543912
BTCUSDT/SOLUSDT,short_a_long_b,2025-04-06T18:30:00,79922.5,108.86,2025-04-06T21:46:00,79000.1,107.16,-0.004875207502684531,197,3.022558159656992,0.407322606894559,,0,z_mean_revert,-0.00407520750268453
BTCUSDT/SOLUSDT,short_a_long_b,2025-04-07T00:45:00,77791.4,103.63,2025-04-07T01:11:00,78677.3,106.14,0.012032637182516704,27,2.941127491942187,0.26531709860716673,,0,z_mean_revert,0.012832637182516704
BTCUSDT/SOLUSDT,long_a_short_b,2025-04-07T14:16:00,80438.1,110.25,2025-04-07T15:16:00,77926.6,104.26,0.022308299433729386,61,-2.9037926230130497,-0.32867158769982835,,0,z_mean_revert,0.023108299433729385
BTCUSDT/SOLUSDT,short_a_long_b,2025-04-08T06:53:00,79443.9,108.78,2025-04-08T09:05:00,79100.3,108.22,-0.0016229405426674052,133,2.5371925248496905,0.41620722478226907,,0,z_mean_revert,-0.0008229405426674051
BTCUSDT/SOLUSDT,short_a_long_b,2025-04-08T16:45:00,77610.1,104.59,2025-04-08T17:39:00,76990.7,104.7,0.00823264579552665,55,2.636042755377379,0.4551010591756543,,0,z_mean_revert,0.00903264579552665
BTCUSDT/SOLUSDT,short_a_long_b,2025-04-09T12:01:00,76050.4,103.15,2025-04-09T13:32:00,77455.6,106.07,0.009031068530010922,92,2.5092546011089425,-0.24561649463985014,,0,z_mean_revert,0.009831068530010922
BTCUSDT/SOLUSDT,long_a_short_b,2025-04-09T18:00:00,82140.0,118.88,2025-04-09T20:35:00,82405.5,118.81,0.0030211154117268054,156,-2.688030963285364,-0.4132016241945773,,0,z_mean_revert,0.0038211154117268054
BTCUSDT/SOLUSDT,long_a_short_b,2025-04-11T03:01:00,80280.0,114.61,2025-04-11T04:35:00,80828.0,115.28,0.00018019639576651936,95,-2.576633045944271,-0.36731096880393416,,0,z_mean_revert,0.0009801963957665194
BTCUSDT/SOLUSDT,long_a_short_b,2025-04-11T06:45:00,81127.8,117.39,2025-04-11T07:28:00,80835.9,116.17,0.005994681250178458,44,-2.5014173637704173,-0.45343166361857684,,0,z_mean_revert,0.006794681250178458
BTCUSDT/SOLUSDT,long_a_short_b,2025-04-11T12:19:00,82058.6,118.4,2025-04-11T12:52:00,82001.7,117.87,0.0029829444445798278,34,-2.7715069310070617,-0.29743628790897236,,0,z_mean_revert,0.0037829444445798277
BTCUSDT/SOLUSDT,long_a_short_b,2025-04-11T13:46:00,82996.1,120.56,2025-04-11T15:17:00,81916.8,118.78,0.0009602071478919345,92,-2.595588307984373,-0.35308972631023405,,0,z_mean_revert,0.0017602071478919346
BTCUSDT/SOLUSDT,long_a_short_b,2025-04-12T13:15:00,83954.9,127.0,2025-04-12T16:44:00,84708.1,129.89,-0.014584422012932174,210,-3.3677570565256567,-0.3817754750762102,,0,z_mean_revert,-0.013784422012932174
BTCUSDT/SOLUSDT,long_a_short_b,2025-04-13T18:07:00,84820.1,132.22,2025-04-13T19:09:00,84353.2,130.23,0.008746081638113213,63,-2.5750810357011606,0.010018077378388206,,0,z_mean_revert,0.009546081638113213
BTCUSDT/SOLUSDT,long_a_short_b,2025-04-14T00:48:00,84485.5,131.13,2025-04-14T02:32:00,85310.0,134.74,-0.018570861045218743,105,-2.6414806614189956,-3.349610882546193,,0,adverse_stop,-0.017770861045218744
BTCUSDT/SOLUSDT,long_a_short_b,2025-04-14T02:48:00,85423.1,135.0,2025-04-14T03:40:00,84532.9,131.82,0.012334486781418264,53,-2.5136789727627264,-0.474192733004804,,0,z_mean_revert,0.013134486781418264
BTCUSDT/SOLUSDT,long_a_short_b,2025-04-15T09:49:00,85894.9,133.11,2025-04-15T10:33:00,85595.7,131.9,0.004806899412045729,45,-2.8122420846108827,-0.14711837356446927,,0,z_mean_revert,0.005606899412045729
BTCUSDT/SOLUSDT,short_a_long_b,2025-04-16T05:24:00,83237.8,124.63,2025-04-16T06:04:00,83311.2,125.39,0.0044162393206520715,41,3.235052997318562,0.48177219217299305,,0,z_mean_revert,0.005216239320652072
BTCUSDT/SOLUSDT,long_a_short_b,2025-04-16T15:25:00,85212.0,129.38,2025-04-16T16:36:00,84679.1,127.5,0.007477025371044688,72,-2.795029193598276,-0.17792274977970637,,0,z_mean_revert,0.008277025371044688
BTCUSDT/SOLUSDT,long_a_short_b,2025-04-16T19:30:00,83948.7,129.68,2025-04-16T19:48:00,84189.5,131.81,-0.01435662781694389,19,-2.5880555918623664,-3.3421263323242134,,0,adverse_stop,-0.01355662781694389
BTCUSDT/SOLUSDT,long_a_short_b,2025-04-16T19:49:00,84284.0,132.46,2025-04-16T22:19:00,84356.2,132.14,0.0024724512372996895,151,-3.651155764244001,-0.48370611416664183,,0,z_mean_revert,0.0032724512372996895
BTCUSDT/SOLUSDT,long_a_short_b,2025-04-17T06:28:00,84608.2,134.66,2025-04-17T08:30:00,84545.0,133.8,0.0048394822593225365,123,-2.7885962031504987,-0.41473135939234645,,0,z_mean_revert,0.005639482259322537
BTCUSDT/SOLUSDT,short_a_long_b,2025-04-17T14:30:00,83987.1,131.18,2025-04-17T15:08:00,84387.8,132.53,0.004720232147238957,39,2.6920135417137687,0.3987141597510491,,0,z_mean_revert,0.005520232147238957
BTCUSDT/SOLUSDT,long_a_short_b,2025-04-18T08:00:00,84688.0,135.03,2025-04-18T08:01:00,84703.1,135.39,-0.0032877726754088946,2,-2.5506490311899723,-3.4302883403527575,,0,adverse_stop,-0.0024877726754088947
BTCUSDT/SOLUSDT,long_a_short_b,2025-04-18T08:02:00,84669.9,135.22,2025-04-18T09:16:00,84513.4,134.32,0.004007465534869215,75,-3.026356655226519,-0.2709733307933709,,0,z_mean_revert,0.004807465534869215
BTCUSDT/SOLUSDT,long_a_short_b,2025-04-18T22:20:00,84432.3,134.19,2025-04-18T22:50:00,84477.9,133.99,0.0012305016973318769,31,-2.689865042314122,-0.32947638362253623,,0,z_mean_revert,0.002030501697331877
BTCUSDT/SOLUSDT,long_a_short_b,2025-04-19T02:30:00,84680.5,137.46,2025-04-19T05:07:00,85030.1,138.18,-0.001909428058893913,158,-3.1915313661921205,-0.399386954346572,,0,z_mean_revert,-0.0011094280588939132
BTCUSDT/SOLUSDT,long_a_short_b,2025-04-19T10:15:00,85206.3,139.72,2025-04-19T10:36:00,85130.1,138.97,0.003673578545010515,22,-2.974718116294244,-0.4755074890955223,,0,z_mean_revert,0.004473578545010515
BTCUSDT/SOLUSDT,long_a_short_b,2025-04-19T23:41:00,85126.7,139.56,2025-04-20T00:13:00,85149.9,140.73,-0.008910956032528316,33,-2.6147279684781255,-3.8732213388101115,,0,adverse_stop,-0.008110956032528316
BTCUSDT/SOLUSDT,long_a_short_b,2025-04-20T00:35:00,85150.9,141.0,2025-04-20T03:05:00,85182.4,141.04,-0.0007137564451807681,151,-2.7967423703983676,-0.47555927840821793,,0,z_mean_revert,8.624355481923196e-05
BTCUSDT/SOLUSDT,short_a_long_b,2025-04-20T12:00:00,84060.1,136.09,2025-04-20T13:57:00,84337.6,137.19,0.003981676833445436,118,2.74066678773666,0.4850672046434046,,0,z_mean_revert,0.004781676833445436
BTCUSDT/SOLUSDT,short_a_long_b,2025-04-20T16:30:00,84458.3,135.98,2025-04-20T17:46:00,84481.3,136.6,0.003487170304781318,77,2.6356853324178204,0.4875641015781216,,0,z_mean_revert,0.004287170304781318
BTCUSDT/SOLUSDT,long_a_short_b,2025-04-20T20:15:00,84870.6,137.62,2025-04-20T20:32:00,85018.0,137.4,0.0025353664651512017,18,-2.5301057334575043,-0.12077890665734908,,0,z_mean_revert,0.0033353664651512016
BTCUSDT/SOLUSDT,long_a_short_b,2025-04-21T00:45:00,86920.1,142.48,2025-04-21T01:11:00,86820.0,140.81,0.009769310929071762,27,-2.5561778455440747,-0.27077766979607937,,0,z_mean_revert,0.010569310929071762
BTCUSDT/SOLUSDT,short_a_long_b,2025-04-21T13:01:00,86984.2,138.01,2025-04-21T14:39:00,88259.2,139.97,-0.0012559649815554234,99,2.5140173055534696,0.4960463423271742,,0,z_mean_revert,-0.0004559649815554233
BTCUSDT/SOLUSDT,short_a_long_b,2025-04-21T17:15:00,86716.3,134.21,2025-04-21T18:53:00,86864.7,135.19,0.004790661791427198,99,2.710161151561661,0.4976725300291657,,0,z_mean_revert,0.005590661791427198
BTCUSDT/SOLUSDT,short_a_long_b,2025-04-22T00:36:00,87051.0,134.84,2025-04-22T00:54:00,87519.1,136.65,0.007246008967945717,19,3.165534230013867,0.09169357678728417,,0,z_mean_revert,0.008046008967945717
BTCUSDT/SOLUSDT,long_a_short_b,2025-04-22T03:15:00,87850.0,139.48,2025-04-22T04:15:00,88130.8,138.92,0.006411269959695898,61,-2.518230741348579,-0.4894162819983879,,0,z_mean_revert,0.0072112699596958985
BTCUSDT/SOLUSDT,short_a_long_b,2025-04-23T14:17:00,92858.0,149.6,2025-04-23T14:33:00,92958.9,150.77,0.005934250260561403,17,2.9203593441071085,0.4804440800097333,,0,z_mean_revert,0.006734250260561403
BTCUSDT/SOLUSDT,short_a_long_b,2025-04-24T01:46:00,93294.0,149.36,2025-04-24T02:12:00,93531.8,150.52,0.004417538937817067,27,2.6350234828975285,0.4536226252094931,,0,z_mean_revert,0.005217538937817068
BTCUSDT/SOLUSDT,short_a_long_b,2025-04-24T08:47:00,91699.1,145.64,2025-04-24T11:24:00,92267.5,146.65,-6.362612634545006e-05,158,2.541142343015833,0.4234462326439197,,0,z_mean_revert,0.00073637387365455
BTCUSDT/SOLUSDT,long_a_short_b,2025-04-24T13:34:00,92876.1,149.33,2025-04-24T14:09:00,93116.7,150.97,-0.009191839947003766,36,-2.5488412218890137,-3.620672726933055,,0,adverse_stop,-0.008391839947003765
BTCUSDT/SOLUSDT,long_a_short_b,2025-04-25T01:09:00,94134.2,153.7,2025-04-25T02:20:00,93414.7,151.97,0.002812349681252791,72,-2.689835240625666,-0.49241255077362955,,0,z_mean_revert,0.003612349681252791
BTCUSDT/SOLUSDT,long_a_short_b,2025-04-25T06:50:00,93494.6,153.1,2025-04-25T06:53:00,93566.8,153.87,-0.005057155440726912,4,-2.9054876072650426,-4.317728136426957,,0,adverse_stop,-0.004257155440726912
BTCUSDT/SOLUSDT,long_a_short_b,2025-04-25T06:54:00,93534.0,153.6,2025-04-25T09:07:00,93617.7,153.7,-0.0005561799051681853,134,-3.6456166402776637,-0.4165684986203839,,0,z_mean_revert,0.00024382009483181477
BTCUSDT/SOLUSDT,short_a_long_b,2025-04-25T16:16:00,94813.3,151.67,2025-04-25T20:15:00,95014.1,150.76,-0.008917714470670668,240,2.540822559387982,1.7651095184691135,,0,max_holding,-0.008117714470670667
BTCUSDT/SOLUSDT,short_a_long_b,2025-04-26T22:00:00,94329.6,148.49,2025-04-26T22:12:00,94473.7,149.1,0.0017803984475447628,13,2.740351441702256,0.24226404202880653,,0,z_mean_revert,0.0025803984475447628
BTCUSDT/SOLUSDT,short_a_long_b,2025-04-27T02:00:00,94076.0,146.4,2025-04-27T03:53:00,94160.8,147.2,0.0037630820053170763,114,2.936209554537437,0.4426052041863278,,0,z_mean_revert,0.004563082005317076
BTCUSDT/SOLUSDT,long_a_short_b,2025-04-27T14:18:00,94015.1,149.26,2025-04-27T16:22:00,93792.4,148.79,-1.990067368848813e-05,125,-2.561633891877892,-0.4515707907398241,,0,z_mean_revert,0.0007800993263115119
BTCUSDT/SOLUSDT,short_a_long_b,2025-04-28T02:00:00,92872.1,144.65,2025-04-28T03:23:00,93714.6,147.01,0.006443627996535995,84,2.888340493443519,0.08410303405598807,,0,z_mean_revert,0.007243627996535995
BTCUSDT/SOLUSDT,short_a_long_b,2025-04-29T05:15:00,94204.1,145.58,2025-04-29T05:39:00,94228.4,146.54,0.0055363618492580095,25,3.5642991358907157,0.4666037268923613,,0,z_mean_revert,0.00633636184925801
BTCUSDT/SOLUSDT,short_a_long_b,2025-04-30T01:45:00,94325.4,145.07,2025-04-30T02:20:00,94679.4,146.56,0.005717937904537696,36,3.0702007740388466,0.27768153431707093,,0,z_mean_revert,0.006517937904537696
BTCUSDT/SOLUSDT,short_a_long_b,2025-04-30T13:15:00,94292.4,142.93,2025-04-30T15:20:00,93801.3,142.64,0.002379301822420544,126,3.8006797970276507,0.4267192857773146,,0,z_mean_revert,0.003179301822420544
BTCUSDT/SOLUSDT,long_a_short_b,2025-04-30T18:15:00,94333.0,145.74,2025-04-30T21:37:00,94508.0,146.49,-0.00409102044914964,203,-2.772450281771243,-0.47662954087826315,,0,z_mean_revert,-0.00329102044914964
BTCUSDT/SOLUSDT,long_a_short_b,2025-05-01T08:15:00,94994.7,150.14,2025-05-01T10:16:00,95894.4,151.57,-0.0008533891514580276,122,-2.8103568392618685,-0.47688502055696824,,0,z_mean_revert,-5.3389151458027584e-05
BTCUSDT/SOLUSDT,long_a_short_b,2025-05-02T12:00:00,96842.8,150.63,2025-05-02T12:22:00,96792.7,150.04,0.002599549181921313,23,-2.5951702574709277,-0.3159529667020223,,0,z_mean_revert,0.003399549181921313
BTCUSDT/SOLUSDT,long_a_short_b,2025-05-03T02:30:00,96646.2,148.87,2025-05-03T04:23:00,96479.9,148.34,0.0010394440105121702,114,-3.2331048134470555,-0.4370838701114386,,0,z_mean_revert,0.00183944401051217
BTCUSDT/SOLUSDT,long_a_short_b,2025-05-03T13:00:00,96088.0,148.13,2025-05-03T14:22:00,96323.7,148.2,0.0011804018985207784,83,-2.6372024467537893,-0.4686857518492485,,0,z_mean_revert,0.0019804018985207783
BTCUSDT/SOLUSDT,short_a_long_b,2025-05-03T17:30:00,96049.9,146.31,2025-05-03T18:22:00,96204.4,147.28,0.0042212198365735535,53,2.519505710837358,0.4445112922700819,,0,z_mean_revert,0.005021219836573554
BTCUSDT/SOLUSDT,long_a_short_b,2025-05-04T15:30:00,95556.9,147.07,2025-05-04T17:34:00,95240.9,146.42,0.00031273388908106337,125,-2.7506140681047553,-0.4850783458432562,,0,z_mean_revert,0.0011127338890810634
BTCUSDT/SOLUSDT,short_a_long_b,2025-05-05T10:45:00,94162.0,144.34,2025-05-05T12:28:00,94278.5,144.9,0.0018424989633915264,104,2.9428093380068656,0.42166101070036205,,0,z_mean_revert,0.0026424989633915263
BTCUSDT/SOLUSDT,short_a_long_b,2025-05-06T02:26:00,94010.1,143.71,2025-05-06T04:26:00,94495.8,144.84,0.0018965913901517703,121,2.567348550860364,0.41633867804139213,,0,z_mean_revert,0.00269659139015177
BTCUSDT/SOLUSDT,long_a_short_b,2025-05-06T07:17:00,94433.5,145.48,2025-05-06T08:03:00,94264.9,144.73,0.0025699644491189674,47,-2.592068927430207,-0.20215643504096983,,0,z_mean_revert,0.0033699644491189673
BTCUSDT/SOLUSDT,long_a_short_b,2025-05-07T09:15:00,96923.6,148.0,2025-05-07T10:34:00,96882.1,147.42,0.0026907466265154952,80,-2.572481472805906,-0.44953764943113417,,0,z_mean_revert,0.003490746626515495
BTCUSDT/SOLUSDT,short_a_long_b,2025-05-07T12:45:00,96886.9,146.87,2025-05-07T16:44:00,96655.9,145.69,-0.006450092807699348,240,2.5034185218816503,0.4426186639188967,,0,z_mean_revert,-0.005650092807699347
BTCUSDT/SOLUSDT,long_a_short_b,2025-05-08T10:16:00,99718.8,154.84,2025-05-08T14:09:00,99311.7,154.71,-0.004042903596709424,234,-2.587822848169634,-0.49583679852130935,,0,z_mean_revert,-0.0032429035967094237
BTCUSDT/SOLUSDT,long_a_short_b,2025-05-08T15:15:00,99665.1,158.14,2025-05-08T16:51:00,101271.2,160.09,0.0029841229455386483,97,-2.5571609029525306,-0.4838257305060997,,0,z_mean_revert,0.0037841229455386483
BTCUSDT/SOLUSDT,long_a_short_b,2025-05-09T07:18:00,103568.6,165.44,2025-05-09T08:12:00,103544.1,167.09,-0.011009962439942766,55,-2.97049343540688,-3.7025115561197612,,0,adverse_stop,-0.010209962439942766
BTCUSDT/SOLUSDT,long_a_short_b,2025-05-09T11:15:00,103193.6,173.57,2025-05-09T12:10:00,102789.7,169.86,0.01666065910109307,56,-2.528107238830861,-0.4311023769545037,,0,z_mean_revert,0.017460659101093068
BTCUSDT/SOLUSDT,long_a_short_b,2025-05-09T23:00:00,102771.8,173.49,2025-05-09T23:38:00,102858.6,172.41,0.006269732323220834,39,-2.7365087847721354,-0.2780742096012214,,0,z_mean_revert,0.007069732323220834
BTCUSDT/SOLUSDT,long_a_short_b,2025-05-10T17:46:00,103395.5,173.32,2025-05-10T18:23:00,103126.1,171.64,0.00628752405761881,38,-2.6363508883571054,-0.40404254553272534,,0,z_mean_revert,0.00708752405761881
BTCUSDT/SOLUSDT,long_a_short_b,2025-05-10T23:15:00,104444.3,178.11,2025-05-11T00:28:00,104122.0,175.17,0.012620797860345779,74,-3.961881162781081,0.1572263508562598,,0,z_mean_revert,0.013420797860345779
BTCUSDT/SOLUSDT,short_a_long_b,2025-05-11T07:16:00,103577.0,173.37,2025-05-11T09:32:00,104224.7,174.44,-0.0008815474309301401,137,2.7869367490089187,0.47832116948671444,,0,z_mean_revert,-8.154743093014005e-05
BTCUSDT/SOLUSDT,short_a_long_b,2025-05-11T14:00:00,103935.7,171.14,2025-05-11T16:29:00,104039.1,171.43,-0.00010032674464652768,150,2.892193317862766,0.3499209612458848,,0,z_mean_revert,0.0006996732553534724
BTCUSDT/SOLUSDT,long_a_short_b,2025-05-12T00:30:00,104532.0,174.96,2025-05-12T01:34:00,104024.0,173.2,0.004399686293974825,65,-2.899098676074487,-0.19602026029473757,,0,z_mean_revert,0.005199686293974826
BTCUSDT/SOLUSDT,long_a_short_b,2025-05-12T13:15:00,104245.0,177.73,2025-05-12T15:07:00,102511.0,174.88,-0.0013983317571012225,113,-3.2456022173470047,-0.41623160598154263,,0,z_mean_revert,-0.0005983317571012224
BTCUSDT/SOLUSDT,long_a_short_b,2025-05-12T22:46:00,102833.0,174.18,2025-05-13T00:25:00,102467.9,173.16,0.001505594328049776,100,-2.7052805051229067,-0.4612187121833077,,0,z_mean_revert,0.002305594328049776
BTCUSDT/SOLUSDT,short_a_long_b,2025-05-13T01:45:00,102215.3,169.91,2025-05-13T04:57:00,102674.9,169.83,-0.005767228942627356,193,2.849540101468994,0.4360535158285822,,0,z_mean_revert,-0.004967228942627355
BTCUSDT/SOLUSDT,long_a_short_b,2025-05-14T06:37:00,103686.0,183.68,2025-05-14T07:25:00,103391.7,181.62,0.007576779385710242,49,-2.651656061371988,-0.39639262692692084,,0,z_mean_revert,0.008376779385710242
BTCUSDT/SOLUSDT,short_a_long_b,2025-05-14T14:15:00,103235.9,176.72,2025-05-14T18:04:00,103197.1,175.87,-0.005234030468811301,230,2.696148473684666,0.4121074964691632,,0,z_mean_revert,-0.004434030468811301
BTCUSDT/SOLUSDT,short_a_long_b,2025-05-14T23:21:00,103409.6,175.27,2025-05-14T23:49:00,103537.3,176.44,0.004640520054468045,29,2.5179709982081544,0.3811665015935712,,0,z_mean_revert,0.005440520054468045
BTCUSDT/SOLUSDT,short_a_long_b,2025-05-15T07:45:00,101726.0,170.23,2025-05-15T08:31:00,102134.5,172.37,0.007755537958916614,47,3.1472891227061512,0.2763316306048015,,0,z_mean_revert,0.008555537958916615
BTCUSDT/SOLUSDT,short_a_long_b,2025-05-16T22:47:00,103382.6,166.88,2025-05-17T00:08:00,103460.1,168.06,0.0055213065952842925,82,2.5188392924970207,0.43116059258460177,,0,z_mean_revert,0.006321306595284293
BTCUSDT/SOLUSDT,long_a_short_b,2025-05-18T05:15:00,103393.0,168.92,2025-05-18T07:50:00,103559.9,169.44,-0.002264151095228461,156,-2.540237035445025,-0.46727900371962305,,0,z_mean_revert,-0.0014641510952284609
BTCUSDT/SOLUSDT,short_a_long_b,2025-05-19T07:02:00,102362.5,159.7,2025-05-19T09:20:00,103120.2,161.74,0.004571826356859177,139,2.526993386980446,0.4888224318912211,,0,z_mean_revert,0.005371826356859177
BTCUSDT/SOLUSDT,long_a_short_b,2025-05-20T00:32:00,105589.9,167.65,2025-05-20T00:49:00,105690.2,166.93,0.004444562955544984,18,-2.510200873680067,-0.4846131416194896,,0,z_mean_revert,0.005244562955544985
BTCUSDT/SOLUSDT,long_a_short_b,2025-05-20T02:15:00,106649.3,171.83,2025-05-20T03:18:00,105877.8,169.26,0.0069226529098113335,64,-3.0218249416143403,-0.48561479727684453,,0,z_mean_revert,0.007722652909811334
BTCUSDT/SOLUSDT,long_a_short_b,2025-05-21T03:45:00,106946.3,170.19,2025-05-21T03:47:00,106999.9,170.74,-0.003530496128209081,3,-2.641310546820333,-3.3725516489267915,,0,adverse_stop,-0.002730496128209081
