symbol,direction,entry_date,exit_date,pnl_usd,pnl_pct,bars_held,reason,funding_at_entry,atr_at_entry
BTCUSD,short,2022-01-12,2022-01-14,13.700658170613336,0.013700658170613335,12,time_stop,7.650343330337474e-05,869.0632341170651
BTCUSD,short,2022-01-15,2022-01-17,20.428621129883354,0.020428621129883355,12,time_stop,0.0002521200150280456,722.056335930099
BTCUSD,long,2022-01-18,2022-01-20,28.41520911057172,0.02841520911057172,12,time_stop,-0.0004178260282855144,592.7232072261107
BTCUSD,long,2022-01-21,2022-01-22,-96.51634807638781,-0.09651634807638781,6,trail_stop,-0.00019939217633119493,936.1090154027024
BTCUSD,long,2022-01-22,2022-01-24,-18.076248580858383,-0.018076248580858382,12,time_stop,-8.709521235765748e-05,1198.8789690248564
BTCUSD,short,2022-01-31,2022-02-02,6.2403303931590415,0.0062403303931590414,12,time_stop,0.00035098317177233504,782.0328280724718
BTCUSD,short,2022-02-04,2022-02-06,-25.1329073228438,-0.0251329073228438,12,time_stop,0.00010653466944237823,885.8459740736339
BTCUSD,short,2022-02-06,2022-02-08,-59.775124168536045,-0.059775124168536045,8,trail_stop,0.0005938833642248996,738.7919947317266
BTCUSD,long,2022-02-17,2022-02-19,-47.2363075440926,-0.047236307544092596,12,time_stop,-5.998236015765179e-07,804.4267070189478
BTCUSD,long,2022-02-20,2022-02-21,-35.398030676768236,-0.035398030676768236,9,trail_stop,-1.7042309927301207e-06,724.3891947642135
BTCUSD,short,2022-02-28,2022-03-02,-58.32283555686827,-0.05832283555686827,12,time_stop,6.453396851580816e-05,1138.101324744692
BTCUSD,short,2022-03-02,2022-03-04,108.07129408841324,0.10807129408841323,12,time_stop,6.30431222948428e-05,1112.9985236022337
BTCUSD,long,2022-03-06,2022-03-08,1.3022647857363543,0.0013022647857363543,12,time_stop,-8.040068145873883e-06,861.8692184236231
BTCUSD,short,2022-03-16,2022-03-18,-26.14186158120152,-0.02614186158120152,12,time_stop,0.00013631738996651134,945.5322150615475
BTCUSD,short,2022-03-18,2022-03-20,-11.239079759982403,-0.011239079759982402,12,time_stop,0.0002682692303855429,774.92339042721
BTCUSD,short,2022-03-20,2022-03-22,-42.46709690226766,-0.042467096902267666,9,trail_stop,0.00011786637552212239,601.1183082214607
BTCUSD,short,2022-03-24,2022-03-26,-13.018328779004696,-0.013018328779004695,12,time_stop,0.0001551929779690911,696.6019947848088
BTCUSD,short,2022-03-27,2022-03-27,-48.522230721473264,-0.04852223072147326,5,trail_stop,0.0004429873931604909,543.5790260032886
BTCUSD,short,2022-03-28,2022-03-30,-8.949265285959422,-0.008949265285959422,12,time_stop,0.0002589276858270006,659.7490834261115
BTCUSD,short,2022-03-30,2022-04-01,49.03056305780616,0.04903056305780616,12,time_stop,0.0003764437321936005,700.8025089710679
BTCUSD,long,2022-04-06,2022-04-08,-36.36624373621559,-0.03636624373621559,12,time_stop,-2.1137809537390157e-06,749.9586898568235
BTCUSD,long,2022-04-09,2022-04-11,-4.848465105324168,-0.004848465105324168,12,time_stop,-2.7468180284813603e-05,711.4767734971405
BTCUSD,long,2022-04-11,2022-04-13,-33.5084887814459,-0.0335084887814459,12,time_stop,-0.00024084403740889216,656.7424536758826
BTCUSD,short,2022-04-19,2022-04-21,-17.47453738376009,-0.01747453738376009,12,time_stop,8.1827345275397e-05,650.7586503861147
BTCUSD,long,2022-04-22,2022-04-24,4.772078451560242,0.004772078451560242,12,time_stop,-3.9198034533952805e-05,743.2681917792768
BTCUSD,long,2022-04-26,2022-04-28,43.87766691037116,0.04387766691037116,12,time_stop,-0.0002286342832681377,765.3431488784648
BTCUSD,long,2022-04-30,2022-05-02,22.782900466308913,0.022782900466308913,12,time_stop,-0.000699339112963282,626.66897328083
BTCUSD,long,2022-05-03,2022-05-05,-22.950595376367996,-0.022950595376367997,10,trail_stop,-0.00014370383441697545,596.5889630752775
BTCUSD,long,2022-05-05,2022-05-07,-12.386101713133101,-0.012386101713133101,12,time_stop,-1.9819174931449515e-05,829.7071147447515
BTCUSD,long,2022-05-09,2022-05-09,-78.14065028803601,-0.07814065028803602,3,trail_stop,-0.00023813360921734835,692.1129295607255
BTCUSD,long,2022-05-10,2022-05-12,-78.58674882811547,-0.07858674882811548,12,trail_stop,-5.390422232151435e-05,1008.2654133236719
BTCUSD,long,2022-05-23,2022-05-25,16.58122480254649,0.01658122480254649,12,time_stop,-0.00019685892705688574,606.9434897453871
BTCUSD,short,2022-06-01,2022-06-03,32.12681355429442,0.03212681355429442,12,time_stop,5.590789313107325e-06,524.9789079227754
BTCUSD,long,2022-06-07,2022-06-09,23.744092521876958,0.023744092521876956,12,time_stop,-0.0002446067567568783,571.9398787581549
BTCUSD,long,2022-06-10,2022-06-12,-49.901811703554095,-0.049901811703554094,8,trail_stop,-0.00015143860181301934,572.2105691338958
BTCUSD,long,2022-06-12,2022-06-13,-78.45712328139233,-0.07845712328139233,5,trail_stop,-0.00022509721073938206,599.5953833243288
BTCUSD,long,2022-06-13,2022-06-15,-80.05072689723345,-0.08005072689723344,12,time_stop,-9.02947717558833e-05,950.1395176355251
BTCUSD,short,2022-06-26,2022-06-28,48.2773401651723,0.048277340165172294,12,time_stop,6.363116267238991e-05,491.306814112996
BTCUSD,long,2022-07-01,2022-07-03,-5.659042478105272,-0.005659042478105272,12,time_stop,-0.0002563568963337603,576.9653271388478
BTCUSD,short,2022-07-06,2022-07-07,-62.03432499595592,-0.06203432499595592,5,trail_stop,0.0001814151202453827,461.6655797477711
BTCUSD,short,2022-07-08,2022-07-10,12.018966212165175,0.012018966212165175,12,time_stop,0.00020613188190967896,499.02856664079525
BTCUSD,short,2022-07-10,2022-07-12,48.22126437112934,0.048221264371129335,12,time_stop,0.00027716141731507133,425.88436095847425
BTCUSD,short,2022-07-18,2022-07-19,-52.67584044997667,-0.05267584044997667,9,trail_stop,0.00032379092267115065,493.00977312303115
BTCUSD,short,2022-07-19,2022-07-21,9.546489832096663,0.009546489832096662,12,time_stop,0.0003820021480557621,690.0855629595347
BTCUSD,long,2022-07-26,2022-07-28,93.92890596038228,0.09392890596038228,12,time_stop,-0.00018507271835154667,508.6699676912817
BTCUSD,short,2022-07-28,2022-07-30,-33.74190822528603,-0.033741908225286034,12,time_stop,0.0003129784281466605,567.3582634813107
BTCUSD,short,2022-07-30,2022-08-01,39.562546340144856,0.039562546340144854,12,time_stop,0.0005543821640060368,531.1582763282809
BTCUSD,long,2022-08-04,2022-08-06,32.30262178569132,0.03230262178569132,12,time_stop,-0.00030373109803724196,440.71927978314847
BTCUSD,short,2022-08-09,2022-08-10,-7.853866310969477,-0.007853866310969477,9,trail_stop,0.0002414532588262908,316.8143195946425
BTCUSD,short,2022-08-10,2022-08-12,-24.133812381133268,-0.02413381238113327,12,time_stop,0.00046523668427728637,394.33991339875575
BTCUSD,short,2022-08-13,2022-08-15,15.057042843449647,0.015057042843449647,12,time_stop,9.782734727377783e-06,401.18380410362596
BTCUSD,long,2022-08-17,2022-08-19,-59.823769021849856,-0.059823769021849854,9,trail_stop,-1.5176279903466444e-05,391.29522706159105
BTCUSD,long,2022-08-19,2022-08-21,1.6849198949896587,0.0016849198949896588,12,time_stop,-0.00026519172950408373,449.088163221662
BTCUSD,long,2022-08-21,2022-08-23,1.4709925366682677,0.0014709925366682677,12,time_stop,-0.0002314963048590501,369.8019098473675
BTCUSD,long,2022-08-27,2022-08-29,-19.458389549496374,-0.019458389549496375,12,time_stop,-0.0001512698565761126,370.1738465860198
BTCUSD,long,2022-09-06,2022-09-08,27.37451337767397,0.02737451337767397,12,time_stop,-0.00025724965040874756,324.9758921699137
BTCUSD,short,2022-09-09,2022-09-11,-32.92462365937854,-0.03292462365937854,12,time_stop,8.398595626509371e-05,386.6824703868182
BTCUSD,short,2022-09-12,2022-09-14,87.0379640540325,0.0870379640540325,12,time_stop,5.632292815298638e-05,394.91997337661707
BTCUSD,long,2022-09-21,2022-09-23,43.90214764947714,0.04390214764947714,12,time_stop,-9.112666612084255e-05,509.1211698410858
BTCUSD,short,2022-09-27,2022-09-29,28.696509524229146,0.028696509524229145,12,time_stop,0.0004187045195600663,383.69837801856465
BTCUSD,short,2022-09-30,2022-10-02,10.075033330360275,0.010075033330360276,12,time_stop,5.6711809929192e-05,438.1436521831902
BTCUSD,short,2022-10-03,2022-10-05,-27.88748051224436,-0.02788748051224436,12,time_stop,0.00032910794097647586,283.092772052975
BTCUSD,long,2022-10-11,2022-10-13,-10.468256252225165,-0.010468256252225165,12,time_stop,-0.00022757114292411656,207.24026360763145
BTCUSD,short,2022-10-17,2022-10-19,12.753892870012153,0.012753892870012154,12,time_stop,0.00043954282517179744,208.19398568806463
BTCUSD,short,2022-10-29,2022-10-31,22.11912202232788,0.02211912202232788,12,time_stop,0.000183089827651859,277.62522466854836
BTCUSD,short,2022-11-04,2022-11-06,-4.969183435644306,-0.004969183435644306,12,time_stop,9.878693780131305e-05,280.89842947230994
BTCUSD,short,2022-11-07,2022-11-09,123.61837904998194,0.12361837904998194,12,time_stop,0.00018495825134366494,214.7058271366956
BTCUSD,long,2022-11-20,2022-11-22,-4.563846795581405,-0.004563846795581405,12,time_stop,-0.0002796145931495773,201.52290195972682
BTCUSD,short,2022-11-30,2022-12-02,-4.662952224862311,-0.004662952224862311,12,time_stop,0.0003813923080929299,203.56530537530097
BTCUSD,short,2022-12-02,2022-12-04,-3.149117720892658,-0.003149117720892658,12,time_stop,6.0499625319143354e-05,181.43838289045894
BTCUSD,short,2022-12-05,2022-12-07,30.770200573441155,0.030770200573441157,12,time_stop,9.401397828060788e-05,159.39482153337678
BTCUSD,short,2022-12-09,2022-12-11,3.505934544513645,0.003505934544513645,12,time_stop,0.00012523228304126265,135.7771447992368
BTCUSD,short,2022-12-14,2022-12-16,59.58460491635885,0.05958460491635885,12,time_stop,6.81261447467328e-05,166.08183355316115
BTCUSD,long,2022-12-16,2022-12-18,-7.816555969041438,-0.007816555969041438,12,time_stop,-0.0006432659783549274,218.8821884533678
BTCUSD,long,2022-12-18,2022-12-20,8.535469295156462,0.008535469295156462,12,time_stop,-0.00015129573132192508,152.94416079492044
BTCUSD,long,2022-12-22,2022-12-24,11.160331471736281,0.011160331471736281,12,time_stop,-0.0002662446742527926,146.72812900952167
BTCUSD,long,2022-12-29,2022-12-31,-3.2724334889793636,-0.0032724334889793634,12,time_stop,-0.0004023460264778958,96.45428644336545
BTCUSD,long,2023-01-01,2023-01-03,11.43270131521483,0.01143270131521483,12,time_stop,-1.7050044621515637e-05,86.14602521737187
BTCUSD,short,2023-01-04,2023-01-06,-6.6847513703305905,-0.006684751370330591,12,time_stop,6.951840050821329e-05,97.68448481509225
BTCUSD,short,2023-01-07,2023-01-08,-11.686252339803145,-0.011686252339803145,11,trail_stop,2.9086532106247382e-05,93.68719641400226
BTCUSD,short,2023-01-09,2023-01-11,-12.547623686514097,-0.012547623686514096,12,time_stop,0.00020921556497107053,85.49770960734521
BTCUSD,short,2023-01-11,2023-01-11,-36.50287021090302,-0.03650287021090302,2,trail_stop,3.246742306748808e-05,100.50761832689632
BTCUSD,short,2023-01-21,2023-01-23,-5.866653628532768,-0.005866653628532769,12,time_stop,6.063884052598731e-06,376.1334617312657
BTCUSD,short,2023-01-23,2023-01-25,-2.130697311630874,-0.002130697311630874,12,time_stop,0.00045687360374689075,357.78038548808775
BTCUSD,short,2023-01-27,2023-01-29,-29.16054241893803,-0.029160542418938028,12,trail_stop,5.1338250890329103e-05,347.0173132870123
BTCUSD,short,2023-01-29,2023-01-31,25.218009221055464,0.025218009221055465,12,time_stop,0.00024288233299595295,309.7351138905797
BTCUSD,short,2023-02-01,2023-02-03,2.351870018217534,0.002351870018217534,12,time_stop,0.000635045832759181,317.8078872455059
BTCUSD,long,2023-02-07,2023-02-09,-17.067243106827267,-0.017067243106827265,12,time_stop,-0.0003731682457109791,257.7150137021326
BTCUSD,long,2023-02-09,2023-02-11,-17.86664078316914,-0.01786664078316914,12,time_stop,-9.311347084755761e-05,305.0302470369731
BTCUSD,short,2023-02-17,2023-02-19,-36.48966151061236,-0.03648966151061236,12,time_stop,0.0002355243515060648,482.07582968231736
BTCUSD,long,2023-02-25,2023-02-27,18.188717730342983,0.018188717730342984,12,time_stop,-3.914290133013031e-05,371.64134965100914
BTCUSD,long,2023-02-27,2023-03-01,2.191254393525207,0.002191254393525207,12,time_stop,-0.000668002638563503,318.58363233235923
BTCUSD,long,2023-03-03,2023-03-05,1.5270496789930228,0.0015270496789930228,12,time_stop,-0.00031294898030749443,388.9067747456939
BTCUSD,short,2023-03-13,2023-03-14,-80.71797081029773,-0.08071797081029773,6,trail_stop,0.000899513148818629,633.0250969382785
BTCUSD,short,2023-03-16,2023-03-17,-94.46200435093536,-0.09446200435093537,7,trail_stop,0.0005607267027330996,706.0677746896606
BTCUSD,short,2023-03-18,2023-03-20,-31.45121436713915,-0.03145121436713915,12,time_stop,0.0004414652639197308,721.2005163838747
BTCUSD,short,2023-03-20,2023-03-22,2.5246669255541483,0.002524666925554148,12,time_stop,0.0006512401941623644,707.4468837138526
BTCUSD,long,2023-03-27,2023-03-29,56.166742433430116,0.05616674243343012,12,time_stop,-0.0004620466876129007,511.75637188238727
BTCUSD,short,2023-04-01,2023-04-03,11.95087394159503,0.011950873941595028,12,time_stop,0.0005354307195331684,425.64897945964304
BTCUSD,long,2023-04-07,2023-04-09,1.5918677480364363,0.0015918677480364362,12,time_stop,-0.00023264405195961562,352.9014387088605
BTCUSD,short,2023-04-11,2023-04-13,-4.083510247965352,-0.004083510247965352,12,time_stop,4.21266720362695e-05,358.06728511259814
BTCUSD,short,2023-04-13,2023-04-15,3.2410996808124097,0.00324109968081241,12,time_stop,0.00018986799510625996,358.5803661429079
BTCUSD,long,2023-04-19,2023-04-20,-41.87402351185852,-0.04187402351185852,8,trail_stop,-0.00021467018055739402,402.89584971194256
BTCUSD,long,2023-04-20,2023-04-22,-16.183181638510142,-0.016183181638510142,12,time_stop,-2.2237432313090827e-05,436.2913717954537
BTCUSD,long,2023-04-23,2023-04-25,-8.759260272391122,-0.008759260272391123,12,time_stop,-0.00036051855116214164,378.9774530888551
BTCUSD,short,2023-04-27,2023-04-29,-5.8067996992534,-0.0058067996992534,12,time_stop,0.00020950598217652335,674.0530572180429
BTCUSD,short,2023-04-29,2023-05-01,47.26822494331936,0.04726822494331936,12,time_stop,0.0006090930080766396,433.2062333030608
BTCUSD,long,2023-05-12,2023-05-14,3.6589835679759486,0.0036589835679759486,12,time_stop,-9.548688294779337e-06,454.64893031559245
BTCUSD,long,2023-05-21,2023-05-23,16.886824689611604,0.016886824689611606,12,time_stop,-0.00033099260102722783,223.1960133847331
BTCUSD,long,2023-05-24,2023-05-26,-7.26638100653483,-0.0072663810065348305,12,time_stop,-2.2326377869806676e-05,249.67327786102413
BTCUSD,short,2023-05-28,2023-05-28,-33.62873388496674,-0.03362873388496674,5,trail_stop,0.00031281179932838264,244.1749055050029
BTCUSD,short,2023-05-29,2023-05-31,9.457533033715142,0.009457533033715142,12,time_stop,0.00046502176005319836,310.1474244184101
BTCUSD,long,2023-06-10,2023-06-12,-21.080556328975298,-0.0210805563289753,12,time_stop,-0.0004947757115207284,301.0785630292939
BTCUSD,short,2023-06-17,2023-06-19,1.4489835565193416,0.0014489835565193417,12,time_stop,0.00026864005181046293,348.33656542896796
BTCUSD,short,2023-06-21,2023-06-23,-24.031820158321597,-0.024031820158321598,12,time_stop,1.6334213904258926e-05,494.7056578411654
BTCUSD,short,2023-07-03,2023-07-05,-4.440273237567101,-0.0044402732375671,12,time_stop,0.0010108459357564235,318.49777946579604
BTCUSD,short,2023-07-05,2023-07-07,23.83391050289272,0.02383391050289272,12,time_stop,6.808911730841859e-05,293.86923256610953
BTCUSD,long,2023-07-07,2023-07-09,4.515192598014739,0.004515192598014739,12,time_stop,-0.00019799195863689673,380.5353822273939
BTCUSD,short,2023-07-13,2023-07-15,19.23848712304202,0.01923848712304202,12,time_stop,0.00026760211900328317,307.0250022574372
BTCUSD,long,2023-07-24,2023-07-26,8.895628147809653,0.008895628147809653,12,time_stop,-0.00015401772279539968,270.0505773159723
BTCUSD,long,2023-07-26,2023-07-28,-1.8128845360218888,-0.0018128845360218888,12,time_stop,-6.958207945532581e-05,228.866749965516
BTCUSD,long,2023-08-01,2023-08-03,11.227534689982095,0.011227534689982095,12,time_stop,-0.0001351853680674728,207.81646877790834
BTCUSD,long,2023-08-03,2023-08-05,-1.3026068796124706,-0.0013026068796124705,12,time_stop,-1.8873824543271836e-05,258.34642898314974
BTCUSD,short,2023-08-08,2023-08-10,1.6562116178259934,0.0016562116178259934,12,time_stop,0.00027757732559583414,193.11470002325586
BTCUSD,long,2023-08-16,2023-08-17,-28.97002182202121,-0.02897002182202121,4,trail_stop,-0.00013971246447277568,173.43699971989867
BTCUSD,long,2023-08-18,2023-08-20,-12.167804831518362,-0.012167804831518362,12,time_stop,-0.00038811256343813027,471.7856372050119
BTCUSD,short,2023-08-29,2023-08-31,17.530016938847254,0.017530016938847252,12,time_stop,3.865818498359879e-05,273.47861230271576
BTCUSD,long,2023-09-06,2023-09-08,19.924986157489418,0.019924986157489416,12,time_stop,-0.00016241674594312763,184.62057765558555
BTCUSD,long,2023-09-11,2023-09-11,-23.672951446153192,-0.023672951446153192,2,trail_stop,-1.2188815200578332e-05,178.51707818280948
BTCUSD,short,2023-09-13,2023-09-15,-4.005655400747512,-0.004005655400747512,12,time_stop,3.2765400729304234e-05,331.8638197095167
BTCUSD,short,2023-09-15,2023-09-17,-4.95741025905917,-0.00495741025905917,12,time_stop,0.00011623776163514738,283.85418680587406
BTCUSD,short,2023-09-17,2023-09-18,-26.00365411755314,-0.02600365411755314,3,trail_stop,0.000128009946430769,188.03548701056954
BTCUSD,short,2023-09-18,2023-09-20,2.3588528721382676,0.0023588528721382677,12,time_stop,8.279665321317701e-05,233.64754905531254
BTCUSD,short,2023-09-30,2023-10-01,-39.068444246762624,-0.039068444246762625,6,trail_stop,0.00013226721230643576,204.68813692587915
BTCUSD,short,2023-10-02,2023-10-04,23.935558032929737,0.023935558032929738,12,time_stop,9.746156582697153e-05,273.9633884022284
BTCUSD,short,2023-10-04,2023-10-06,-8.007575296212545,-0.008007575296212545,12,time_stop,0.00019059147889415466,301.37658476083595
BTCUSD,short,2023-10-06,2023-10-08,-0.3198104544145193,-0.00031981045441451927,12,time_stop,0.0005000327470780056,325.8811534944844
BTCUSD,long,2023-10-10,2023-10-12,-27.930649801362073,-0.027930649801362072,12,trail_stop,-5.675235516807396e-05,235.1467261662122
BTCUSD,long,2023-10-12,2023-10-14,5.034304540827966,0.0050343045408279665,12,time_stop,-5.444271773187299e-05,248.86170607409235
BTCUSD,long,2023-10-14,2023-10-16,60.80690113583431,0.06080690113583431,12,time_stop,-3.955285062957271e-05,179.74688789484662
BTCUSD,short,2023-10-19,2023-10-20,-41.64743533588435,-0.04164743533588435,5,trail_stop,7.577560970212353e-05,333.32330566371473
BTCUSD,short,2023-10-22,2023-10-23,-36.50790338035088,-0.036507903380350884,8,trail_stop,0.00011644486637115608,382.51931896575775
BTCUSD,short,2023-10-23,2023-10-23,-56.30186437607139,-0.056301864376071396,1,trail_stop,0.0007582195094469723,443.3347762623538
BTCUSD,short,2023-10-24,2023-10-26,-22.30113122711559,-0.02230113122711559,12,time_stop,9.00062945412511e-05,854.5901897364176
BTCUSD,short,2023-10-26,2023-10-28,16.248214819325863,0.016248214819325865,12,time_stop,6.775224183207343e-05,772.7583858293116
BTCUSD,short,2023-11-02,2023-11-04,-4.549905643612251,-0.004549905643612251,12,time_stop,0.0002647613178502202,526.4701591340232
BTCUSD,short,2023-11-05,2023-11-07,9.822671582261119,0.00982267158226112,12,time_stop,0.0003391549154755325,427.532763572456
BTCUSD,short,2023-11-08,2023-11-09,-35.750625312507786,-0.035750625312507785,5,trail_stop,5.077086423373781e-05,412.1694290302484
BTCUSD,short,2023-11-09,2023-11-11,0.48746170410234485,0.00048746170410234486,12,time_stop,0.00031116448820291446,547.2240216281992
BTCUSD,long,2023-11-14,2023-11-16,16.696817981599736,0.016696817981599735,12,trail_stop,-0.0002448483633874615,559.2791645559848
BTCUSD,short,2023-11-19,2023-11-21,43.334558874063674,0.04333455887406367,12,time_stop,1.426603966983613e-05,447.6439474901449
BTCUSD,short,2023-11-22,2023-11-24,-9.33037901272511,-0.00933037901272511,12,time_stop,0.00041318299934062837,593.2512952100006
BTCUSD,short,2023-11-25,2023-11-27,13.291098181953846,0.013291098181953846,12,time_stop,9.255920247486189e-05,490.0839195142424
BTCUSD,short,2023-11-28,2023-11-30,9.155180129890317,0.009155180129890316,12,time_stop,4.518911066785634e-05,413.4209154866837
BTCUSD,short,2023-12-01,2023-12-03,-24.044269165028435,-0.024044269165028435,12,time_stop,0.000301854673691267,421.00095947354015
BTCUSD,short,2023-12-03,2023-12-04,-25.29377305580329,-0.025293773055803288,3,trail_stop,0.0002723973423678404,374.33977996879526
BTCUSD,short,2023-12-04,2023-12-05,-57.69741672921376,-0.05769741672921375,9,trail_stop,0.00024111552758762178,491.1083495337555
BTCUSD,long,2023-12-11,2023-12-13,38.8360802340237,0.0388360802340237,12,time_stop,-5.755456641164401e-05,744.444737802583
BTCUSD,long,2023-12-15,2023-12-17,-3.7708031366431625,-0.0037708031366431626,12,time_stop,-0.0009671377174605574,758.9398803370897
BTCUSD,short,2023-12-19,2023-12-21,-14.564893895446431,-0.014564893895446431,12,time_stop,0.00033705040818009664,663.1425481567787
BTCUSD,short,2023-12-21,2023-12-23,3.2312926257371895,0.0032312926257371893,12,time_stop,0.00025141143587586133,635.3518896858724
BTCUSD,long,2023-12-27,2023-12-29,10.129902475500606,0.010129902475500606,12,time_stop,-0.00011500262540809004,517.2498268169837
BTCUSD,long,2023-12-30,2024-01-01,27.040080613947822,0.02704008061394782,12,time_stop,-0.0001193133564329409,553.7091526177664
BTCUSD,short,2024-01-01,2024-01-03,30.608375423589408,0.030608375423589407,12,time_stop,0.00025607389695457957,527.4662441755374
BTCUSD,short,2024-01-04,2024-01-06,0.5264533662446451,0.0005264533662446451,12,time_stop,1.8338630726090252e-05,884.7066113855453
BTCUSD,short,2024-01-07,2024-01-08,-67.51910171009915,-0.06751910171009914,9,trail_stop,0.00016277600629495292,680.941633086927
BTCUSD,short,2024-01-08,2024-01-10,5.932522293741167,0.005932522293741167,12,time_stop,0.00011497876565456377,840.1668358453828
BTCUSD,long,2024-01-13,2024-01-15,-2.3639982656898226,-0.0023639982656898225,12,time_stop,-4.250635280200467e-05,1236.1227339634218
BTCUSD,long,2024-01-16,2024-01-18,-9.057217989028675,-0.009057217989028676,12,time_stop,-5.1221969351616475e-05,723.9333116563052
BTCUSD,long,2024-01-18,2024-01-19,-41.313641697314196,-0.0413136416973142,6,trail_stop,-0.00019732582674459817,570.3560782307275
BTCUSD,long,2024-01-19,2024-01-21,-2.6148489158838704,-0.0026148489158838704,12,time_stop,-0.00012247027694804304,720.6843619202168
BTCUSD,short,2024-01-26,2024-01-28,5.615853928789158,0.005615853928789158,12,time_stop,0.0002690405058162184,626.6666315213984
BTCUSD,short,2024-01-29,2024-01-31,-8.84522026610794,-0.00884522026610794,12,time_stop,0.00041645305670221563,532.0582751836878
BTCUSD,short,2024-02-07,2024-02-08,-43.57810065353969,-0.043578100653539696,5,trail_stop,0.0005141658724686468,446.0639759011297
BTCUSD,short,2024-02-08,2024-02-09,-42.537273969578074,-0.04253727396957807,4,trail_stop,0.0004260392917349782,486.7204147978514
BTCUSD,short,2024-02-09,2024-02-11,-26.299937715734735,-0.026299937715734734,12,time_stop,0.0004281923060353326,644.5138560851751
BTCUSD,short,2024-02-12,2024-02-14,-33.90623130514495,-0.033906231305144946,9,trail_stop,0.0002172740378186382,732.4004456615437
BTCUSD,short,2024-02-14,2024-02-16,-6.68894585418242,-0.00668894585418242,12,time_stop,0.00017289332753428588,831.7887121017139
BTCUSD,long,2024-02-22,2024-02-24,0.15722290920243898,0.00015722290920243897,12,time_stop,-0.00030443515523455387,703.8809925531522
BTCUSD,short,2024-02-26,2024-02-27,-38.76918212386193,-0.038769182123861934,4,trail_stop,0.00032065600069768133,654.837073194828
BTCUSD,short,2024-02-27,2024-02-28,-75.37798056211923,-0.07537798056211924,6,trail_stop,0.0005568860796836622,844.1674272954118
BTCUSD,short,2024-02-29,2024-03-02,-13.098049996794964,-0.013098049996794965,12,time_stop,7.52844872477025e-06,1475.2952879870372
BTCUSD,short,2024-03-04,2024-03-06,31.111379583275998,0.031111379583276,12,time_stop,0.0005478669825695362,1235.0782770666926
BTCUSD,short,2024-03-07,2024-03-09,-12.528424834196034,-0.012528424834196035,12,time_stop,3.198742687974362e-05,1748.9830312423871
BTCUSD,short,2024-03-11,2024-03-13,-25.200289650007697,-0.025200289650007698,12,time_stop,0.0002859128696282784,1334.9927331459169
BTCUSD,long,2024-03-16,2024-03-18,34.62495623737033,0.03462495623737033,12,time_stop,-5.438983234491388e-06,1847.9564107845056
BTCUSD,long,2024-03-19,2024-03-21,11.353035659455779,0.011353035659455779,12,time_stop,-3.813648858641185e-05,1741.0900621291953
BTCUSD,long,2024-03-23,2024-03-25,58.45143533159225,0.05845143533159225,12,time_stop,-0.0005400001669081845,1747.2346260802174
BTCUSD,short,2024-03-25,2024-03-27,33.59682081513309,0.03359682081513309,12,time_stop,4.562303471562659e-06,1458.4604072951388
BTCUSD,short,2024-03-30,2024-04-01,9.800938996926824,0.009800938996926824,12,time_stop,0.00013115324654804382,957.132743908576
BTCUSD,long,2024-04-01,2024-04-02,-23.270201168669967,-0.023270201168669968,3,trail_stop,-0.0004552980017580773,928.9015376340599
BTCUSD,long,2024-04-02,2024-04-04,-7.391383140178972,-0.007391383140178971,12,time_stop,-0.0002641604582157434,1179.7198046742603
BTCUSD,short,2024-04-09,2024-04-11,9.846859914939834,0.009846859914939835,12,time_stop,3.82324102414726e-05,1083.3575323451369
BTCUSD,short,2024-04-12,2024-04-14,88.35864531399473,0.08835864531399473,12,time_stop,0.0004984493172087588,1100.1146574992747
BTCUSD,long,2024-04-14,2024-04-16,-18.2918452134495,-0.0182918452134495,12,time_stop,-0.00034270078256225375,1694.9609404094879
BTCUSD,long,2024-04-16,2024-04-18,11.42159132590271,0.011421591325902711,12,time_stop,-3.97913777445818e-05,1743.6760991739955
BTCUSD,short,2024-04-22,2024-04-24,37.933674433958494,0.037933674433958495,12,time_stop,0.000255795782355679,1133.6519326213363
BTCUSD,long,2024-04-30,2024-05-01,-62.113898113103645,-0.062113898113103645,5,trail_stop,-0.000331916218060842,989.1577205211736
BTCUSD,long,2024-05-01,2024-05-03,90.18893058622284,0.09018893058622283,12,time_stop,-0.00020677008014497331,1431.9834245009836
BTCUSD,long,2024-05-11,2024-05-13,33.0988102650411,0.0330988102650411,12,time_stop,-0.00030780092923323707,901.0988477833307
BTCUSD,short,2024-05-15,2024-05-17,-39.68579382798655,-0.03968579382798655,12,time_stop,0.0002491809528018991,919.6663507696315
BTCUSD,short,2024-05-17,2024-05-19,14.526185312687716,0.014526185312687715,12,time_stop,0.0001782515762818783,977.76707540139
BTCUSD,short,2024-05-19,2024-05-20,-58.70767317316386,-0.05870767317316386,5,trail_stop,1.0103734951726019e-05,723.0029401565853
BTCUSD,short,2024-05-20,2024-05-22,31.667163588296265,0.031667163588296264,12,time_stop,0.0005202601097802947,1016.4702383087437
BTCUSD,short,2024-05-27,2024-05-29,42.37184465597555,0.04237184465597555,12,time_stop,0.00047548931731233,845.9656363344686
BTCUSD,short,2024-06-03,2024-06-05,-23.717685272561827,-0.023717685272561826,10,trail_stop,0.00041132597442666667,769.5487637531118
BTCUSD,short,2024-06-05,2024-06-07,-11.531113894065294,-0.011531113894065295,12,time_stop,0.0001396467568116721,791.4001941712739
BTCUSD,short,2024-06-07,2024-06-09,21.44416199080865,0.02144416199080865,12,time_stop,3.600900943519076e-05,752.4675636943448
BTCUSD,long,2024-06-11,2024-06-13,12.419832467358695,0.012419832467358696,12,time_stop,-0.0008402418343115432,680.6794054898772
BTCUSD,long,2024-06-18,2024-06-20,8.661983267374046,0.008661983267374046,12,time_stop,-0.0003667106759935912,827.4909516872933
BTCUSD,long,2024-06-21,2024-06-23,2.7735342860183434,0.0027735342860183434,12,time_stop,-0.0006102779837633657,754.7681970515295
BTCUSD,long,2024-06-24,2024-06-26,8.882816403163623,0.008882816403163624,12,time_stop,-0.0002129991745964533,889.9162433478571
BTCUSD,short,2024-06-30,2024-07-02,10.130555548984045,0.010130555548984045,12,time_stop,0.00011106022333996253,645.725951915572
BTCUSD,long,2024-07-03,2024-07-04,-32.69064560973694,-0.03269064560973694,4,trail_stop,-0.00025745467135598345,787.9475899135452
BTCUSD,long,2024-07-06,2024-07-08,-14.254711645959778,-0.014254711645959778,12,time_stop,-0.0002838567736387508,1203.1602439727646
BTCUSD,short,2024-07-14,2024-07-15,-54.758067468175696,-0.05475806746817569,6,trail_stop,0.00020078114417205296,888.8710848543337
BTCUSD,short,2024-07-15,2024-07-17,-53.26473962020501,-0.05326473962020501,10,trail_stop,0.0003390703445985049,946.3917295110217
BTCUSD,short,2024-07-18,2024-07-19,-36.63259394844969,-0.03663259394844969,10,trail_stop,0.0002814902921815472,1074.1198814808179
BTCUSD,short,2024-07-19,2024-07-21,-23.724946614625118,-0.02372494661462512,12,time_stop,0.00031943882876957186,1074.126203937355
BTCUSD,short,2024-07-22,2024-07-24,26.477124632937443,0.026477124632937443,12,time_stop,0.00019410666107761137,904.4455247038513
BTCUSD,short,2024-07-26,2024-07-28,-8.634142616300965,-0.008634142616300964,12,time_stop,0.0002028054513787072,994.9192423052492
BTCUSD,short,2024-07-29,2024-07-31,47.28584776725485,0.04728584776725485,12,time_stop,0.0001634288783605649,986.9581251459632
BTCUSD,long,2024-07-31,2024-08-01,-49.47928278669967,-0.04947928278669967,7,trail_stop,-0.0008905638330988759,977.2343333267573
BTCUSD,long,2024-08-01,2024-08-02,-31.68241917674245,-0.03168241917674245,7,trail_stop,-0.00039073911535781334,1087.5068936866353
BTCUSD,long,2024-08-03,2024-08-05,-129.04807509044142,-0.12904807509044142,12,trail_stop,-0.0002478677702861374,1368.7713315523265
BTCUSD,short,2024-08-12,2024-08-14,-24.935625213008578,-0.02493562521300858,12,time_stop,0.0001637992228715657,1192.0233205244435
BTCUSD,short,2024-08-21,2024-08-23,-34.168407942551255,-0.03416840794255126,12,trail_stop,0.0003950661154511055,1063.664270489136
BTCUSD,short,2024-08-24,2024-08-26,-4.68673611245805,-0.00468673611245805,12,time_stop,0.0002097289312507337,1066.1133589305243
BTCUSD,long,2024-09-06,2024-09-08,-26.408417856616953,-0.026408417856616954,12,time_stop,-4.233860688241238e-05,970.2953987295292
BTCUSD,short,2024-09-14,2024-09-16,20.215909536179083,0.020215909536179084,12,time_stop,0.000612712487971782,826.3923662258078
BTCUSD,short,2024-09-16,2024-09-17,-43.21612158086171,-0.04321612158086171,7,trail_stop,0.00018975742167387592,721.4133964090626
BTCUSD,short,2024-09-20,2024-09-22,6.800890406539058,0.006800890406539058,12,time_stop,2.8783571359266782e-05,948.1657955120701
BTCUSD,short,2024-09-22,2024-09-24,-18.827152947599,-0.018827152947599,12,time_stop,0.00025318547873867295,670.6763824294394
BTCUSD,short,2024-09-27,2024-09-29,-7.630097738625783,-0.007630097738625783,12,time_stop,6.930529407401099e-06,814.279498743509
BTCUSD,short,2024-09-29,2024-10-01,47.08804248885625,0.04708804248885625,12,time_stop,9.061722061460192e-05,572.420411847717
BTCUSD,long,2024-10-01,2024-10-03,-1.6892421733306564,-0.0016892421733306563,12,time_stop,-8.69553770548151e-05,881.5821239443279
BTCUSD,short,2024-10-14,2024-10-16,-46.681218356347095,-0.046681218356347094,12,trail_stop,0.00012647564580528002,775.9825898192125
BTCUSD,short,2024-10-16,2024-10-18,-15.518839572928641,-0.015518839572928642,12,time_stop,0.00022697665608682808,1020.5827526214312
BTCUSD,short,2024-10-20,2024-10-22,14.503401540976041,0.01450340154097604,12,time_stop,0.0003897592545008706,546.1115599636474
BTCUSD,short,2024-10-28,2024-10-29,-32.854350451577886,-0.032854350451577884,4,trail_stop,0.0001523753322345765,668.0968990750969
BTCUSD,short,2024-10-29,2024-10-31,-20.528221114001976,-0.020528221114001977,12,time_stop,8.568545235736527e-06,805.5538361030552
BTCUSD,short,2024-11-06,2024-11-08,-22.258783252076892,-0.02225878325207689,12,time_stop,0.0002406227413878043,1411.1779993981227
BTCUSD,short,2024-11-08,2024-11-10,-46.86203809006256,-0.04686203809006256,11,trail_stop,0.0001709810216507383,1171.3136528251823
BTCUSD,short,2024-11-11,2024-11-11,-63.93195609931787,-0.06393195609931787,3,trail_stop,4.685731337345921e-05,1332.360996249692
BTCUSD,short,2024-11-11,2024-11-13,-19.72995281834451,-0.019729952818344512,12,time_stop,0.0003531472906188722,1707.0167199575042
BTCUSD,short,2024-11-18,2024-11-20,-27.077899130661756,-0.027077899130661755,12,time_stop,0.0003922770929992417,1761.6160033867031
BTCUSD,short,2024-11-20,2024-11-22,-50.23214326207543,-0.05023214326207543,7,trail_stop,0.0007129056030242054,1536.2332470493775
BTCUSD,short,2024-11-22,2024-11-24,7.481096322093953,0.0074810963220939535,12,time_stop,0.00011654417298451877,1657.693565731227
BTCUSD,short,2024-12-05,2024-12-07,-11.802163372469225,-0.011802163372469225,12,time_stop,8.913070598124626e-05,1942.137321935406
BTCUSD,short,2024-12-08,2024-12-10,41.94531066082346,0.04194531066082346,12,time_stop,0.00020719456813154475,1598.6223915773767
BTCUSD,short,2024-12-14,2024-12-16,-32.0082042570901,-0.0320082042570901,12,time_stop,0.0001745544924706815,1470.3091456023521
BTCUSD,short,2024-12-16,2024-12-18,17.348588178406985,0.017348588178406985,12,time_stop,2.29058495551665e-05,1505.597760951685
BTCUSD,long,2024-12-20,2024-12-22,-17.33071197978064,-0.01733071197978064,12,time_stop,-0.00018295153446095338,2053.706271799368
BTCUSD,long,2024-12-22,2024-12-24,30.26068895026807,0.03026068895026807,12,time_stop,-0.0002166106617344158,1901.2921366503224
BTCUSD,long,2024-12-30,2025-01-01,18.587620415084483,0.018587620415084483,12,time_stop,-0.00011872041141363748,1460.260659516158
BTCUSD,short,2025-01-02,2025-01-04,-9.854476440009664,-0.009854476440009665,12,time_stop,0.00025575257860575433,1284.668174206425
BTCUSD,short,2025-01-04,2025-01-06,-41.08952652923033,-0.041089526529230334,10,trail_stop,0.00012085988523519983,982.7458041327313
BTCUSD,short,2025-01-15,2025-01-17,-42.97862428705731,-0.04297862428705731,11,trail_stop,0.0002365038797690953,1545.4961391739587
BTCUSD,short,2025-01-17,2025-01-19,-3.5846776987937736,-0.003584677698793774,12,time_stop,6.436077760565076e-05,1550.6249882798222
BTCUSD,short,2025-01-20,2025-01-20,-63.443587827664416,-0.06344358782766442,2,trail_stop,0.00018335943453855191,2005.0678999021125
BTCUSD,long,2025-01-27,2025-01-29,5.484062579280849,0.005484062579280849,12,time_stop,-0.0007310132182519446,1486.4721441565628
BTCUSD,long,2025-02-02,2025-02-03,-52.05983128371276,-0.05205983128371276,6,trail_stop,-6.344775638997475e-05,1367.750238396464
BTCUSD,long,2025-02-11,2025-02-13,5.468607453346731,0.005468607453346731,12,time_stop,-0.00017774162451409802,1182.3767332323937
BTCUSD,long,2025-02-18,2025-02-20,45.77286669101918,0.04577286669101918,12,time_stop,-0.0005814264279664231,1002.6208751726492
BTCUSD,short,2025-02-21,2025-02-23,16.1898782051653,0.0161898782051653,12,time_stop,6.253593471048762e-06,929.7057433725121
BTCUSD,long,2025-02-24,2025-02-25,-54.31618643873146,-0.054316186438731456,4,trail_stop,-0.00023375498212841933,941.0069540534071
BTCUSD,long,2025-02-26,2025-02-26,-55.57804018923852,-0.05557804018923852,3,trail_stop,-3.139084862704462e-05,1609.4308570697513
BTCUSD,long,2025-02-27,2025-02-28,-57.01848479524891,-0.05701848479524891,6,trail_stop,-1.2829513036255956e-05,1947.9096576463653
BTCUSD,long,2025-02-28,2025-03-02,88.45926811061526,0.08845926811061526,12,time_stop,-6.1179407135913434e-06,2200.4360785738327
BTCUSD,short,2025-03-06,2025-03-08,58.37210382641908,0.05837210382641908,12,time_stop,0.00012867871572426253,2371.0446594191626
BTCUSD,long,2025-03-10,2025-03-12,20.540002220088812,0.020540002220088813,12,time_stop,-0.00021282740892630448,2165.98042509798
BTCUSD,short,2025-03-19,2025-03-21,13.376150583868622,0.013376150583868622,12,time_stop,0.00025828354875576,1149.0263080964505
BTCUSD,short,2025-03-23,2025-03-25,-16.693358244996176,-0.016693358244996175,12,time_stop,0.00045612220064549,810.2191004541448
BTCUSD,short,2025-03-26,2025-03-28,3.650826538923857,0.003650826538923857,12,time_stop,0.00020457557250917204,982.4864960101473
BTCUSD,long,2025-03-31,2025-04-02,-1.2402626653575874,-0.0012402626653575874,12,trail_stop,-0.0002525232227133759,1027.848783194393
BTCUSD,long,2025-04-03,2025-04-05,9.413232666927561,0.00941323266692756,12,time_stop,-0.0004358878258443096,1451.5216011809534
BTCUSD,short,2025-04-15,2025-04-17,11.415872792638211,0.01141587279263821,12,time_stop,0.00017749409508006762,1324.3253031342251
BTCUSD,short,2025-04-17,2025-04-19,-8.721965680379894,-0.008721965680379893,12,time_stop,5.496649038347969e-05,1153.2863241842483
BTCUSD,short,2025-04-19,2025-04-21,-24.669309340867642,-0.024669309340867644,9,trail_stop,0.00019091368811968224,743.5360261017435
BTCUSD,short,2025-04-21,2025-04-22,-41.34799165902155,-0.04134799165902155,8,trail_stop,6.781137152681393e-05,779.7013126040234
BTCUSD,short,2025-04-23,2025-04-25,2.801863909223917,0.002801863909223917,12,time_stop,0.00041291783117243,1214.143396999538
BTCUSD,short,2025-05-01,2025-05-03,1.2106524498972613,0.0012106524498972614,12,time_stop,1.1727136072946969e-05,1017.1847225247561
BTCUSD,short,2025-05-03,2025-05-05,26.78674048341395,0.02678674048341395,12,time_stop,0.00046064752117932735,876.3028578903674
BTCUSD,short,2025-05-06,2025-05-08,-24.73438016673168,-0.024734380166731677,7,trail_stop,0.00011748127292340509,1006.1692301876393
BTCUSD,short,2025-05-08,2025-05-08,-39.63971459043337,-0.03963971459043337,3,trail_stop,0.00025301581819897975,1035.3992979759387
BTCUSD,short,2025-05-09,2025-05-11,-16.032369916977316,-0.016032369916977315,12,time_stop,0.00020498556088481627,1246.4561705927417
BTCUSD,short,2025-05-11,2025-05-13,6.303661825291964,0.006303661825291964,12,time_stop,7.767197580309555e-05,1177.6438746238764
BTCUSD,short,2025-05-18,2025-05-20,0.8145958275852325,0.0008145958275852325,12,time_stop,0.0008588929697305771,927.8103252613837
BTCUSD,short,2025-05-20,2025-05-22,-45.756712014375374,-0.045756712014375374,8,trail_stop,3.000403635923865e-05,1378.009387721214
BTCUSD,short,2025-05-22,2025-05-24,20.435989333911348,0.020435989333911348,12,time_stop,0.00038217308077999725,1664.4543870623415
BTCUSD,short,2025-05-26,2025-05-28,6.123791642287724,0.006123791642287724,12,time_stop,0.0003738157519514565,1423.7674124950056
BTCUSD,long,2025-05-30,2025-06-01,-16.051532736165687,-0.016051532736165688,12,time_stop,-4.5731582132543314e-05,1346.3759863237453
BTCUSD,long,2025-06-01,2025-06-03,10.916514851273865,0.010916514851273864,12,time_stop,-6.316012702601035e-05,1048.900468052767
BTCUSD,long,2025-06-03,2025-06-05,-34.236549589044756,-0.034236549589044755,11,trail_stop,-0.00023008846831617578,1070.533695139671
BTCUSD,long,2025-06-05,2025-06-07,39.061300304725606,0.039061300304725606,12,time_stop,-0.00022150659329839097,1181.1607940082106
BTCUSD,short,2025-06-08,2025-06-09,-22.62409274996718,-0.02262409274996718,6,trail_stop,0.00011600110225732589,822.3500683986614
BTCUSD,short,2025-06-10,2025-06-12,14.012276399240447,0.014012276399240447,12,time_stop,0.00020292330021793264,988.8750804607985
BTCUSD,short,2025-06-16,2025-06-18,44.03257810715373,0.04403257810715373,12,time_stop,0.00019152124111063092,1051.623752006912
BTCUSD,long,2025-06-21,2025-06-22,-33.54800775682783,-0.03354800775682783,5,trail_stop,-0.00019111141120185067,1033.5119033142519
BTCUSD,short,2025-06-26,2025-06-28,4.421598931865207,0.004421598931865207,12,time_stop,0.0004498187848252965,1259.5391815067383
BTCUSD,short,2025-07-02,2025-07-04,9.834591847527225,0.009834591847527226,12,time_stop,0.0003116933505308716,917.0322698324514
BTCUSD,short,2025-07-06,2025-07-08,5.070515573385972,0.005070515573385972,12,time_stop,1.5914557248327225e-05,656.0669622477143
BTCUSD,short,2025-07-09,2025-07-10,-38.819888770485434,-0.038819888770485436,7,trail_stop,0.00015837819139621553,942.7760838266223
BTCUSD,short,2025-07-11,2025-07-13,-8.323785367627254,-0.008323785367627254,12,time_stop,0.00018961341674565458,1354.9592032244532
BTCUSD,short,2025-07-14,2025-07-16,4.745484242087447,0.004745484242087448,12,time_stop,0.00018437182787113684,1354.4739577185087
BTCUSD,long,2025-07-25,2025-07-27,23.15410124859952,0.02315410124859952,12,time_stop,-0.00015303015362396407,1393.2741711591077
BTCUSD,long,2025-07-30,2025-08-01,-17.109627754731672,-0.017109627754731672,9,trail_stop,-0.00013564173218870947,1111.539270538639
BTCUSD,long,2025-08-01,2025-08-03,7.548439033547305,0.007548439033547304,12,time_stop,-7.064249512034765e-05,1358.8695506276235
BTCUSD,long,2025-08-04,2025-08-06,-10.024180268220235,-0.010024180268220235,12,time_stop,-0.00016431806594780347,1056.5639933400382
BTCUSD,long,2025-08-06,2025-08-08,22.065148556233563,0.022065148556233562,12,time_stop,-0.00039891030616303366,1045.218994084051
BTCUSD,short,2025-08-09,2025-08-10,-21.749245950855297,-0.021749245950855298,8,trail_stop,0.0001651149253090734,907.0573068149989
BTCUSD,short,2025-08-12,2025-08-13,-29.538249550750056,-0.029538249550750056,8,trail_stop,0.0004188402547382695,1148.8679707794463
BTCUSD,short,2025-08-14,2025-08-16,47.58662482288991,0.04758662482288991,12,time_stop,0.0010990877174271718,1251.416240470636
BTCUSD,long,2025-08-19,2025-08-21,-9.51447530860516,-0.00951447530860516,12,time_stop,-0.00022188834151216975,1164.6462158810957
BTCUSD,long,2025-08-25,2025-08-27,0.14221734743560974,0.00014221734743560973,12,time_stop,-9.414183485695552e-05,1292.1561397851501
BTCUSD,long,2025-08-27,2025-08-29,-33.76643390802792,-0.03376643390802792,11,trail_stop,-0.00012701893463451782,1326.508073379067
BTCUSD,long,2025-08-29,2025-08-31,-2.09988247817081,-0.00209988247817081,12,time_stop,-0.0001897579835387677,1351.5844358191264
BTCUSD,short,2025-09-05,2025-09-07,18.79204854721014,0.01879204854721014,12,time_stop,0.0002339387475808618,1220.7041008341077
BTCUSD,short,2025-09-08,2025-09-10,-11.928709335313597,-0.011928709335313597,12,trail_stop,0.00012561191655906096,846.8750111547188
BTCUSD,short,2025-09-10,2025-09-12,-28.03990640255645,-0.02803990640255645,12,trail_stop,0.000634753657293944,989.6818903577703
BTCUSD,short,2025-09-13,2025-09-15,3.5401999068291237,0.0035401999068291235,12,time_stop,0.00032363842067850126,800.2996093470309
BTCUSD,short,2025-09-16,2025-09-18,-3.402288893629199,-0.003402288893629199,12,time_stop,0.00041041865082332737,797.0198225823895
BTCUSD,long,2025-09-23,2025-09-25,-21.418629122414085,-0.021418629122414084,12,trail_stop,-0.00020043530516313738,914.2194856090337
BTCUSD,short,2025-10-01,2025-10-01,-26.302444568304935,-0.026302444568304936,2,trail_stop,0.00029232237937097856,865.5183492314771
BTCUSD,short,2025-10-01,2025-10-02,-30.06166896804689,-0.030061668968046892,6,trail_stop,0.0003566646738767367,1027.9622497308878
BTCUSD,short,2025-10-03,2025-10-05,-29.388683227074427,-0.029388683227074427,10,trail_stop,4.846663741793898e-05,1037.5975095877477
BTCUSD,short,2025-10-05,2025-10-07,6.816407296883051,0.006816407296883051,12,time_stop,2.6807221590569843e-05,1203.2677735886766
BTCUSD,long,2025-10-10,2025-10-10,-51.433714694730064,-0.051433714694730064,2,trail_stop,-0.0003837935692888358,1551.1042913288654
BTCUSD,long,2025-10-18,2025-10-20,33.935277591590186,0.033935277591590186,12,time_stop,-0.00028842995122881857,1560.4220194164052
BTCUSD,short,2025-10-25,2025-10-26,-32.635746207195695,-0.03263574620719569,11,trail_stop,5.4161405161932676e-05,1380.8638864382071
BTCUSD,short,2025-10-27,2025-10-29,20.61441587857783,0.02061441587857783,12,time_stop,0.00022806213596718409,1155.1595825539393
BTCUSD,long,2025-10-30,2025-11-01,34.1035156223248,0.0341035156223248,12,time_stop,-0.00023175792946238282,1655.9092920680341
BTCUSD,short,2025-11-10,2025-11-12,24.772795358052285,0.024772795358052286,12,time_stop,7.172988425105313e-05,1395.9147417099325
BTCUSD,long,2025-11-14,2025-11-16,-6.73537975444117,-0.00673537975444117,12,time_stop,-0.0005344443121279635,1817.808885346031
BTCUSD,long,2025-11-16,2025-11-18,-40.894063670665126,-0.04089406367066513,9,trail_stop,-0.0004873547890876167,1467.1850343770827
BTCUSD,long,2025-11-24,2025-11-26,8.950159849790973,0.008950159849790973,12,time_stop,-2.8543803167851143e-06,1650.1144512546923
BTCUSD,short,2025-11-27,2025-11-29,3.412770706923292,0.003412770706923292,12,time_stop,6.139556352237907e-05,1577.125460347091
BTCUSD,short,2025-11-30,2025-12-02,42.896374887944106,0.04289637488794411,12,time_stop,6.981899797709238e-05,977.0357656049224
BTCUSD,short,2025-12-02,2025-12-04,-24.62818229752249,-0.024628182297522488,12,time_stop,0.0006736420870325147,1467.041437768746
BTCUSD,long,2025-12-06,2025-12-08,6.802141147576794,0.006802141147576794,12,time_stop,-0.00011797026232927211,1158.0197690742236
BTCUSD,long,2025-12-12,2025-12-14,-18.162807450338303,-0.0181628074503383,12,time_stop,-3.774427269466436e-05,1469.3951435282768
BTCUSD,long,2025-12-15,2025-12-17,0.9208174311486883,0.0009208174311486884,12,time_stop,-0.0007852349453840747,1142.2702808772356
BTCUSD,short,2025-12-29,2025-12-31,18.027071621233155,0.018027071621233154,12,time_stop,0.0004968688760898961,749.8220614047663
BTCUSD,short,2026-01-01,2026-01-03,-21.777205010107217,-0.021777205010107218,12,time_stop,8.559018277370361e-05,699.8088850352367
BTCUSD,short,2026-01-04,2026-01-05,-30.704988225290997,-0.030704988225290997,9,trail_stop,0.0003652191384226611,785.0089644496456
BTCUSD,short,2026-01-05,2026-01-07,32.785278407600565,0.032785278407600565,12,time_stop,0.0001965297966886652,876.9209823864649
BTCUSD,short,2026-01-13,2026-01-14,-33.539296228185215,-0.03353929622818522,6,trail_stop,6.290745385638519e-05,949.24663659447
BTCUSD,short,2026-01-14,2026-01-16,13.755215914639862,0.013755215914639862,12,time_stop,0.00040574366614640775,1151.247658459782
BTCUSD,long,2026-01-30,2026-01-31,-65.40631801178284,-0.06540631801178284,8,trail_stop,-2.663382938727117e-05,1406.8468958543717
BTCUSD,long,2026-01-31,2026-02-02,-0.49424203525396837,-0.0004942420352539684,12,time_stop,-0.0001763790708923882,1796.7832754197925
BTCUSD,long,2026-02-16,2026-02-18,1.5338936917106805,0.0015338936917106804,12,time_stop,-0.00011688913130723569,1182.2422084510995
BTCUSD,long,2026-02-18,2026-02-20,21.40306387074479,0.021403063870744792,12,time_stop,-0.00038056704378117183,1175.0995562890018
BTCUSD,long,2026-02-23,2026-02-25,50.99607794111101,0.05099607794111101,12,time_stop,-0.0001515921691995119,1016.5214411773077
BTCUSD,short,2026-03-02,2026-03-04,-62.8177157483838,-0.0628177157483838,12,trail_stop,6.774550689460959e-05,1535.0509363113524
BTCUSD,short,2026-03-04,2026-03-06,74.11309309181635,0.07411309309181635,12,time_stop,0.0006286433249283283,1679.6403440011109
BTCUSD,short,2026-03-10,2026-03-12,7.184759833844914,0.007184759833844914,12,time_stop,0.00015480850072780756,1221.4561396089323
BTCUSD,short,2026-03-13,2026-03-15,4.610665265509683,0.004610665265509683,12,time_stop,0.0008044205255949507,1123.7862573961659
BTCUSD,short,2026-03-17,2026-03-19,60.46384109844424,0.06046384109844424,12,time_stop,3.941870379710582e-05,1103.4278190575749
BTCUSD,long,2026-03-27,2026-03-29,-28.057378292177233,-0.028057378292177235,12,time_stop,-0.0004012482577354146,1063.4399113732954
BTCUSD,long,2026-03-29,2026-03-31,2.128063673874997,0.0021280636738749974,12,time_stop,-9.474011627612071e-05,821.853996753537
BTCUSD,short,2026-04-06,2026-04-07,-41.73112872689756,-0.04173112872689756,11,trail_stop,0.0007015024108363835,715.0084313155012
BTCUSD,short,2026-04-08,2026-04-10,-28.020584363611547,-0.02802058436361155,12,time_stop,0.00010740062762417672,1068.7795788181145
BTCUSD,short,2026-04-10,2026-04-12,29.69314781684653,0.02969314781684653,12,time_stop,0.0003360576613898996,1006.8129552932407
BTCUSD,short,2026-04-13,2026-04-15,-5.9860857899874755,-0.005986085789987476,12,time_stop,0.00018236623417763537,975.2587236613348
BTCUSD,short,2026-04-16,2026-04-17,-42.17861659673029,-0.04217861659673029,8,trail_stop,0.00021578280088838575,945.8561027401666
BTCUSD,short,2026-04-17,2026-04-19,30.449869521079165,0.030449869521079167,12,time_stop,0.0002688381751493988,1101.3637049615916
BTCUSD,short,2026-04-22,2026-04-24,-0.16774644363517321,-0.00016774644363517322,12,time_stop,7.410858510317478e-05,1019.4577550823495
BTCUSD,long,2026-04-29,2026-05-01,32.32952828424766,0.032329528284247656,12,time_stop,-0.0003179109071265695,836.5452029159069
BTCUSD,short,2026-05-02,2026-05-04,-27.677094795149728,-0.027677094795149727,11,trail_stop,0.0001730037456024825,720.4288870757725
BTCUSD,short,2026-05-04,2026-05-05,-23.80252977780995,-0.02380252977780995,8,trail_stop,0.0004991321448765783,748.616786063518
BTCUSD,short,2026-05-05,2026-05-07,16.857669835956372,0.016857669835956372,12,time_stop,0.0008565539273767626,861.1623913132357
BTCUSD,short,2026-05-10,2026-05-12,19.971760655023754,0.019971760655023756,12,time_stop,0.00024292968668344553,706.5730731252985
BTCUSD,long,2026-05-13,2026-05-15,-7.369957786621342,-0.007369957786621342,12,time_stop,-4.808751314169205e-05,826.2038439037498
BTCUSD,long,2026-05-16,2026-05-18,-28.090218052360434,-0.028090218052360436,12,time_stop,-2.1784283691767953e-06,812.7584302079885
BTCUSD,long,2026-05-18,2026-05-20,8.511220091989609,0.008511220091989609,12,time_stop,-6.016096912902e-05,812.9484596168426
BTCUSD,long,2026-05-21,2026-05-22,-22.485697136651087,-0.022485697136651085,9,trail_stop,-0.0002527659609490108,728.5168041414266
BTCUSD,long,2026-05-23,2026-05-25,17.501437409387737,0.017501437409387737,12,time_stop,-0.00024575334025151146,726.5902724261866
BTCUSD,long,2026-05-26,2026-05-28,-37.61944807987506,-0.037619448079875065,8,trail_stop,-0.00014523107969717665,810.1735489798417
BTCUSD,long,2026-05-29,2026-05-31,10.203427744653853,0.010203427744653853,12,time_stop,-9.131695353076413e-05,824.7756438494208
BTCUSD,long,2026-06-01,2026-06-02,-54.966536834749824,-0.05496653683474982,6,trail_stop,-1.2538376893602384e-05,729.4037106755749
BTCUSD,long,2026-06-03,2026-06-04,-34.86731208314602,-0.034867312083146015,7,trail_stop,-0.0002173062905586002,1111.1491224921183
BTCUSD,long,2026-06-04,2026-06-06,-28.38522515494467,-0.02838522515494467,12,time_stop,-0.00023578370627677523,1339.151144885583
BTCUSD,short,2026-06-13,2026-06-15,-26.249951711340128,-0.026249951711340126,8,trail_stop,0.0001541330754661098,770.4716673730986
BTCUSD,short,2026-06-15,2026-06-17,1.4868206255044147,0.0014868206255044148,12,time_stop,4.852117259833861e-05,725.6414566024184
BTCUSD,short,2026-06-17,2026-06-19,37.82812931898006,0.03782812931898006,12,time_stop,6.706611915653028e-05,821.0794551445562
BTCUSD,short,2026-07-02,2026-07-04,-26.657411608900816,-0.026657411608900814,12,time_stop,1.7981921884444145e-05,992.7562776393738
BTCUSD,short,2026-07-04,2026-07-06,-10.8407182207613,-0.010840718220761299,12,time_stop,0.0001581544791442446,727.5323025933925
BTCUSD,short,2026-07-06,2026-07-08,22.232041387382594,0.022232041387382596,12,time_stop,1.1593997510617491e-05,781.9076887420987
